<?xml version="1.0" encoding="UTF-8" ?>
<!-- This is a WordPress eXtended RSS file generated by WordPress as an export of your site. -->
<!-- It contains information about your site's posts, pages, comments, categories, and other content. -->
<!-- You may use this file to transfer that content from one site to another. -->
<!-- This file is not intended to serve as a complete backup of your site. -->

<!-- To import this information into a WordPress site follow these steps: -->
<!-- 1. Log in to that site as an administrator. -->
<!-- 2. Go to Tools: Import in the WordPress admin panel. -->
<!-- 3. Install the "WordPress" importer from the list. -->
<!-- 4. Activate & Run Importer. -->
<!-- 5. Upload this file using the form provided on that page. -->
<!-- 6. You will first be asked to map the authors in this export file to users -->
<!--    on the site. For each author, you may choose to map to an -->
<!--    existing user on the site or to create a new user. -->
<!-- 7. WordPress will then import each of the posts, pages, comments, categories, etc. -->
<!--    contained in this file into your site. -->

<!-- generator="WordPress/3.9.3" created="2014-12-09 00:58" -->
<rss version="2.0"
	xmlns:excerpt="http://wordpress.org/export/1.2/excerpt/"
	xmlns:content="http://purl.org/rss/1.0/modules/content/"
	xmlns:wfw="http://wellformedweb.org/CommentAPI/"
	xmlns:dc="http://purl.org/dc/elements/1.1/"
	xmlns:wp="http://wordpress.org/export/1.2/"
>

<channel>
	<title>Rubbez</title>
	<link>http://demo.roadthemes.com/rubbez</link>
	<description>WordPress Theme</description>
	<pubDate>Tue, 09 Dec 2014 00:58:10 +0000</pubDate>
	<language>en-US</language>
	<wp:wxr_version>1.2</wp:wxr_version>
	<wp:base_site_url>http://demo.roadthemes.com/rubbez</wp:base_site_url>
	<wp:base_blog_url>http://demo.roadthemes.com/rubbez</wp:base_blog_url>

	<wp:author><wp:author_id>1</wp:author_id><wp:author_login>admin</wp:author_login><wp:author_email>demo@roadthemes.com</wp:author_email><wp:author_display_name><![CDATA[admin]]></wp:author_display_name><wp:author_first_name><![CDATA[John]]></wp:author_first_name><wp:author_last_name><![CDATA[Doe]]></wp:author_last_name></wp:author>


	<generator>http://wordpress.org/?v=3.9.3</generator>

	<item>
				<title>Menu Widget 1</title>
		<link>http://demo.roadthemes.com/rubbez/content_block/zara-spring/</link>
		<pubDate>Wed, 27 Aug 2014 03:40:38 +0000</pubDate>
		<dc:creator><![CDATA[admin]]></dc:creator>
		<guid isPermaLink="false">http://localhost/redux/?post_type=content_block&#038;p=177</guid>
		<description></description>
		<content:encoded><![CDATA[<a href="#"><img src="http://demo.roadthemes.com/rubbez/wp-content/uploads/2014/08/banner1-widget.jpg" alt="banner1-widget" width="414" height="178" class="alignnone size-full wp-image-1357" /></a>]]></content:encoded>
		<excerpt:encoded><![CDATA[]]></excerpt:encoded>
		<wp:post_id>177</wp:post_id>
		<wp:post_date>2014-08-27 03:40:38</wp:post_date>
		<wp:post_date_gmt>2014-08-27 03:40:38</wp:post_date_gmt>
		<wp:comment_status>closed</wp:comment_status>
		<wp:ping_status>closed</wp:ping_status>
		<wp:post_name>zara-spring</wp:post_name>
		<wp:status>publish</wp:status>
		<wp:post_parent>0</wp:post_parent>
		<wp:menu_order>0</wp:menu_order>
		<wp:post_type>content_block</wp:post_type>
		<wp:post_password></wp:post_password>
		<wp:is_sticky>0</wp:is_sticky>
		<wp:postmeta>
			<wp:meta_key>_edit_last</wp:meta_key>
			<wp:meta_value><![CDATA[1]]></wp:meta_value>
		</wp:postmeta>
		<wp:postmeta>
			<wp:meta_key>_content_block_information</wp:meta_key>
			<wp:meta_value><![CDATA[]]></wp:meta_value>
		</wp:postmeta>
		<wp:postmeta>
			<wp:meta_key>slide_template</wp:meta_key>
			<wp:meta_value><![CDATA[default]]></wp:meta_value>
		</wp:postmeta>
	</item>
	<item>
				<title>Banner - Category sidebar</title>
		<link>http://demo.roadthemes.com/rubbez/content_block/banner-sidebar/</link>
		<pubDate>Sun, 31 Aug 2014 14:19:59 +0000</pubDate>
		<dc:creator><![CDATA[admin]]></dc:creator>
		<guid isPermaLink="false">http://localhost/redux/?post_type=content_block&#038;p=321</guid>
		<description></description>
		<content:encoded><![CDATA[<a href="#"><img class="alignnone size-full wp-image-1412" src="http://demo.roadthemes.com/rubbez/wp-content/uploads/2014/08/sidebar-category-banner.jpg" alt="sidebar-category-banner" width="270" height="350" /></a>]]></content:encoded>
		<excerpt:encoded><![CDATA[]]></excerpt:encoded>
		<wp:post_id>321</wp:post_id>
		<wp:post_date>2014-08-31 14:19:59</wp:post_date>
		<wp:post_date_gmt>2014-08-31 14:19:59</wp:post_date_gmt>
		<wp:comment_status>closed</wp:comment_status>
		<wp:ping_status>closed</wp:ping_status>
		<wp:post_name>banner-sidebar</wp:post_name>
		<wp:status>publish</wp:status>
		<wp:post_parent>0</wp:post_parent>
		<wp:menu_order>0</wp:menu_order>
		<wp:post_type>content_block</wp:post_type>
		<wp:post_password></wp:post_password>
		<wp:is_sticky>0</wp:is_sticky>
		<wp:postmeta>
			<wp:meta_key>_edit_last</wp:meta_key>
			<wp:meta_value><![CDATA[1]]></wp:meta_value>
		</wp:postmeta>
		<wp:postmeta>
			<wp:meta_key>_content_block_information</wp:meta_key>
			<wp:meta_value><![CDATA[]]></wp:meta_value>
		</wp:postmeta>
		<wp:postmeta>
			<wp:meta_key>slide_template</wp:meta_key>
			<wp:meta_value><![CDATA[default]]></wp:meta_value>
		</wp:postmeta>
	</item>
	<item>
				<title>Menu Widget 2</title>
		<link>http://demo.roadthemes.com/rubbez/content_block/menu-widget-2/</link>
		<pubDate>Sun, 26 Oct 2014 01:10:35 +0000</pubDate>
		<dc:creator><![CDATA[admin]]></dc:creator>
		<guid isPermaLink="false">http://localhost/rubbez/?post_type=content_block&#038;p=1359</guid>
		<description></description>
		<content:encoded><![CDATA[<a href="#"><img src="http://demo.roadthemes.com/rubbez/wp-content/uploads/2014/10/banner2-widget1.jpg" alt="banner2-widget" width="202" height="100" class="alignnone size-full wp-image-1363" /></a>

<a href="#"><img src="http://demo.roadthemes.com/rubbez/wp-content/uploads/2014/10/banner3-widget.jpg" alt="banner3-widget" width="202" height="100" class="alignnone size-full wp-image-1364" /></a>]]></content:encoded>
		<excerpt:encoded><![CDATA[]]></excerpt:encoded>
		<wp:post_id>1359</wp:post_id>
		<wp:post_date>2014-10-26 01:10:35</wp:post_date>
		<wp:post_date_gmt>2014-10-26 01:10:35</wp:post_date_gmt>
		<wp:comment_status>closed</wp:comment_status>
		<wp:ping_status>closed</wp:ping_status>
		<wp:post_name>menu-widget-2</wp:post_name>
		<wp:status>publish</wp:status>
		<wp:post_parent>0</wp:post_parent>
		<wp:menu_order>0</wp:menu_order>
		<wp:post_type>content_block</wp:post_type>
		<wp:post_password></wp:post_password>
		<wp:is_sticky>0</wp:is_sticky>
		<wp:postmeta>
			<wp:meta_key>_edit_last</wp:meta_key>
			<wp:meta_value><![CDATA[1]]></wp:meta_value>
		</wp:postmeta>
		<wp:postmeta>
			<wp:meta_key>_content_block_information</wp:meta_key>
			<wp:meta_value><![CDATA[]]></wp:meta_value>
		</wp:postmeta>
		<wp:postmeta>
			<wp:meta_key>slide_template</wp:meta_key>
			<wp:meta_value><![CDATA[default]]></wp:meta_value>
		</wp:postmeta>
	</item>
</channel>
</rss>
