<?xml version="1.0" encoding="UTF-8" ?>
<!-- This is a WordPress eXtended RSS file generated by WordPress as an export of your site. -->
<!-- It contains information about your site's posts, pages, comments, categories, and other content. -->
<!-- You may use this file to transfer that content from one site to another. -->
<!-- This file is not intended to serve as a complete backup of your site. -->

<!-- To import this information into a WordPress site follow these steps: -->
<!-- 1. Log in to that site as an administrator. -->
<!-- 2. Go to Tools: Import in the WordPress admin panel. -->
<!-- 3. Install the "WordPress" importer from the list. -->
<!-- 4. Activate & Run Importer. -->
<!-- 5. Upload this file using the form provided on that page. -->
<!-- 6. You will first be asked to map the authors in this export file to users -->
<!--    on the site. For each author, you may choose to map to an -->
<!--    existing user on the site or to create a new user. -->
<!-- 7. WordPress will then import each of the posts, pages, comments, categories, etc. -->
<!--    contained in this file into your site. -->

<!-- generator="WordPress/3.9.3" created="2014-12-09 00:58" -->
<rss version="2.0"
	xmlns:excerpt="http://wordpress.org/export/1.2/excerpt/"
	xmlns:content="http://purl.org/rss/1.0/modules/content/"
	xmlns:wfw="http://wellformedweb.org/CommentAPI/"
	xmlns:dc="http://purl.org/dc/elements/1.1/"
	xmlns:wp="http://wordpress.org/export/1.2/"
>

<channel>
	<title>Rubbez</title>
	<link>http://demo.roadthemes.com/rubbez</link>
	<description>WordPress Theme</description>
	<pubDate>Tue, 09 Dec 2014 00:58:55 +0000</pubDate>
	<language>en-US</language>
	<wp:wxr_version>1.2</wp:wxr_version>
	<wp:base_site_url>http://demo.roadthemes.com/rubbez</wp:base_site_url>
	<wp:base_blog_url>http://demo.roadthemes.com/rubbez</wp:base_blog_url>

	<wp:author><wp:author_id>1</wp:author_id><wp:author_login>admin</wp:author_login><wp:author_email>demo@roadthemes.com</wp:author_email><wp:author_display_name><![CDATA[admin]]></wp:author_display_name><wp:author_first_name><![CDATA[John]]></wp:author_first_name><wp:author_last_name><![CDATA[Doe]]></wp:author_last_name></wp:author>


	<generator>http://wordpress.org/?v=3.9.3</generator>

	<item>
				<title>Look Book</title>
		<link>http://demo.roadthemes.com/rubbez/project/look-book/</link>
		<pubDate>Wed, 05 Nov 2014 07:58:49 +0000</pubDate>
		<dc:creator><![CDATA[admin]]></dc:creator>
		<guid isPermaLink="false">http://localhost/rubbez/?post_type=project&#038;p=1531</guid>
		<description></description>
		<content:encoded><![CDATA[Lorem ipsum dolor sit amet, consectetur adipiscing elit. Praesent in odio a tellus blandit dapibus. Proin non auctor enim, vel tempor justo. Duis finibus risus massa, sed gravida lectus efficitur in. Integer faucibus, ipsum in pulvinar elementum, libero lacus tempor augue, at ultrices risus urna sit amet magna. Nullam dui orci, commodo at nunc id, laoreet faucibus ligula. Duis sed augue ut libero imperdiet laoreet at et mi. Morbi tristique urna et convallis varius. Etiam a commodo diam. Vestibulum magna leo, dictum quis felis eget, euismod tincidunt nisl. Nulla in gravida ipsum, nec vulputate magna.

Vestibulum eget leo eu turpis luctus interdum sit amet id nunc. Maecenas arcu lacus, mattis ac tincidunt at, condimentum at orci. Nam eget lorem mi. Suspendisse sit amet elit ligula. Integer sagittis, lectus quis ultricies tincidunt, ante nulla placerat ligula, a semper felis felis commodo ligula. Ut elit ligula, sollicitudin ut consectetur in, laoreet et tellus. Nullam fermentum vitae nisl eu ultrices. Nulla et pharetra felis, nec varius urna. Sed vel massa diam. Etiam nec ligula ut ipsum tincidunt blandit. Interdum et malesuada fames ac ante ipsum primis in faucibus. Sed sit amet tortor cursus, finibus metus vel, scelerisque dolor.]]></content:encoded>
		<excerpt:encoded><![CDATA[In modern speech the term gentleman  refers to any man of good.]]></excerpt:encoded>
		<wp:post_id>1531</wp:post_id>
		<wp:post_date>2014-11-05 07:58:49</wp:post_date>
		<wp:post_date_gmt>2014-11-05 07:58:49</wp:post_date_gmt>
		<wp:comment_status>closed</wp:comment_status>
		<wp:ping_status>closed</wp:ping_status>
		<wp:post_name>look-book</wp:post_name>
		<wp:status>publish</wp:status>
		<wp:post_parent>0</wp:post_parent>
		<wp:menu_order>0</wp:menu_order>
		<wp:post_type>project</wp:post_type>
		<wp:post_password></wp:post_password>
		<wp:is_sticky>0</wp:is_sticky>
		<category domain="project-category" nicename="applications"><![CDATA[Applications]]></category>
		<category domain="project-category" nicename="photography"><![CDATA[Photography]]></category>
		<wp:postmeta>
			<wp:meta_key>_edit_last</wp:meta_key>
			<wp:meta_value><![CDATA[1]]></wp:meta_value>
		</wp:postmeta>
		<wp:postmeta>
			<wp:meta_key>_client</wp:meta_key>
			<wp:meta_value><![CDATA[ALOMIA FASHION]]></wp:meta_value>
		</wp:postmeta>
		<wp:postmeta>
			<wp:meta_key>_url</wp:meta_key>
			<wp:meta_value><![CDATA[http://demo.roadthemes.com]]></wp:meta_value>
		</wp:postmeta>
		<wp:postmeta>
			<wp:meta_key>_testimonials_search</wp:meta_key>
			<wp:meta_value><![CDATA[]]></wp:meta_value>
		</wp:postmeta>
		<wp:postmeta>
			<wp:meta_key>_testimonials_id</wp:meta_key>
			<wp:meta_value><![CDATA[0]]></wp:meta_value>
		</wp:postmeta>
		<wp:postmeta>
			<wp:meta_key>_products_search</wp:meta_key>
			<wp:meta_value><![CDATA[]]></wp:meta_value>
		</wp:postmeta>
		<wp:postmeta>
			<wp:meta_key>_products_id</wp:meta_key>
			<wp:meta_value><![CDATA[0]]></wp:meta_value>
		</wp:postmeta>
		<wp:postmeta>
			<wp:meta_key>_project_image_gallery</wp:meta_key>
			<wp:meta_value><![CDATA[]]></wp:meta_value>
		</wp:postmeta>
		<wp:postmeta>
			<wp:meta_key>slide_template</wp:meta_key>
			<wp:meta_value><![CDATA[default]]></wp:meta_value>
		</wp:postmeta>
		<wp:postmeta>
			<wp:meta_key>_thumbnail_id</wp:meta_key>
			<wp:meta_value><![CDATA[1539]]></wp:meta_value>
		</wp:postmeta>
	</item>
	<item>
				<title>Curabitur vitae</title>
		<link>http://demo.roadthemes.com/rubbez/project/curabitur-vitae/</link>
		<pubDate>Wed, 05 Nov 2014 08:04:42 +0000</pubDate>
		<dc:creator><![CDATA[admin]]></dc:creator>
		<guid isPermaLink="false">http://localhost/rubbez/?post_type=project&#038;p=1533</guid>
		<description></description>
		<content:encoded><![CDATA[Lorem ipsum dolor sit amet, consectetur adipiscing elit. Praesent in odio a tellus blandit dapibus. Proin non auctor enim, vel tempor justo. Duis finibus risus massa, sed gravida lectus efficitur in. Integer faucibus, ipsum in pulvinar elementum, libero lacus tempor augue, at ultrices risus urna sit amet magna. Nullam dui orci, commodo at nunc id, laoreet faucibus ligula. Duis sed augue ut libero imperdiet laoreet at et mi. Morbi tristique urna et convallis varius. Etiam a commodo diam. Vestibulum magna leo, dictum quis felis eget, euismod tincidunt nisl. Nulla in gravida ipsum, nec vulputate magna.

Vestibulum eget leo eu turpis luctus interdum sit amet id nunc. Maecenas arcu lacus, mattis ac tincidunt at, condimentum at orci. Nam eget lorem mi. Suspendisse sit amet elit ligula. Integer sagittis, lectus quis ultricies tincidunt, ante nulla placerat ligula, a semper felis felis commodo ligula. Ut elit ligula, sollicitudin ut consectetur in, laoreet et tellus. Nullam fermentum vitae nisl eu ultrices. Nulla et pharetra felis, nec varius urna. Sed vel massa diam. Etiam nec ligula ut ipsum tincidunt blandit. Interdum et malesuada fames ac ante ipsum primis in faucibus. Sed sit amet tortor cursus, finibus metus vel, scelerisque dolor.]]></content:encoded>
		<excerpt:encoded><![CDATA[In modern speech the term gentleman  refers to any man of good.]]></excerpt:encoded>
		<wp:post_id>1533</wp:post_id>
		<wp:post_date>2014-11-05 08:04:42</wp:post_date>
		<wp:post_date_gmt>2014-11-05 08:04:42</wp:post_date_gmt>
		<wp:comment_status>closed</wp:comment_status>
		<wp:ping_status>closed</wp:ping_status>
		<wp:post_name>curabitur-vitae</wp:post_name>
		<wp:status>publish</wp:status>
		<wp:post_parent>0</wp:post_parent>
		<wp:menu_order>0</wp:menu_order>
		<wp:post_type>project</wp:post_type>
		<wp:post_password></wp:post_password>
		<wp:is_sticky>0</wp:is_sticky>
		<category domain="project-category" nicename="photography"><![CDATA[Photography]]></category>
		<category domain="project-category" nicename="web-design"><![CDATA[Web Design]]></category>
		<wp:postmeta>
			<wp:meta_key>_edit_last</wp:meta_key>
			<wp:meta_value><![CDATA[1]]></wp:meta_value>
		</wp:postmeta>
		<wp:postmeta>
			<wp:meta_key>_client</wp:meta_key>
			<wp:meta_value><![CDATA[CLIENT NAME]]></wp:meta_value>
		</wp:postmeta>
		<wp:postmeta>
			<wp:meta_key>_url</wp:meta_key>
			<wp:meta_value><![CDATA[http://demo.roadthemes.com]]></wp:meta_value>
		</wp:postmeta>
		<wp:postmeta>
			<wp:meta_key>_testimonials_search</wp:meta_key>
			<wp:meta_value><![CDATA[]]></wp:meta_value>
		</wp:postmeta>
		<wp:postmeta>
			<wp:meta_key>_testimonials_id</wp:meta_key>
			<wp:meta_value><![CDATA[0]]></wp:meta_value>
		</wp:postmeta>
		<wp:postmeta>
			<wp:meta_key>_products_search</wp:meta_key>
			<wp:meta_value><![CDATA[]]></wp:meta_value>
		</wp:postmeta>
		<wp:postmeta>
			<wp:meta_key>_products_id</wp:meta_key>
			<wp:meta_value><![CDATA[0]]></wp:meta_value>
		</wp:postmeta>
		<wp:postmeta>
			<wp:meta_key>_project_image_gallery</wp:meta_key>
			<wp:meta_value><![CDATA[]]></wp:meta_value>
		</wp:postmeta>
		<wp:postmeta>
			<wp:meta_key>slide_template</wp:meta_key>
			<wp:meta_value><![CDATA[default]]></wp:meta_value>
		</wp:postmeta>
		<wp:postmeta>
			<wp:meta_key>_thumbnail_id</wp:meta_key>
			<wp:meta_value><![CDATA[1538]]></wp:meta_value>
		</wp:postmeta>
	</item>
	<item>
				<title>Curabitur vitae</title>
		<link>http://demo.roadthemes.com/rubbez/project/curabitur-vitae-2/</link>
		<pubDate>Wed, 05 Nov 2014 08:06:18 +0000</pubDate>
		<dc:creator><![CDATA[admin]]></dc:creator>
		<guid isPermaLink="false">http://localhost/rubbez/?post_type=project&#038;p=1534</guid>
		<description></description>
		<content:encoded><![CDATA[Lorem ipsum dolor sit amet, consectetur adipiscing elit. Praesent in odio a tellus blandit dapibus. Proin non auctor enim, vel tempor justo. Duis finibus risus massa, sed gravida lectus efficitur in. Integer faucibus, ipsum in pulvinar elementum, libero lacus tempor augue, at ultrices risus urna sit amet magna. Nullam dui orci, commodo at nunc id, laoreet faucibus ligula. Duis sed augue ut libero imperdiet laoreet at et mi. Morbi tristique urna et convallis varius. Etiam a commodo diam. Vestibulum magna leo, dictum quis felis eget, euismod tincidunt nisl. Nulla in gravida ipsum, nec vulputate magna.

Vestibulum eget leo eu turpis luctus interdum sit amet id nunc. Maecenas arcu lacus, mattis ac tincidunt at, condimentum at orci. Nam eget lorem mi. Suspendisse sit amet elit ligula. Integer sagittis, lectus quis ultricies tincidunt, ante nulla placerat ligula, a semper felis felis commodo ligula. Ut elit ligula, sollicitudin ut consectetur in, laoreet et tellus. Nullam fermentum vitae nisl eu ultrices. Nulla et pharetra felis, nec varius urna. Sed vel massa diam. Etiam nec ligula ut ipsum tincidunt blandit. Interdum et malesuada fames ac ante ipsum primis in faucibus. Sed sit amet tortor cursus, finibus metus vel, scelerisque dolor.]]></content:encoded>
		<excerpt:encoded><![CDATA[In modern speech the term gentleman  refers to any man of good.]]></excerpt:encoded>
		<wp:post_id>1534</wp:post_id>
		<wp:post_date>2014-11-05 08:06:18</wp:post_date>
		<wp:post_date_gmt>2014-11-05 08:06:18</wp:post_date_gmt>
		<wp:comment_status>closed</wp:comment_status>
		<wp:ping_status>closed</wp:ping_status>
		<wp:post_name>curabitur-vitae-2</wp:post_name>
		<wp:status>publish</wp:status>
		<wp:post_parent>0</wp:post_parent>
		<wp:menu_order>0</wp:menu_order>
		<wp:post_type>project</wp:post_type>
		<wp:post_password></wp:post_password>
		<wp:is_sticky>0</wp:is_sticky>
		<category domain="project-category" nicename="photography"><![CDATA[Photography]]></category>
		<category domain="project-category" nicename="web-design"><![CDATA[Web Design]]></category>
		<wp:postmeta>
			<wp:meta_key>_edit_last</wp:meta_key>
			<wp:meta_value><![CDATA[1]]></wp:meta_value>
		</wp:postmeta>
		<wp:postmeta>
			<wp:meta_key>_client</wp:meta_key>
			<wp:meta_value><![CDATA[CLIENT NAME]]></wp:meta_value>
		</wp:postmeta>
		<wp:postmeta>
			<wp:meta_key>_url</wp:meta_key>
			<wp:meta_value><![CDATA[http://demo.roadthemes.com]]></wp:meta_value>
		</wp:postmeta>
		<wp:postmeta>
			<wp:meta_key>_testimonials_search</wp:meta_key>
			<wp:meta_value><![CDATA[]]></wp:meta_value>
		</wp:postmeta>
		<wp:postmeta>
			<wp:meta_key>_testimonials_id</wp:meta_key>
			<wp:meta_value><![CDATA[0]]></wp:meta_value>
		</wp:postmeta>
		<wp:postmeta>
			<wp:meta_key>_products_search</wp:meta_key>
			<wp:meta_value><![CDATA[]]></wp:meta_value>
		</wp:postmeta>
		<wp:postmeta>
			<wp:meta_key>_products_id</wp:meta_key>
			<wp:meta_value><![CDATA[0]]></wp:meta_value>
		</wp:postmeta>
		<wp:postmeta>
			<wp:meta_key>_project_image_gallery</wp:meta_key>
			<wp:meta_value><![CDATA[]]></wp:meta_value>
		</wp:postmeta>
		<wp:postmeta>
			<wp:meta_key>slide_template</wp:meta_key>
			<wp:meta_value><![CDATA[default]]></wp:meta_value>
		</wp:postmeta>
		<wp:postmeta>
			<wp:meta_key>_thumbnail_id</wp:meta_key>
			<wp:meta_value><![CDATA[1537]]></wp:meta_value>
		</wp:postmeta>
	</item>
	<item>
				<title>Pellentesque cursus</title>
		<link>http://demo.roadthemes.com/rubbez/project/pellentesque-cursus/</link>
		<pubDate>Wed, 05 Nov 2014 08:08:40 +0000</pubDate>
		<dc:creator><![CDATA[admin]]></dc:creator>
		<guid isPermaLink="false">http://localhost/rubbez/?post_type=project&#038;p=1535</guid>
		<description></description>
		<content:encoded><![CDATA[Lorem ipsum dolor sit amet, consectetur adipiscing elit. Praesent in odio a tellus blandit dapibus. Proin non auctor enim, vel tempor justo. Duis finibus risus massa, sed gravida lectus efficitur in. Integer faucibus, ipsum in pulvinar elementum, libero lacus tempor augue, at ultrices risus urna sit amet magna. Nam posuere sapien nec urna iaculis ullamcorper. Sed commodo sapien vel malesuada dignissim.

Nullam dui orci, commodo at nunc id, laoreet faucibus ligula. Duis sed augue ut libero imperdiet laoreet at et mi. Morbi tristique urna et convallis varius. Etiam a commodo diam. Vestibulum magna leo, dictum quis felis eget, euismod tincidunt nisl. Nulla in gravida ipsum, nec vulputate magna. Vestibulum eget leo eu turpis luctus interdum sit amet id nunc. Maecenas arcu lacus, mattis ac tincidunt at, condimentum at orci.]]></content:encoded>
		<excerpt:encoded><![CDATA[In modern speech the term gentleman  refers to any man of good.]]></excerpt:encoded>
		<wp:post_id>1535</wp:post_id>
		<wp:post_date>2014-11-05 08:08:40</wp:post_date>
		<wp:post_date_gmt>2014-11-05 08:08:40</wp:post_date_gmt>
		<wp:comment_status>closed</wp:comment_status>
		<wp:ping_status>closed</wp:ping_status>
		<wp:post_name>pellentesque-cursus</wp:post_name>
		<wp:status>publish</wp:status>
		<wp:post_parent>0</wp:post_parent>
		<wp:menu_order>0</wp:menu_order>
		<wp:post_type>project</wp:post_type>
		<wp:post_password></wp:post_password>
		<wp:is_sticky>0</wp:is_sticky>
		<category domain="project-category" nicename="web-design"><![CDATA[Web Design]]></category>
		<wp:postmeta>
			<wp:meta_key>_edit_last</wp:meta_key>
			<wp:meta_value><![CDATA[1]]></wp:meta_value>
		</wp:postmeta>
		<wp:postmeta>
			<wp:meta_key>_client</wp:meta_key>
			<wp:meta_value><![CDATA[CLIENT NAME]]></wp:meta_value>
		</wp:postmeta>
		<wp:postmeta>
			<wp:meta_key>_url</wp:meta_key>
			<wp:meta_value><![CDATA[http://demo.roadthemes.com]]></wp:meta_value>
		</wp:postmeta>
		<wp:postmeta>
			<wp:meta_key>_testimonials_search</wp:meta_key>
			<wp:meta_value><![CDATA[]]></wp:meta_value>
		</wp:postmeta>
		<wp:postmeta>
			<wp:meta_key>_testimonials_id</wp:meta_key>
			<wp:meta_value><![CDATA[0]]></wp:meta_value>
		</wp:postmeta>
		<wp:postmeta>
			<wp:meta_key>_products_search</wp:meta_key>
			<wp:meta_value><![CDATA[]]></wp:meta_value>
		</wp:postmeta>
		<wp:postmeta>
			<wp:meta_key>_products_id</wp:meta_key>
			<wp:meta_value><![CDATA[0]]></wp:meta_value>
		</wp:postmeta>
		<wp:postmeta>
			<wp:meta_key>_project_image_gallery</wp:meta_key>
			<wp:meta_value><![CDATA[1537,1538,1547]]></wp:meta_value>
		</wp:postmeta>
		<wp:postmeta>
			<wp:meta_key>slide_template</wp:meta_key>
			<wp:meta_value><![CDATA[default]]></wp:meta_value>
		</wp:postmeta>
		<wp:postmeta>
			<wp:meta_key>_thumbnail_id</wp:meta_key>
			<wp:meta_value><![CDATA[1536]]></wp:meta_value>
		</wp:postmeta>
	</item>
	<item>
				<title>Sollicitudin molestie</title>
		<link>http://demo.roadthemes.com/rubbez/project/sollicitudin-molestie/</link>
		<pubDate>Wed, 05 Nov 2014 08:26:20 +0000</pubDate>
		<dc:creator><![CDATA[admin]]></dc:creator>
		<guid isPermaLink="false">http://localhost/rubbez/?post_type=project&#038;p=1540</guid>
		<description></description>
		<content:encoded><![CDATA[Lorem ipsum dolor sit amet, consectetur adipiscing elit. Praesent in odio a tellus blandit dapibus. Proin non auctor enim, vel tempor justo. Duis finibus risus massa, sed gravida lectus efficitur in. Integer faucibus, ipsum in pulvinar elementum, libero lacus tempor augue, at ultrices risus urna sit amet magna. Nullam dui orci, commodo at nunc id, laoreet faucibus ligula. Duis sed augue ut libero imperdiet laoreet at et mi. Morbi tristique urna et convallis varius. Etiam a commodo diam. Vestibulum magna leo, dictum quis felis eget, euismod tincidunt nisl. Nulla in gravida ipsum, nec vulputate magna.

Vestibulum eget leo eu turpis luctus interdum sit amet id nunc. Maecenas arcu lacus, mattis ac tincidunt at, condimentum at orci. Nam eget lorem mi. Suspendisse sit amet elit ligula. Integer sagittis, lectus quis ultricies tincidunt, ante nulla placerat ligula, a semper felis felis commodo ligula. Ut elit ligula, sollicitudin ut consectetur in, laoreet et tellus. Nullam fermentum vitae nisl eu ultrices. Nulla et pharetra felis, nec varius urna. Sed vel massa diam. Etiam nec ligula ut ipsum tincidunt blandit. Interdum et malesuada fames ac ante ipsum primis in faucibus. Sed sit amet tortor cursus, finibus metus vel, scelerisque dolor.]]></content:encoded>
		<excerpt:encoded><![CDATA[In modern speech the term gentleman  refers to any man of good.]]></excerpt:encoded>
		<wp:post_id>1540</wp:post_id>
		<wp:post_date>2014-11-05 08:26:20</wp:post_date>
		<wp:post_date_gmt>2014-11-05 08:26:20</wp:post_date_gmt>
		<wp:comment_status>closed</wp:comment_status>
		<wp:ping_status>closed</wp:ping_status>
		<wp:post_name>sollicitudin-molestie</wp:post_name>
		<wp:status>publish</wp:status>
		<wp:post_parent>0</wp:post_parent>
		<wp:menu_order>0</wp:menu_order>
		<wp:post_type>project</wp:post_type>
		<wp:post_password></wp:post_password>
		<wp:is_sticky>0</wp:is_sticky>
		<category domain="project-category" nicename="applications"><![CDATA[Applications]]></category>
		<category domain="project-category" nicename="web-design"><![CDATA[Web Design]]></category>
		<wp:postmeta>
			<wp:meta_key>_edit_last</wp:meta_key>
			<wp:meta_value><![CDATA[1]]></wp:meta_value>
		</wp:postmeta>
		<wp:postmeta>
			<wp:meta_key>_thumbnail_id</wp:meta_key>
			<wp:meta_value><![CDATA[1541]]></wp:meta_value>
		</wp:postmeta>
		<wp:postmeta>
			<wp:meta_key>_client</wp:meta_key>
			<wp:meta_value><![CDATA[CLIENT NAME]]></wp:meta_value>
		</wp:postmeta>
		<wp:postmeta>
			<wp:meta_key>_url</wp:meta_key>
			<wp:meta_value><![CDATA[http://demo.roadthemes.com]]></wp:meta_value>
		</wp:postmeta>
		<wp:postmeta>
			<wp:meta_key>_testimonials_search</wp:meta_key>
			<wp:meta_value><![CDATA[]]></wp:meta_value>
		</wp:postmeta>
		<wp:postmeta>
			<wp:meta_key>_testimonials_id</wp:meta_key>
			<wp:meta_value><![CDATA[0]]></wp:meta_value>
		</wp:postmeta>
		<wp:postmeta>
			<wp:meta_key>_products_search</wp:meta_key>
			<wp:meta_value><![CDATA[]]></wp:meta_value>
		</wp:postmeta>
		<wp:postmeta>
			<wp:meta_key>_products_id</wp:meta_key>
			<wp:meta_value><![CDATA[0]]></wp:meta_value>
		</wp:postmeta>
		<wp:postmeta>
			<wp:meta_key>_project_image_gallery</wp:meta_key>
			<wp:meta_value><![CDATA[]]></wp:meta_value>
		</wp:postmeta>
		<wp:postmeta>
			<wp:meta_key>slide_template</wp:meta_key>
			<wp:meta_value><![CDATA[default]]></wp:meta_value>
		</wp:postmeta>
	</item>
	<item>
				<title>Cras luctus</title>
		<link>http://demo.roadthemes.com/rubbez/project/cras-luctus/</link>
		<pubDate>Wed, 05 Nov 2014 08:27:15 +0000</pubDate>
		<dc:creator><![CDATA[admin]]></dc:creator>
		<guid isPermaLink="false">http://localhost/rubbez/?post_type=project&#038;p=1542</guid>
		<description></description>
		<content:encoded><![CDATA[Lorem ipsum dolor sit amet, consectetur adipiscing elit. Praesent in odio a tellus blandit dapibus. Proin non auctor enim, vel tempor justo. Duis finibus risus massa, sed gravida lectus efficitur in. Integer faucibus, ipsum in pulvinar elementum, libero lacus tempor augue, at ultrices risus urna sit amet magna. Nullam dui orci, commodo at nunc id, laoreet faucibus ligula. Duis sed augue ut libero imperdiet laoreet at et mi. Morbi tristique urna et convallis varius. Etiam a commodo diam. Vestibulum magna leo, dictum quis felis eget, euismod tincidunt nisl. Nulla in gravida ipsum, nec vulputate magna.

Vestibulum eget leo eu turpis luctus interdum sit amet id nunc. Maecenas arcu lacus, mattis ac tincidunt at, condimentum at orci. Nam eget lorem mi. Suspendisse sit amet elit ligula. Integer sagittis, lectus quis ultricies tincidunt, ante nulla placerat ligula, a semper felis felis commodo ligula. Ut elit ligula, sollicitudin ut consectetur in, laoreet et tellus. Nullam fermentum vitae nisl eu ultrices. Nulla et pharetra felis, nec varius urna. Sed vel massa diam. Etiam nec ligula ut ipsum tincidunt blandit. Interdum et malesuada fames ac ante ipsum primis in faucibus. Sed sit amet tortor cursus, finibus metus vel, scelerisque dolor.]]></content:encoded>
		<excerpt:encoded><![CDATA[In modern speech the term gentleman  refers to any man of good.]]></excerpt:encoded>
		<wp:post_id>1542</wp:post_id>
		<wp:post_date>2014-11-05 08:27:15</wp:post_date>
		<wp:post_date_gmt>2014-11-05 08:27:15</wp:post_date_gmt>
		<wp:comment_status>closed</wp:comment_status>
		<wp:ping_status>closed</wp:ping_status>
		<wp:post_name>cras-luctus</wp:post_name>
		<wp:status>publish</wp:status>
		<wp:post_parent>0</wp:post_parent>
		<wp:menu_order>0</wp:menu_order>
		<wp:post_type>project</wp:post_type>
		<wp:post_password></wp:post_password>
		<wp:is_sticky>0</wp:is_sticky>
		<category domain="project-category" nicename="photography"><![CDATA[Photography]]></category>
		<category domain="project-category" nicename="web-design"><![CDATA[Web Design]]></category>
		<wp:postmeta>
			<wp:meta_key>_edit_last</wp:meta_key>
			<wp:meta_value><![CDATA[1]]></wp:meta_value>
		</wp:postmeta>
		<wp:postmeta>
			<wp:meta_key>_thumbnail_id</wp:meta_key>
			<wp:meta_value><![CDATA[1543]]></wp:meta_value>
		</wp:postmeta>
		<wp:postmeta>
			<wp:meta_key>_client</wp:meta_key>
			<wp:meta_value><![CDATA[CLIENT NAME]]></wp:meta_value>
		</wp:postmeta>
		<wp:postmeta>
			<wp:meta_key>_url</wp:meta_key>
			<wp:meta_value><![CDATA[http://demo.roadthemes.com]]></wp:meta_value>
		</wp:postmeta>
		<wp:postmeta>
			<wp:meta_key>_testimonials_search</wp:meta_key>
			<wp:meta_value><![CDATA[]]></wp:meta_value>
		</wp:postmeta>
		<wp:postmeta>
			<wp:meta_key>_testimonials_id</wp:meta_key>
			<wp:meta_value><![CDATA[0]]></wp:meta_value>
		</wp:postmeta>
		<wp:postmeta>
			<wp:meta_key>_products_search</wp:meta_key>
			<wp:meta_value><![CDATA[]]></wp:meta_value>
		</wp:postmeta>
		<wp:postmeta>
			<wp:meta_key>_products_id</wp:meta_key>
			<wp:meta_value><![CDATA[0]]></wp:meta_value>
		</wp:postmeta>
		<wp:postmeta>
			<wp:meta_key>_project_image_gallery</wp:meta_key>
			<wp:meta_value><![CDATA[]]></wp:meta_value>
		</wp:postmeta>
		<wp:postmeta>
			<wp:meta_key>slide_template</wp:meta_key>
			<wp:meta_value><![CDATA[default]]></wp:meta_value>
		</wp:postmeta>
	</item>
	<item>
				<title>Integer vestibulum</title>
		<link>http://demo.roadthemes.com/rubbez/project/integer-vestibulum/</link>
		<pubDate>Wed, 05 Nov 2014 08:28:30 +0000</pubDate>
		<dc:creator><![CDATA[admin]]></dc:creator>
		<guid isPermaLink="false">http://localhost/rubbez/?post_type=project&#038;p=1544</guid>
		<description></description>
		<content:encoded><![CDATA[Lorem ipsum dolor sit amet, consectetur adipiscing elit. Praesent in odio a tellus blandit dapibus. Proin non auctor enim, vel tempor justo. Duis finibus risus massa, sed gravida lectus efficitur in. Integer faucibus, ipsum in pulvinar elementum, libero lacus tempor augue, at ultrices risus urna sit amet magna. Nullam dui orci, commodo at nunc id, laoreet faucibus ligula. Duis sed augue ut libero imperdiet laoreet at et mi. Morbi tristique urna et convallis varius. Etiam a commodo diam. Vestibulum magna leo, dictum quis felis eget, euismod tincidunt nisl. Nulla in gravida ipsum, nec vulputate magna.

Vestibulum eget leo eu turpis luctus interdum sit amet id nunc. Maecenas arcu lacus, mattis ac tincidunt at, condimentum at orci. Nam eget lorem mi. Suspendisse sit amet elit ligula. Integer sagittis, lectus quis ultricies tincidunt, ante nulla placerat ligula, a semper felis felis commodo ligula. Ut elit ligula, sollicitudin ut consectetur in, laoreet et tellus. Nullam fermentum vitae nisl eu ultrices. Nulla et pharetra felis, nec varius urna. Sed vel massa diam. Etiam nec ligula ut ipsum tincidunt blandit. Interdum et malesuada fames ac ante ipsum primis in faucibus. Sed sit amet tortor cursus, finibus metus vel, scelerisque dolor.]]></content:encoded>
		<excerpt:encoded><![CDATA[In modern speech the term gentleman  refers to any man of good.]]></excerpt:encoded>
		<wp:post_id>1544</wp:post_id>
		<wp:post_date>2014-11-05 08:28:30</wp:post_date>
		<wp:post_date_gmt>2014-11-05 08:28:30</wp:post_date_gmt>
		<wp:comment_status>closed</wp:comment_status>
		<wp:ping_status>closed</wp:ping_status>
		<wp:post_name>integer-vestibulum</wp:post_name>
		<wp:status>publish</wp:status>
		<wp:post_parent>0</wp:post_parent>
		<wp:menu_order>0</wp:menu_order>
		<wp:post_type>project</wp:post_type>
		<wp:post_password></wp:post_password>
		<wp:is_sticky>0</wp:is_sticky>
		<category domain="project-category" nicename="web-design"><![CDATA[Web Design]]></category>
		<wp:postmeta>
			<wp:meta_key>_edit_last</wp:meta_key>
			<wp:meta_value><![CDATA[1]]></wp:meta_value>
		</wp:postmeta>
		<wp:postmeta>
			<wp:meta_key>_thumbnail_id</wp:meta_key>
			<wp:meta_value><![CDATA[1545]]></wp:meta_value>
		</wp:postmeta>
		<wp:postmeta>
			<wp:meta_key>_client</wp:meta_key>
			<wp:meta_value><![CDATA[7 PM]]></wp:meta_value>
		</wp:postmeta>
		<wp:postmeta>
			<wp:meta_key>_url</wp:meta_key>
			<wp:meta_value><![CDATA[http://demo.roadthemes.com/rubbez]]></wp:meta_value>
		</wp:postmeta>
		<wp:postmeta>
			<wp:meta_key>_testimonials_search</wp:meta_key>
			<wp:meta_value><![CDATA[]]></wp:meta_value>
		</wp:postmeta>
		<wp:postmeta>
			<wp:meta_key>_testimonials_id</wp:meta_key>
			<wp:meta_value><![CDATA[0]]></wp:meta_value>
		</wp:postmeta>
		<wp:postmeta>
			<wp:meta_key>_products_search</wp:meta_key>
			<wp:meta_value><![CDATA[]]></wp:meta_value>
		</wp:postmeta>
		<wp:postmeta>
			<wp:meta_key>_products_id</wp:meta_key>
			<wp:meta_value><![CDATA[0]]></wp:meta_value>
		</wp:postmeta>
		<wp:postmeta>
			<wp:meta_key>_project_image_gallery</wp:meta_key>
			<wp:meta_value><![CDATA[]]></wp:meta_value>
		</wp:postmeta>
		<wp:postmeta>
			<wp:meta_key>slide_template</wp:meta_key>
			<wp:meta_value><![CDATA[default]]></wp:meta_value>
		</wp:postmeta>
	</item>
	<item>
				<title>Ultricies dapibus</title>
		<link>http://demo.roadthemes.com/rubbez/project/ultricies-dapibus/</link>
		<pubDate>Wed, 05 Nov 2014 08:29:22 +0000</pubDate>
		<dc:creator><![CDATA[admin]]></dc:creator>
		<guid isPermaLink="false">http://localhost/rubbez/?post_type=project&#038;p=1546</guid>
		<description></description>
		<content:encoded><![CDATA[Lorem ipsum dolor sit amet, consectetur adipiscing elit. Praesent in odio a tellus blandit dapibus. Proin non auctor enim, vel tempor justo. Duis finibus risus massa, sed gravida lectus efficitur in. Integer faucibus, ipsum in pulvinar elementum, libero lacus tempor augue, at ultrices risus urna sit amet magna. Nullam dui orci, commodo at nunc id, laoreet faucibus ligula. Duis sed augue ut libero imperdiet laoreet at et mi. Morbi tristique urna et convallis varius. Etiam a commodo diam. Vestibulum magna leo, dictum quis felis eget, euismod tincidunt nisl. Nulla in gravida ipsum, nec vulputate magna.

Vestibulum eget leo eu turpis luctus interdum sit amet id nunc. Maecenas arcu lacus, mattis ac tincidunt at, condimentum at orci. Nam eget lorem mi. Suspendisse sit amet elit ligula. Integer sagittis, lectus quis ultricies tincidunt, ante nulla placerat ligula, a semper felis felis commodo ligula. Ut elit ligula, sollicitudin ut consectetur in, laoreet et tellus. Nullam fermentum vitae nisl eu ultrices. Nulla et pharetra felis, nec varius urna. Sed vel massa diam. Etiam nec ligula ut ipsum tincidunt blandit. Interdum et malesuada fames ac ante ipsum primis in faucibus. Sed sit amet tortor cursus, finibus metus vel, scelerisque dolor.]]></content:encoded>
		<excerpt:encoded><![CDATA[In modern speech the term gentleman  refers to any man of good.]]></excerpt:encoded>
		<wp:post_id>1546</wp:post_id>
		<wp:post_date>2014-11-05 08:29:22</wp:post_date>
		<wp:post_date_gmt>2014-11-05 08:29:22</wp:post_date_gmt>
		<wp:comment_status>closed</wp:comment_status>
		<wp:ping_status>closed</wp:ping_status>
		<wp:post_name>ultricies-dapibus</wp:post_name>
		<wp:status>publish</wp:status>
		<wp:post_parent>0</wp:post_parent>
		<wp:menu_order>0</wp:menu_order>
		<wp:post_type>project</wp:post_type>
		<wp:post_password></wp:post_password>
		<wp:is_sticky>0</wp:is_sticky>
		<category domain="project-category" nicename="applications"><![CDATA[Applications]]></category>
		<category domain="project-category" nicename="photography"><![CDATA[Photography]]></category>
		<wp:postmeta>
			<wp:meta_key>_edit_last</wp:meta_key>
			<wp:meta_value><![CDATA[1]]></wp:meta_value>
		</wp:postmeta>
		<wp:postmeta>
			<wp:meta_key>_thumbnail_id</wp:meta_key>
			<wp:meta_value><![CDATA[1547]]></wp:meta_value>
		</wp:postmeta>
		<wp:postmeta>
			<wp:meta_key>_client</wp:meta_key>
			<wp:meta_value><![CDATA[Carian Fashion]]></wp:meta_value>
		</wp:postmeta>
		<wp:postmeta>
			<wp:meta_key>_url</wp:meta_key>
			<wp:meta_value><![CDATA[http://demo.roadthemes.com/rubbez]]></wp:meta_value>
		</wp:postmeta>
		<wp:postmeta>
			<wp:meta_key>_testimonials_search</wp:meta_key>
			<wp:meta_value><![CDATA[]]></wp:meta_value>
		</wp:postmeta>
		<wp:postmeta>
			<wp:meta_key>_testimonials_id</wp:meta_key>
			<wp:meta_value><![CDATA[0]]></wp:meta_value>
		</wp:postmeta>
		<wp:postmeta>
			<wp:meta_key>_products_search</wp:meta_key>
			<wp:meta_value><![CDATA[]]></wp:meta_value>
		</wp:postmeta>
		<wp:postmeta>
			<wp:meta_key>_products_id</wp:meta_key>
			<wp:meta_value><![CDATA[0]]></wp:meta_value>
		</wp:postmeta>
		<wp:postmeta>
			<wp:meta_key>_project_image_gallery</wp:meta_key>
			<wp:meta_value><![CDATA[]]></wp:meta_value>
		</wp:postmeta>
		<wp:postmeta>
			<wp:meta_key>slide_template</wp:meta_key>
			<wp:meta_value><![CDATA[default]]></wp:meta_value>
		</wp:postmeta>
	</item>
	<item>
				<title>Vel pharetra</title>
		<link>http://demo.roadthemes.com/rubbez/project/vel-pharetra/</link>
		<pubDate>Wed, 05 Nov 2014 08:30:19 +0000</pubDate>
		<dc:creator><![CDATA[admin]]></dc:creator>
		<guid isPermaLink="false">http://localhost/rubbez/?post_type=project&#038;p=1548</guid>
		<description></description>
		<content:encoded><![CDATA[Lorem ipsum dolor sit amet, consectetur adipiscing elit. Praesent in odio a tellus blandit dapibus. Proin non auctor enim, vel tempor justo. Duis finibus risus massa, sed gravida lectus efficitur in. Integer faucibus, ipsum in pulvinar elementum, libero lacus tempor augue, at ultrices risus urna sit amet magna. Nullam dui orci, commodo at nunc id, laoreet faucibus ligula. Duis sed augue ut libero imperdiet laoreet at et mi. Morbi tristique urna et convallis varius. Etiam a commodo diam. Vestibulum magna leo, dictum quis felis eget, euismod tincidunt nisl. Nulla in gravida ipsum, nec vulputate magna.

Vestibulum eget leo eu turpis luctus interdum sit amet id nunc. Maecenas arcu lacus, mattis ac tincidunt at, condimentum at orci. Nam eget lorem mi. Suspendisse sit amet elit ligula. Integer sagittis, lectus quis ultricies tincidunt, ante nulla placerat ligula, a semper felis felis commodo ligula. Ut elit ligula, sollicitudin ut consectetur in, laoreet et tellus. Nullam fermentum vitae nisl eu ultrices. Nulla et pharetra felis, nec varius urna. Sed vel massa diam. Etiam nec ligula ut ipsum tincidunt blandit. Interdum et malesuada fames ac ante ipsum primis in faucibus. Sed sit amet tortor cursus, finibus metus vel, scelerisque dolor.]]></content:encoded>
		<excerpt:encoded><![CDATA[In modern speech the term gentleman  refers to any man of good.]]></excerpt:encoded>
		<wp:post_id>1548</wp:post_id>
		<wp:post_date>2014-11-05 08:30:19</wp:post_date>
		<wp:post_date_gmt>2014-11-05 08:30:19</wp:post_date_gmt>
		<wp:comment_status>closed</wp:comment_status>
		<wp:ping_status>closed</wp:ping_status>
		<wp:post_name>vel-pharetra</wp:post_name>
		<wp:status>publish</wp:status>
		<wp:post_parent>0</wp:post_parent>
		<wp:menu_order>0</wp:menu_order>
		<wp:post_type>project</wp:post_type>
		<wp:post_password></wp:post_password>
		<wp:is_sticky>0</wp:is_sticky>
		<category domain="project-category" nicename="applications"><![CDATA[Applications]]></category>
		<wp:postmeta>
			<wp:meta_key>_edit_last</wp:meta_key>
			<wp:meta_value><![CDATA[1]]></wp:meta_value>
		</wp:postmeta>
		<wp:postmeta>
			<wp:meta_key>_thumbnail_id</wp:meta_key>
			<wp:meta_value><![CDATA[1549]]></wp:meta_value>
		</wp:postmeta>
		<wp:postmeta>
			<wp:meta_key>_client</wp:meta_key>
			<wp:meta_value><![CDATA[Triclothes]]></wp:meta_value>
		</wp:postmeta>
		<wp:postmeta>
			<wp:meta_key>_url</wp:meta_key>
			<wp:meta_value><![CDATA[http://demo.roadthemes.com/rubbez]]></wp:meta_value>
		</wp:postmeta>
		<wp:postmeta>
			<wp:meta_key>_testimonials_search</wp:meta_key>
			<wp:meta_value><![CDATA[]]></wp:meta_value>
		</wp:postmeta>
		<wp:postmeta>
			<wp:meta_key>_testimonials_id</wp:meta_key>
			<wp:meta_value><![CDATA[0]]></wp:meta_value>
		</wp:postmeta>
		<wp:postmeta>
			<wp:meta_key>_products_search</wp:meta_key>
			<wp:meta_value><![CDATA[]]></wp:meta_value>
		</wp:postmeta>
		<wp:postmeta>
			<wp:meta_key>_products_id</wp:meta_key>
			<wp:meta_value><![CDATA[0]]></wp:meta_value>
		</wp:postmeta>
		<wp:postmeta>
			<wp:meta_key>_project_image_gallery</wp:meta_key>
			<wp:meta_value><![CDATA[]]></wp:meta_value>
		</wp:postmeta>
		<wp:postmeta>
			<wp:meta_key>slide_template</wp:meta_key>
			<wp:meta_value><![CDATA[default]]></wp:meta_value>
		</wp:postmeta>
	</item>
	<item>
				<title>Vestibulum gravida</title>
		<link>http://demo.roadthemes.com/rubbez/project/vestibulum-gravida/</link>
		<pubDate>Wed, 05 Nov 2014 08:30:58 +0000</pubDate>
		<dc:creator><![CDATA[admin]]></dc:creator>
		<guid isPermaLink="false">http://localhost/rubbez/?post_type=project&#038;p=1550</guid>
		<description></description>
		<content:encoded><![CDATA[Lorem ipsum dolor sit amet, consectetur adipiscing elit. Praesent in odio a tellus blandit dapibus. Proin non auctor enim, vel tempor justo. Duis finibus risus massa, sed gravida lectus efficitur in. Integer faucibus, ipsum in pulvinar elementum, libero lacus tempor augue, at ultrices risus urna sit amet magna. Nullam dui orci, commodo at nunc id, laoreet faucibus ligula. Duis sed augue ut libero imperdiet laoreet at et mi. Morbi tristique urna et convallis varius. Etiam a commodo diam. Vestibulum magna leo, dictum quis felis eget, euismod tincidunt nisl. Nulla in gravida ipsum, nec vulputate magna.

Vestibulum eget leo eu turpis luctus interdum sit amet id nunc. Maecenas arcu lacus, mattis ac tincidunt at, condimentum at orci. Nam eget lorem mi. Suspendisse sit amet elit ligula. Integer sagittis, lectus quis ultricies tincidunt, ante nulla placerat ligula, a semper felis felis commodo ligula. Ut elit ligula, sollicitudin ut consectetur in, laoreet et tellus. Nullam fermentum vitae nisl eu ultrices. Nulla et pharetra felis, nec varius urna. Sed vel massa diam. Etiam nec ligula ut ipsum tincidunt blandit. Interdum et malesuada fames ac ante ipsum primis in faucibus. Sed sit amet tortor cursus, finibus metus vel, scelerisque dolor.]]></content:encoded>
		<excerpt:encoded><![CDATA[In modern speech the term gentleman  refers to any man of good.]]></excerpt:encoded>
		<wp:post_id>1550</wp:post_id>
		<wp:post_date>2014-11-05 08:30:58</wp:post_date>
		<wp:post_date_gmt>2014-11-05 08:30:58</wp:post_date_gmt>
		<wp:comment_status>closed</wp:comment_status>
		<wp:ping_status>closed</wp:ping_status>
		<wp:post_name>vestibulum-gravida</wp:post_name>
		<wp:status>publish</wp:status>
		<wp:post_parent>0</wp:post_parent>
		<wp:menu_order>0</wp:menu_order>
		<wp:post_type>project</wp:post_type>
		<wp:post_password></wp:post_password>
		<wp:is_sticky>0</wp:is_sticky>
		<category domain="project-category" nicename="applications"><![CDATA[Applications]]></category>
		<wp:postmeta>
			<wp:meta_key>_edit_last</wp:meta_key>
			<wp:meta_value><![CDATA[1]]></wp:meta_value>
		</wp:postmeta>
		<wp:postmeta>
			<wp:meta_key>_thumbnail_id</wp:meta_key>
			<wp:meta_value><![CDATA[1551]]></wp:meta_value>
		</wp:postmeta>
		<wp:postmeta>
			<wp:meta_key>_client</wp:meta_key>
			<wp:meta_value><![CDATA[ALOMIA FASHION]]></wp:meta_value>
		</wp:postmeta>
		<wp:postmeta>
			<wp:meta_key>_url</wp:meta_key>
			<wp:meta_value><![CDATA[http://demo.roadthemes.com/rubbez]]></wp:meta_value>
		</wp:postmeta>
		<wp:postmeta>
			<wp:meta_key>_testimonials_search</wp:meta_key>
			<wp:meta_value><![CDATA[]]></wp:meta_value>
		</wp:postmeta>
		<wp:postmeta>
			<wp:meta_key>_testimonials_id</wp:meta_key>
			<wp:meta_value><![CDATA[0]]></wp:meta_value>
		</wp:postmeta>
		<wp:postmeta>
			<wp:meta_key>_products_search</wp:meta_key>
			<wp:meta_value><![CDATA[]]></wp:meta_value>
		</wp:postmeta>
		<wp:postmeta>
			<wp:meta_key>_products_id</wp:meta_key>
			<wp:meta_value><![CDATA[0]]></wp:meta_value>
		</wp:postmeta>
		<wp:postmeta>
			<wp:meta_key>_project_image_gallery</wp:meta_key>
			<wp:meta_value><![CDATA[]]></wp:meta_value>
		</wp:postmeta>
		<wp:postmeta>
			<wp:meta_key>slide_template</wp:meta_key>
			<wp:meta_value><![CDATA[default]]></wp:meta_value>
		</wp:postmeta>
	</item>
</channel>
</rss>
