<?xml version="1.0" encoding="UTF-8" ?>
<!-- This is a WordPress eXtended RSS file generated by WordPress as an export of your site. -->
<!-- It contains information about your site's posts, pages, comments, categories, and other content. -->
<!-- You may use this file to transfer that content from one site to another. -->
<!-- This file is not intended to serve as a complete backup of your site. -->

<!-- To import this information into a WordPress site follow these steps: -->
<!-- 1. Log in to that site as an administrator. -->
<!-- 2. Go to Tools: Import in the WordPress admin panel. -->
<!-- 3. Install the "WordPress" importer from the list. -->
<!-- 4. Activate & Run Importer. -->
<!-- 5. Upload this file using the form provided on that page. -->
<!-- 6. You will first be asked to map the authors in this export file to users -->
<!--    on the site. For each author, you may choose to map to an -->
<!--    existing user on the site or to create a new user. -->
<!-- 7. WordPress will then import each of the posts, pages, comments, categories, etc. -->
<!--    contained in this file into your site. -->

<!-- generator="WordPress/3.9.3" created="2014-12-09 00:58" -->
<rss version="2.0"
	xmlns:excerpt="http://wordpress.org/export/1.2/excerpt/"
	xmlns:content="http://purl.org/rss/1.0/modules/content/"
	xmlns:wfw="http://wellformedweb.org/CommentAPI/"
	xmlns:dc="http://purl.org/dc/elements/1.1/"
	xmlns:wp="http://wordpress.org/export/1.2/"
>

<channel>
	<title>Rubbez</title>
	<link>http://demo.roadthemes.com/rubbez</link>
	<description>WordPress Theme</description>
	<pubDate>Tue, 09 Dec 2014 00:58:47 +0000</pubDate>
	<language>en-US</language>
	<wp:wxr_version>1.2</wp:wxr_version>
	<wp:base_site_url>http://demo.roadthemes.com/rubbez</wp:base_site_url>
	<wp:base_blog_url>http://demo.roadthemes.com/rubbez</wp:base_blog_url>

	<wp:author><wp:author_id>1</wp:author_id><wp:author_login>admin</wp:author_login><wp:author_email>demo@roadthemes.com</wp:author_email><wp:author_display_name><![CDATA[admin]]></wp:author_display_name><wp:author_first_name><![CDATA[John]]></wp:author_first_name><wp:author_last_name><![CDATA[Doe]]></wp:author_last_name></wp:author>


	<generator>http://wordpress.org/?v=3.9.3</generator>

	<item>
				<title>Elizabeth Taylor</title>
		<link>http://demo.roadthemes.com/rubbez/testimonial/george-baker/</link>
		<pubDate>Thu, 09 Oct 2014 07:40:47 +0000</pubDate>
		<dc:creator><![CDATA[admin]]></dc:creator>
		<guid isPermaLink="false">http://localhost/elegan/?post_type=testimonial&#038;p=1000</guid>
		<description></description>
		<content:encoded><![CDATA["Lorem ipsum dolor sit amet, consectetur adipiscing elit. Integer laoret purus sed mattis placerat. Ut at ante molestie."]]></content:encoded>
		<excerpt:encoded><![CDATA[]]></excerpt:encoded>
		<wp:post_id>1000</wp:post_id>
		<wp:post_date>2014-10-09 07:40:47</wp:post_date>
		<wp:post_date_gmt>2014-10-09 07:40:47</wp:post_date_gmt>
		<wp:comment_status>closed</wp:comment_status>
		<wp:ping_status>closed</wp:ping_status>
		<wp:post_name>george-baker</wp:post_name>
		<wp:status>publish</wp:status>
		<wp:post_parent>0</wp:post_parent>
		<wp:menu_order>0</wp:menu_order>
		<wp:post_type>testimonial</wp:post_type>
		<wp:post_password></wp:post_password>
		<wp:is_sticky>0</wp:is_sticky>
		<category domain="testimonial-category" nicename="wordpress"><![CDATA[WordPress]]></category>
		<wp:postmeta>
			<wp:meta_key>_edit_last</wp:meta_key>
			<wp:meta_value><![CDATA[1]]></wp:meta_value>
		</wp:postmeta>
		<wp:postmeta>
			<wp:meta_key>slide_template</wp:meta_key>
			<wp:meta_value><![CDATA[default]]></wp:meta_value>
		</wp:postmeta>
		<wp:postmeta>
			<wp:meta_key>_byline</wp:meta_key>
			<wp:meta_value><![CDATA[]]></wp:meta_value>
		</wp:postmeta>
		<wp:postmeta>
			<wp:meta_key>_thumbnail_id</wp:meta_key>
			<wp:meta_value><![CDATA[1608]]></wp:meta_value>
		</wp:postmeta>
	</item>
	<item>
				<title>Katherine Sullivan</title>
		<link>http://demo.roadthemes.com/rubbez/testimonial/clark-sullivan/</link>
		<pubDate>Thu, 09 Oct 2014 07:41:29 +0000</pubDate>
		<dc:creator><![CDATA[admin]]></dc:creator>
		<guid isPermaLink="false">http://localhost/elegan/?post_type=testimonial&#038;p=1001</guid>
		<description></description>
		<content:encoded><![CDATA["Lorem ipsum dolor sit amet, consectetur adipiscing elit. Integer laoret purus sed mattis placerat. Ut at ante molestie."]]></content:encoded>
		<excerpt:encoded><![CDATA[]]></excerpt:encoded>
		<wp:post_id>1001</wp:post_id>
		<wp:post_date>2014-10-09 07:41:29</wp:post_date>
		<wp:post_date_gmt>2014-10-09 07:41:29</wp:post_date_gmt>
		<wp:comment_status>closed</wp:comment_status>
		<wp:ping_status>closed</wp:ping_status>
		<wp:post_name>clark-sullivan</wp:post_name>
		<wp:status>publish</wp:status>
		<wp:post_parent>0</wp:post_parent>
		<wp:menu_order>0</wp:menu_order>
		<wp:post_type>testimonial</wp:post_type>
		<wp:post_password></wp:post_password>
		<wp:is_sticky>0</wp:is_sticky>
		<category domain="testimonial-category" nicename="wordpress"><![CDATA[WordPress]]></category>
		<wp:postmeta>
			<wp:meta_key>_edit_last</wp:meta_key>
			<wp:meta_value><![CDATA[1]]></wp:meta_value>
		</wp:postmeta>
		<wp:postmeta>
			<wp:meta_key>slide_template</wp:meta_key>
			<wp:meta_value><![CDATA[default]]></wp:meta_value>
		</wp:postmeta>
		<wp:postmeta>
			<wp:meta_key>_byline</wp:meta_key>
			<wp:meta_value><![CDATA[]]></wp:meta_value>
		</wp:postmeta>
		<wp:postmeta>
			<wp:meta_key>_thumbnail_id</wp:meta_key>
			<wp:meta_value><![CDATA[1607]]></wp:meta_value>
		</wp:postmeta>
	</item>
	<item>
				<title>Jenifer Brown</title>
		<link>http://demo.roadthemes.com/rubbez/testimonial/jenifer-brown/</link>
		<pubDate>Fri, 07 Nov 2014 07:15:55 +0000</pubDate>
		<dc:creator><![CDATA[admin]]></dc:creator>
		<guid isPermaLink="false">http://localhost/rubbez/?post_type=testimonial&#038;p=1609</guid>
		<description></description>
		<content:encoded><![CDATA["Lorem ipsum dolor sit amet, consectetur adipiscing elit. Integer laoret purus sed mattis placerat. Ut at ante molestie."]]></content:encoded>
		<excerpt:encoded><![CDATA[]]></excerpt:encoded>
		<wp:post_id>1609</wp:post_id>
		<wp:post_date>2014-11-07 07:15:55</wp:post_date>
		<wp:post_date_gmt>2014-11-07 07:15:55</wp:post_date_gmt>
		<wp:comment_status>closed</wp:comment_status>
		<wp:ping_status>closed</wp:ping_status>
		<wp:post_name>jenifer-brown</wp:post_name>
		<wp:status>publish</wp:status>
		<wp:post_parent>0</wp:post_parent>
		<wp:menu_order>0</wp:menu_order>
		<wp:post_type>testimonial</wp:post_type>
		<wp:post_password></wp:post_password>
		<wp:is_sticky>0</wp:is_sticky>
		<category domain="testimonial-category" nicename="wordpress"><![CDATA[WordPress]]></category>
		<wp:postmeta>
			<wp:meta_key>_edit_last</wp:meta_key>
			<wp:meta_value><![CDATA[1]]></wp:meta_value>
		</wp:postmeta>
		<wp:postmeta>
			<wp:meta_key>_thumbnail_id</wp:meta_key>
			<wp:meta_value><![CDATA[1610]]></wp:meta_value>
		</wp:postmeta>
		<wp:postmeta>
			<wp:meta_key>slide_template</wp:meta_key>
			<wp:meta_value><![CDATA[default]]></wp:meta_value>
		</wp:postmeta>
	</item>
	<item>
				<title>Kathy Young</title>
		<link>http://demo.roadthemes.com/rubbez/testimonial/kathy-young/</link>
		<pubDate>Fri, 07 Nov 2014 07:29:15 +0000</pubDate>
		<dc:creator><![CDATA[admin]]></dc:creator>
		<guid isPermaLink="false">http://localhost/rubbez/?post_type=testimonial&#038;p=1611</guid>
		<description></description>
		<content:encoded><![CDATA["Lorem ipsum dolor sit amet, consectetur adipiscing elit. Integer laoret purus sed mattis placerat. Ut at ante molestie."]]></content:encoded>
		<excerpt:encoded><![CDATA[]]></excerpt:encoded>
		<wp:post_id>1611</wp:post_id>
		<wp:post_date>2014-11-07 07:29:15</wp:post_date>
		<wp:post_date_gmt>2014-11-07 07:29:15</wp:post_date_gmt>
		<wp:comment_status>closed</wp:comment_status>
		<wp:ping_status>closed</wp:ping_status>
		<wp:post_name>kathy-young</wp:post_name>
		<wp:status>publish</wp:status>
		<wp:post_parent>0</wp:post_parent>
		<wp:menu_order>0</wp:menu_order>
		<wp:post_type>testimonial</wp:post_type>
		<wp:post_password></wp:post_password>
		<wp:is_sticky>0</wp:is_sticky>
		<category domain="testimonial-category" nicename="wordpress"><![CDATA[WordPress]]></category>
		<wp:postmeta>
			<wp:meta_key>_edit_last</wp:meta_key>
			<wp:meta_value><![CDATA[1]]></wp:meta_value>
		</wp:postmeta>
		<wp:postmeta>
			<wp:meta_key>_thumbnail_id</wp:meta_key>
			<wp:meta_value><![CDATA[1612]]></wp:meta_value>
		</wp:postmeta>
		<wp:postmeta>
			<wp:meta_key>slide_template</wp:meta_key>
			<wp:meta_value><![CDATA[default]]></wp:meta_value>
		</wp:postmeta>
	</item>
</channel>
</rss>
