<?xml version="1.0" encoding="UTF-8" ?>
<!-- This is a WordPress eXtended RSS file generated by WordPress as an export of your site. -->
<!-- It contains information about your site's posts, pages, comments, categories, and other content. -->
<!-- You may use this file to transfer that content from one site to another. -->
<!-- This file is not intended to serve as a complete backup of your site. -->

<!-- To import this information into a WordPress site follow these steps: -->
<!-- 1. Log in to that site as an administrator. -->
<!-- 2. Go to Tools: Import in the WordPress admin panel. -->
<!-- 3. Install the "WordPress" importer from the list. -->
<!-- 4. Activate & Run Importer. -->
<!-- 5. Upload this file using the form provided on that page. -->
<!-- 6. You will first be asked to map the authors in this export file to users -->
<!--    on the site. For each author, you may choose to map to an -->
<!--    existing user on the site or to create a new user. -->
<!-- 7. WordPress will then import each of the posts, pages, comments, categories, etc. -->
<!--    contained in this file into your site. -->

<!-- generator="WordPress/4.8" created="2017-06-26 00:39" -->
<rss version="2.0"
	xmlns:excerpt="http://wordpress.org/export/1.2/excerpt/"
	xmlns:content="http://purl.org/rss/1.0/modules/content/"
	xmlns:wfw="http://wellformedweb.org/CommentAPI/"
	xmlns:dc="http://purl.org/dc/elements/1.1/"
	xmlns:wp="http://wordpress.org/export/1.2/"
>

<channel>
	<title>LIFE</title>
	<link>http://themes.pixelwars.org/life</link>
	<description>Just another WordPress site</description>
	<pubDate>Mon, 26 Jun 2017 00:39:07 +0000</pubDate>
	<language>en-US</language>
	<wp:wxr_version>1.2</wp:wxr_version>
	<wp:base_site_url>http://themes.pixelwars.org/life</wp:base_site_url>
	<wp:base_blog_url>http://themes.pixelwars.org/life</wp:base_blog_url>

	<wp:author><wp:author_id>1</wp:author_id><wp:author_login><![CDATA[pixelwars]]></wp:author_login><wp:author_email><![CDATA[mehmetsali@gmail.com]]></wp:author_email><wp:author_display_name><![CDATA[Developer]]></wp:author_display_name><wp:author_first_name><![CDATA[Developer]]></wp:author_first_name><wp:author_last_name><![CDATA[]]></wp:author_last_name></wp:author>


	<generator>https://wordpress.org/?v=4.8</generator>

	<item>
		<title>Milk Bottle</title>
		<link>http://themes.pixelwars.org/life/product/blue-style-tshirt/</link>
		<pubDate>Tue, 08 Nov 2016 13:50:31 +0000</pubDate>
		<dc:creator><![CDATA[pixelwars]]></dc:creator>
		<guid isPermaLink="false">http://themes.pixelwars.org/theblogger/default/?post_type=product&#038;p=254</guid>
		<description></description>
		<content:encoded><![CDATA[Things just got sweeter. The Galaxy S7 and Galaxy S7 edge are powered by the latest Android Marshmallow OS. That means less battery drain from apps you don’t use, and new features like Now on Tap—the genius technology that anticipates your next move.
<h3>What’s Inside The Box</h3>
Things just got sweeter. The Galaxy S7 and Galaxy S7 edge are powered by the latest Android Marshmallow OS. That means less battery drain from apps you don’t use, and new features like Now on Tap—the genius technology that anticipates your next move.
<h3>Camera Features</h3>
Things just got sweeter. The Galaxy S7 and Galaxy S7 edge are powered by the latest Android Marshmallow OS. That means less battery drain from apps you don’t use, and new features like Now on Tap—the genius technology that anticipates your next move.

&nbsp;]]></content:encoded>
		<excerpt:encoded><![CDATA[I'm not the monster he wants me to be. So I'm neither man nor beast. I'm something new entirely. With my own set of rules. I'm Dexter. Boo. Rorschach would say you have a hard time relating to others. Hello, Dexter Morgan.

Watching ice melt. This is fun. I'm really more an apartment person. I'm partial to air conditioning. Cops, another community I'm not part of. Tell him time is of the essence.]]></excerpt:encoded>
		<wp:post_id>254</wp:post_id>
		<wp:post_date><![CDATA[2016-11-08 13:50:31]]></wp:post_date>
		<wp:post_date_gmt><![CDATA[2016-11-08 13:50:31]]></wp:post_date_gmt>
		<wp:comment_status><![CDATA[open]]></wp:comment_status>
		<wp:ping_status><![CDATA[closed]]></wp:ping_status>
		<wp:post_name><![CDATA[blue-style-tshirt]]></wp:post_name>
		<wp:status><![CDATA[publish]]></wp:status>
		<wp:post_parent>0</wp:post_parent>
		<wp:menu_order>0</wp:menu_order>
		<wp:post_type><![CDATA[product]]></wp:post_type>
		<wp:post_password><![CDATA[]]></wp:post_password>
		<wp:is_sticky>0</wp:is_sticky>
		<category domain="product_tag" nicename="blue"><![CDATA[blue]]></category>
		<category domain="product_tag" nicename="new"><![CDATA[new]]></category>
		<category domain="product_type" nicename="simple"><![CDATA[simple]]></category>
		<category domain="product_tag" nicename="tshirt"><![CDATA[tshirt]]></category>
		<category domain="product_cat" nicename="shirts"><![CDATA[shirts]]></category>
		<wp:postmeta>
			<wp:meta_key><![CDATA[inline_featured_image]]></wp:meta_key>
			<wp:meta_value><![CDATA[0]]></wp:meta_value>
		</wp:postmeta>
		<wp:postmeta>
			<wp:meta_key><![CDATA[_vc_post_settings]]></wp:meta_key>
			<wp:meta_value><![CDATA[a:1:{s:10:"vc_grid_id";a:0:{}}]]></wp:meta_value>
		</wp:postmeta>
		<wp:postmeta>
			<wp:meta_key><![CDATA[inline_featured_image]]></wp:meta_key>
			<wp:meta_value><![CDATA[0]]></wp:meta_value>
		</wp:postmeta>
		<wp:postmeta>
			<wp:meta_key><![CDATA[_vc_post_settings]]></wp:meta_key>
			<wp:meta_value><![CDATA[a:1:{s:10:"vc_grid_id";a:0:{}}]]></wp:meta_value>
		</wp:postmeta>
		<wp:postmeta>
			<wp:meta_key><![CDATA[_edit_last]]></wp:meta_key>
			<wp:meta_value><![CDATA[1]]></wp:meta_value>
		</wp:postmeta>
		<wp:postmeta>
			<wp:meta_key><![CDATA[_virtual]]></wp:meta_key>
			<wp:meta_value><![CDATA[no]]></wp:meta_value>
		</wp:postmeta>
		<wp:postmeta>
			<wp:meta_key><![CDATA[_wc_review_count]]></wp:meta_key>
			<wp:meta_value><![CDATA[4]]></wp:meta_value>
		</wp:postmeta>
		<wp:postmeta>
			<wp:meta_key><![CDATA[_wc_rating_count]]></wp:meta_key>
			<wp:meta_value><![CDATA[a:3:{i:3;i:1;i:4;i:1;i:5;i:2;}]]></wp:meta_value>
		</wp:postmeta>
		<wp:postmeta>
			<wp:meta_key><![CDATA[_visibility]]></wp:meta_key>
			<wp:meta_value><![CDATA[visible]]></wp:meta_value>
		</wp:postmeta>
		<wp:postmeta>
			<wp:meta_key><![CDATA[_stock_status]]></wp:meta_key>
			<wp:meta_value><![CDATA[instock]]></wp:meta_value>
		</wp:postmeta>
		<wp:postmeta>
			<wp:meta_key><![CDATA[_thumbnail_id]]></wp:meta_key>
			<wp:meta_value><![CDATA[2072]]></wp:meta_value>
		</wp:postmeta>
		<wp:postmeta>
			<wp:meta_key><![CDATA[total_sales]]></wp:meta_key>
			<wp:meta_value><![CDATA[0]]></wp:meta_value>
		</wp:postmeta>
		<wp:postmeta>
			<wp:meta_key><![CDATA[_downloadable]]></wp:meta_key>
			<wp:meta_value><![CDATA[no]]></wp:meta_value>
		</wp:postmeta>
		<wp:postmeta>
			<wp:meta_key><![CDATA[_product_attributes]]></wp:meta_key>
			<wp:meta_value><![CDATA[a:3:{s:5:"color";a:6:{s:4:"name";s:5:"COLOR";s:5:"value";s:4:"Blue";s:8:"position";i:0;s:10:"is_visible";i:1;s:12:"is_variation";i:0;s:11:"is_taxonomy";i:0;}s:6:"length";a:6:{s:4:"name";s:6:"LENGTH";s:5:"value";s:7:"22 inch";s:8:"position";i:1;s:10:"is_visible";i:1;s:12:"is_variation";i:0;s:11:"is_taxonomy";i:0;}s:8:"warranty";a:6:{s:4:"name";s:8:"WARRANTY";s:5:"value";s:7:"2 years";s:8:"position";i:2;s:10:"is_visible";i:1;s:12:"is_variation";i:0;s:11:"is_taxonomy";i:0;}}]]></wp:meta_value>
		</wp:postmeta>
		<wp:postmeta>
			<wp:meta_key><![CDATA[_purchase_note]]></wp:meta_key>
			<wp:meta_value><![CDATA[]]></wp:meta_value>
		</wp:postmeta>
		<wp:postmeta>
			<wp:meta_key><![CDATA[_featured]]></wp:meta_key>
			<wp:meta_value><![CDATA[no]]></wp:meta_value>
		</wp:postmeta>
		<wp:postmeta>
			<wp:meta_key><![CDATA[_weight]]></wp:meta_key>
			<wp:meta_value><![CDATA[1]]></wp:meta_value>
		</wp:postmeta>
		<wp:postmeta>
			<wp:meta_key><![CDATA[_length]]></wp:meta_key>
			<wp:meta_value><![CDATA[22]]></wp:meta_value>
		</wp:postmeta>
		<wp:postmeta>
			<wp:meta_key><![CDATA[_width]]></wp:meta_key>
			<wp:meta_value><![CDATA[14]]></wp:meta_value>
		</wp:postmeta>
		<wp:postmeta>
			<wp:meta_key><![CDATA[_height]]></wp:meta_key>
			<wp:meta_value><![CDATA[10]]></wp:meta_value>
		</wp:postmeta>
		<wp:postmeta>
			<wp:meta_key><![CDATA[_sku]]></wp:meta_key>
			<wp:meta_value><![CDATA[24]]></wp:meta_value>
		</wp:postmeta>
		<wp:postmeta>
			<wp:meta_key><![CDATA[_regular_price]]></wp:meta_key>
			<wp:meta_value><![CDATA[400]]></wp:meta_value>
		</wp:postmeta>
		<wp:postmeta>
			<wp:meta_key><![CDATA[_sale_price]]></wp:meta_key>
			<wp:meta_value><![CDATA[]]></wp:meta_value>
		</wp:postmeta>
		<wp:postmeta>
			<wp:meta_key><![CDATA[_sale_price_dates_from]]></wp:meta_key>
			<wp:meta_value><![CDATA[]]></wp:meta_value>
		</wp:postmeta>
		<wp:postmeta>
			<wp:meta_key><![CDATA[_sale_price_dates_to]]></wp:meta_key>
			<wp:meta_value><![CDATA[]]></wp:meta_value>
		</wp:postmeta>
		<wp:postmeta>
			<wp:meta_key><![CDATA[_price]]></wp:meta_key>
			<wp:meta_value><![CDATA[400]]></wp:meta_value>
		</wp:postmeta>
		<wp:postmeta>
			<wp:meta_key><![CDATA[_sold_individually]]></wp:meta_key>
			<wp:meta_value><![CDATA[]]></wp:meta_value>
		</wp:postmeta>
		<wp:postmeta>
			<wp:meta_key><![CDATA[_manage_stock]]></wp:meta_key>
			<wp:meta_value><![CDATA[no]]></wp:meta_value>
		</wp:postmeta>
		<wp:postmeta>
			<wp:meta_key><![CDATA[_backorders]]></wp:meta_key>
			<wp:meta_value><![CDATA[no]]></wp:meta_value>
		</wp:postmeta>
		<wp:postmeta>
			<wp:meta_key><![CDATA[_stock]]></wp:meta_key>
			<wp:meta_value><![CDATA[]]></wp:meta_value>
		</wp:postmeta>
		<wp:postmeta>
			<wp:meta_key><![CDATA[_upsell_ids]]></wp:meta_key>
			<wp:meta_value><![CDATA[a:0:{}]]></wp:meta_value>
		</wp:postmeta>
		<wp:postmeta>
			<wp:meta_key><![CDATA[_crosssell_ids]]></wp:meta_key>
			<wp:meta_value><![CDATA[a:0:{}]]></wp:meta_value>
		</wp:postmeta>
		<wp:postmeta>
			<wp:meta_key><![CDATA[_product_version]]></wp:meta_key>
			<wp:meta_value><![CDATA[3.0.6]]></wp:meta_value>
		</wp:postmeta>
		<wp:postmeta>
			<wp:meta_key><![CDATA[_product_image_gallery]]></wp:meta_key>
			<wp:meta_value><![CDATA[2073,2074,2075]]></wp:meta_value>
		</wp:postmeta>
		<wp:postmeta>
			<wp:meta_key><![CDATA[_wc_average_rating]]></wp:meta_key>
			<wp:meta_value><![CDATA[4.25]]></wp:meta_value>
		</wp:postmeta>
		<wp:postmeta>
			<wp:meta_key><![CDATA[_recommended]]></wp:meta_key>
			<wp:meta_value><![CDATA[0]]></wp:meta_value>
		</wp:postmeta>
		<wp:postmeta>
			<wp:meta_key><![CDATA[_tax_class]]></wp:meta_key>
			<wp:meta_value><![CDATA[]]></wp:meta_value>
		</wp:postmeta>
		<wp:postmeta>
			<wp:meta_key><![CDATA[_tax_status]]></wp:meta_key>
			<wp:meta_value><![CDATA[taxable]]></wp:meta_value>
		</wp:postmeta>
		<wp:postmeta>
			<wp:meta_key><![CDATA[_default_attributes]]></wp:meta_key>
			<wp:meta_value><![CDATA[a:0:{}]]></wp:meta_value>
		</wp:postmeta>
		<wp:postmeta>
			<wp:meta_key><![CDATA[_download_limit]]></wp:meta_key>
			<wp:meta_value><![CDATA[-1]]></wp:meta_value>
		</wp:postmeta>
		<wp:postmeta>
			<wp:meta_key><![CDATA[_download_expiry]]></wp:meta_key>
			<wp:meta_value><![CDATA[-1]]></wp:meta_value>
		</wp:postmeta>
		<wp:comment>
			<wp:comment_id>26</wp:comment_id>
			<wp:comment_author><![CDATA[Mark Garrett]]></wp:comment_author>
			<wp:comment_author_email><![CDATA[theblogger-mark-garrett@pixelwars.org]]></wp:comment_author_email>
			<wp:comment_author_url></wp:comment_author_url>
			<wp:comment_author_IP><![CDATA[78.184.34.151]]></wp:comment_author_IP>
			<wp:comment_date><![CDATA[2016-11-08 12:52:50]]></wp:comment_date>
			<wp:comment_date_gmt><![CDATA[2016-11-08 12:52:50]]></wp:comment_date_gmt>
			<wp:comment_content><![CDATA[Great product, like it so freaking much!]]></wp:comment_content>
			<wp:comment_approved><![CDATA[1]]></wp:comment_approved>
			<wp:comment_type><![CDATA[]]></wp:comment_type>
			<wp:comment_parent>0</wp:comment_parent>
			<wp:comment_user_id>0</wp:comment_user_id>
			<wp:commentmeta>
				<wp:meta_key><![CDATA[rating]]></wp:meta_key>
				<wp:meta_value><![CDATA[5]]></wp:meta_value>
			</wp:commentmeta>
			<wp:commentmeta>
				<wp:meta_key><![CDATA[verified]]></wp:meta_key>
				<wp:meta_value><![CDATA[0]]></wp:meta_value>
			</wp:commentmeta>
		</wp:comment>
		<wp:comment>
			<wp:comment_id>27</wp:comment_id>
			<wp:comment_author><![CDATA[Jerry Parker]]></wp:comment_author>
			<wp:comment_author_email><![CDATA[theblogger-jerry-parker@pixelwars.org]]></wp:comment_author_email>
			<wp:comment_author_url></wp:comment_author_url>
			<wp:comment_author_IP><![CDATA[78.184.34.151]]></wp:comment_author_IP>
			<wp:comment_date><![CDATA[2016-11-08 12:54:15]]></wp:comment_date>
			<wp:comment_date_gmt><![CDATA[2016-11-08 12:54:15]]></wp:comment_date_gmt>
			<wp:comment_content><![CDATA[He taught me a code. To survive. I have a dark side, too. I'm thinking two circus clowns dancing. You? Pretend. You pretend the feelings are there, for the world, for the people around you. Who knows? Maybe one day they will be.]]></wp:comment_content>
			<wp:comment_approved><![CDATA[1]]></wp:comment_approved>
			<wp:comment_type><![CDATA[]]></wp:comment_type>
			<wp:comment_parent>0</wp:comment_parent>
			<wp:comment_user_id>0</wp:comment_user_id>
			<wp:commentmeta>
				<wp:meta_key><![CDATA[rating]]></wp:meta_key>
				<wp:meta_value><![CDATA[4]]></wp:meta_value>
			</wp:commentmeta>
			<wp:commentmeta>
				<wp:meta_key><![CDATA[verified]]></wp:meta_key>
				<wp:meta_value><![CDATA[0]]></wp:meta_value>
			</wp:commentmeta>
		</wp:comment>
		<wp:comment>
			<wp:comment_id>28</wp:comment_id>
			<wp:comment_author><![CDATA[Helen Herrera]]></wp:comment_author>
			<wp:comment_author_email><![CDATA[theblogger-helen-herrera@pixelwars.org]]></wp:comment_author_email>
			<wp:comment_author_url></wp:comment_author_url>
			<wp:comment_author_IP><![CDATA[78.184.34.151]]></wp:comment_author_IP>
			<wp:comment_date><![CDATA[2016-11-08 12:55:08]]></wp:comment_date>
			<wp:comment_date_gmt><![CDATA[2016-11-08 12:55:08]]></wp:comment_date_gmt>
			<wp:comment_content><![CDATA[I like seafood. Cops, another community I'm not part of. I'm partial to air conditioning.]]></wp:comment_content>
			<wp:comment_approved><![CDATA[1]]></wp:comment_approved>
			<wp:comment_type><![CDATA[]]></wp:comment_type>
			<wp:comment_parent>0</wp:comment_parent>
			<wp:comment_user_id>0</wp:comment_user_id>
			<wp:commentmeta>
				<wp:meta_key><![CDATA[rating]]></wp:meta_key>
				<wp:meta_value><![CDATA[3]]></wp:meta_value>
			</wp:commentmeta>
			<wp:commentmeta>
				<wp:meta_key><![CDATA[verified]]></wp:meta_key>
				<wp:meta_value><![CDATA[0]]></wp:meta_value>
			</wp:commentmeta>
		</wp:comment>
		<wp:comment>
			<wp:comment_id>29</wp:comment_id>
			<wp:comment_author><![CDATA[Annie Johnson]]></wp:comment_author>
			<wp:comment_author_email><![CDATA[theblogger-annie-johnson@pixelwars.org]]></wp:comment_author_email>
			<wp:comment_author_url></wp:comment_author_url>
			<wp:comment_author_IP><![CDATA[78.184.34.151]]></wp:comment_author_IP>
			<wp:comment_date><![CDATA[2016-11-08 12:55:54]]></wp:comment_date>
			<wp:comment_date_gmt><![CDATA[2016-11-08 12:55:54]]></wp:comment_date_gmt>
			<wp:comment_content><![CDATA[Things just got sweeter. That means less battery drain from apps you don’t use, and new features like Now on Tap—the genius technology that anticipates your next move.]]></wp:comment_content>
			<wp:comment_approved><![CDATA[1]]></wp:comment_approved>
			<wp:comment_type><![CDATA[]]></wp:comment_type>
			<wp:comment_parent>0</wp:comment_parent>
			<wp:comment_user_id>0</wp:comment_user_id>
			<wp:commentmeta>
				<wp:meta_key><![CDATA[rating]]></wp:meta_key>
				<wp:meta_value><![CDATA[5]]></wp:meta_value>
			</wp:commentmeta>
			<wp:commentmeta>
				<wp:meta_key><![CDATA[verified]]></wp:meta_key>
				<wp:meta_value><![CDATA[0]]></wp:meta_value>
			</wp:commentmeta>
		</wp:comment>
	</item>
	<item>
		<title>Retro Phone</title>
		<link>http://themes.pixelwars.org/life/product/yellow-denim-jacket/</link>
		<pubDate>Tue, 08 Nov 2016 13:48:33 +0000</pubDate>
		<dc:creator><![CDATA[pixelwars]]></dc:creator>
		<guid isPermaLink="false">http://themes.pixelwars.org/theblogger/default/product/yellow-denim-jacket/</guid>
		<description></description>
		<content:encoded><![CDATA[Things just got sweeter. The Galaxy S7 and Galaxy S7 edge are powered by the latest Android Marshmallow OS. That means less battery drain from apps you don’t use, and new features like Now on Tap—the genius technology that anticipates your next move.
<h3>What’s Inside The Box</h3>
Things just got sweeter. The Galaxy S7 and Galaxy S7 edge are powered by the latest Android Marshmallow OS. That means less battery drain from apps you don’t use, and new features like Now on Tap—the genius technology that anticipates your next move.
<h3>Camera Features</h3>
Things just got sweeter. The Galaxy S7 and Galaxy S7 edge are powered by the latest Android Marshmallow OS. That means less battery drain from apps you don’t use, and new features like Now on Tap—the genius technology that anticipates your next move.

&nbsp;]]></content:encoded>
		<excerpt:encoded><![CDATA[I'm not the monster he wants me to be. So I'm neither man nor beast. I'm something new entirely. With my own set of rules. I'm Dexter. Boo. Rorschach would say you have a hard time relating to others. Hello, Dexter Morgan.

Watching ice melt. This is fun. I'm really more an apartment person. I'm partial to air conditioning. Cops, another community I'm not part of. Tell him time is of the essence.]]></excerpt:encoded>
		<wp:post_id>268</wp:post_id>
		<wp:post_date><![CDATA[2016-11-08 13:48:33]]></wp:post_date>
		<wp:post_date_gmt><![CDATA[2016-11-08 13:48:33]]></wp:post_date_gmt>
		<wp:comment_status><![CDATA[open]]></wp:comment_status>
		<wp:ping_status><![CDATA[closed]]></wp:ping_status>
		<wp:post_name><![CDATA[yellow-denim-jacket]]></wp:post_name>
		<wp:status><![CDATA[publish]]></wp:status>
		<wp:post_parent>0</wp:post_parent>
		<wp:menu_order>0</wp:menu_order>
		<wp:post_type><![CDATA[product]]></wp:post_type>
		<wp:post_password><![CDATA[]]></wp:post_password>
		<wp:is_sticky>0</wp:is_sticky>
		<category domain="product_tag" nicename="new"><![CDATA[new]]></category>
		<category domain="product_type" nicename="simple"><![CDATA[simple]]></category>
		<category domain="product_tag" nicename="tshirt"><![CDATA[tshirt]]></category>
		<category domain="product_tag" nicename="yellow"><![CDATA[yellow]]></category>
		<category domain="product_cat" nicename="shirts"><![CDATA[shirts]]></category>
		<wp:postmeta>
			<wp:meta_key><![CDATA[inline_featured_image]]></wp:meta_key>
			<wp:meta_value><![CDATA[0]]></wp:meta_value>
		</wp:postmeta>
		<wp:postmeta>
			<wp:meta_key><![CDATA[_vc_post_settings]]></wp:meta_key>
			<wp:meta_value><![CDATA[a:1:{s:10:"vc_grid_id";a:0:{}}]]></wp:meta_value>
		</wp:postmeta>
		<wp:postmeta>
			<wp:meta_key><![CDATA[inline_featured_image]]></wp:meta_key>
			<wp:meta_value><![CDATA[0]]></wp:meta_value>
		</wp:postmeta>
		<wp:postmeta>
			<wp:meta_key><![CDATA[_vc_post_settings]]></wp:meta_key>
			<wp:meta_value><![CDATA[a:1:{s:10:"vc_grid_id";a:0:{}}]]></wp:meta_value>
		</wp:postmeta>
		<wp:postmeta>
			<wp:meta_key><![CDATA[_edit_last]]></wp:meta_key>
			<wp:meta_value><![CDATA[1]]></wp:meta_value>
		</wp:postmeta>
		<wp:postmeta>
			<wp:meta_key><![CDATA[_virtual]]></wp:meta_key>
			<wp:meta_value><![CDATA[no]]></wp:meta_value>
		</wp:postmeta>
		<wp:postmeta>
			<wp:meta_key><![CDATA[_visibility]]></wp:meta_key>
			<wp:meta_value><![CDATA[visible]]></wp:meta_value>
		</wp:postmeta>
		<wp:postmeta>
			<wp:meta_key><![CDATA[_stock_status]]></wp:meta_key>
			<wp:meta_value><![CDATA[instock]]></wp:meta_value>
		</wp:postmeta>
		<wp:postmeta>
			<wp:meta_key><![CDATA[_thumbnail_id]]></wp:meta_key>
			<wp:meta_value><![CDATA[2136]]></wp:meta_value>
		</wp:postmeta>
		<wp:postmeta>
			<wp:meta_key><![CDATA[_downloadable]]></wp:meta_key>
			<wp:meta_value><![CDATA[no]]></wp:meta_value>
		</wp:postmeta>
		<wp:postmeta>
			<wp:meta_key><![CDATA[_product_attributes]]></wp:meta_key>
			<wp:meta_value><![CDATA[a:3:{s:5:"color";a:6:{s:4:"name";s:5:"COLOR";s:5:"value";s:6:"Yellow";s:8:"position";i:0;s:10:"is_visible";i:1;s:12:"is_variation";i:0;s:11:"is_taxonomy";i:0;}s:6:"length";a:6:{s:4:"name";s:6:"LENGTH";s:5:"value";s:7:"22 inch";s:8:"position";i:1;s:10:"is_visible";i:1;s:12:"is_variation";i:0;s:11:"is_taxonomy";i:0;}s:8:"warranty";a:6:{s:4:"name";s:8:"WARRANTY";s:5:"value";s:7:"2 years";s:8:"position";i:2;s:10:"is_visible";i:1;s:12:"is_variation";i:0;s:11:"is_taxonomy";i:0;}}]]></wp:meta_value>
		</wp:postmeta>
		<wp:postmeta>
			<wp:meta_key><![CDATA[_purchase_note]]></wp:meta_key>
			<wp:meta_value><![CDATA[]]></wp:meta_value>
		</wp:postmeta>
		<wp:postmeta>
			<wp:meta_key><![CDATA[_featured]]></wp:meta_key>
			<wp:meta_value><![CDATA[no]]></wp:meta_value>
		</wp:postmeta>
		<wp:postmeta>
			<wp:meta_key><![CDATA[_weight]]></wp:meta_key>
			<wp:meta_value><![CDATA[1]]></wp:meta_value>
		</wp:postmeta>
		<wp:postmeta>
			<wp:meta_key><![CDATA[_length]]></wp:meta_key>
			<wp:meta_value><![CDATA[22]]></wp:meta_value>
		</wp:postmeta>
		<wp:postmeta>
			<wp:meta_key><![CDATA[_width]]></wp:meta_key>
			<wp:meta_value><![CDATA[14]]></wp:meta_value>
		</wp:postmeta>
		<wp:postmeta>
			<wp:meta_key><![CDATA[_height]]></wp:meta_key>
			<wp:meta_value><![CDATA[10]]></wp:meta_value>
		</wp:postmeta>
		<wp:postmeta>
			<wp:meta_key><![CDATA[_regular_price]]></wp:meta_key>
			<wp:meta_value><![CDATA[800]]></wp:meta_value>
		</wp:postmeta>
		<wp:postmeta>
			<wp:meta_key><![CDATA[_sale_price]]></wp:meta_key>
			<wp:meta_value><![CDATA[600]]></wp:meta_value>
		</wp:postmeta>
		<wp:postmeta>
			<wp:meta_key><![CDATA[_sale_price_dates_from]]></wp:meta_key>
			<wp:meta_value><![CDATA[]]></wp:meta_value>
		</wp:postmeta>
		<wp:postmeta>
			<wp:meta_key><![CDATA[_sale_price_dates_to]]></wp:meta_key>
			<wp:meta_value><![CDATA[]]></wp:meta_value>
		</wp:postmeta>
		<wp:postmeta>
			<wp:meta_key><![CDATA[_price]]></wp:meta_key>
			<wp:meta_value><![CDATA[600]]></wp:meta_value>
		</wp:postmeta>
		<wp:postmeta>
			<wp:meta_key><![CDATA[_sold_individually]]></wp:meta_key>
			<wp:meta_value><![CDATA[]]></wp:meta_value>
		</wp:postmeta>
		<wp:postmeta>
			<wp:meta_key><![CDATA[_manage_stock]]></wp:meta_key>
			<wp:meta_value><![CDATA[no]]></wp:meta_value>
		</wp:postmeta>
		<wp:postmeta>
			<wp:meta_key><![CDATA[_backorders]]></wp:meta_key>
			<wp:meta_value><![CDATA[no]]></wp:meta_value>
		</wp:postmeta>
		<wp:postmeta>
			<wp:meta_key><![CDATA[_stock]]></wp:meta_key>
			<wp:meta_value><![CDATA[]]></wp:meta_value>
		</wp:postmeta>
		<wp:postmeta>
			<wp:meta_key><![CDATA[_upsell_ids]]></wp:meta_key>
			<wp:meta_value><![CDATA[a:0:{}]]></wp:meta_value>
		</wp:postmeta>
		<wp:postmeta>
			<wp:meta_key><![CDATA[_crosssell_ids]]></wp:meta_key>
			<wp:meta_value><![CDATA[a:0:{}]]></wp:meta_value>
		</wp:postmeta>
		<wp:postmeta>
			<wp:meta_key><![CDATA[_product_version]]></wp:meta_key>
			<wp:meta_value><![CDATA[3.0.6]]></wp:meta_value>
		</wp:postmeta>
		<wp:postmeta>
			<wp:meta_key><![CDATA[_product_image_gallery]]></wp:meta_key>
			<wp:meta_value><![CDATA[2200,2201,2202]]></wp:meta_value>
		</wp:postmeta>
		<wp:postmeta>
			<wp:meta_key><![CDATA[_wp_old_slug]]></wp:meta_key>
			<wp:meta_value><![CDATA[yellow]]></wp:meta_value>
		</wp:postmeta>
		<wp:postmeta>
			<wp:meta_key><![CDATA[total_sales]]></wp:meta_key>
			<wp:meta_value><![CDATA[1]]></wp:meta_value>
		</wp:postmeta>
		<wp:postmeta>
			<wp:meta_key><![CDATA[_sku]]></wp:meta_key>
			<wp:meta_value><![CDATA[]]></wp:meta_value>
		</wp:postmeta>
		<wp:postmeta>
			<wp:meta_key><![CDATA[_wc_review_count]]></wp:meta_key>
			<wp:meta_value><![CDATA[4]]></wp:meta_value>
		</wp:postmeta>
		<wp:postmeta>
			<wp:meta_key><![CDATA[_wc_rating_count]]></wp:meta_key>
			<wp:meta_value><![CDATA[a:3:{i:3;i:1;i:4;i:1;i:5;i:2;}]]></wp:meta_value>
		</wp:postmeta>
		<wp:postmeta>
			<wp:meta_key><![CDATA[_wc_average_rating]]></wp:meta_key>
			<wp:meta_value><![CDATA[4.25]]></wp:meta_value>
		</wp:postmeta>
		<wp:postmeta>
			<wp:meta_key><![CDATA[_recommended]]></wp:meta_key>
			<wp:meta_value><![CDATA[0]]></wp:meta_value>
		</wp:postmeta>
		<wp:postmeta>
			<wp:meta_key><![CDATA[_tax_status]]></wp:meta_key>
			<wp:meta_value><![CDATA[taxable]]></wp:meta_value>
		</wp:postmeta>
		<wp:postmeta>
			<wp:meta_key><![CDATA[_tax_class]]></wp:meta_key>
			<wp:meta_value><![CDATA[]]></wp:meta_value>
		</wp:postmeta>
		<wp:postmeta>
			<wp:meta_key><![CDATA[_default_attributes]]></wp:meta_key>
			<wp:meta_value><![CDATA[a:0:{}]]></wp:meta_value>
		</wp:postmeta>
		<wp:postmeta>
			<wp:meta_key><![CDATA[_download_limit]]></wp:meta_key>
			<wp:meta_value><![CDATA[-1]]></wp:meta_value>
		</wp:postmeta>
		<wp:postmeta>
			<wp:meta_key><![CDATA[_download_expiry]]></wp:meta_key>
			<wp:meta_value><![CDATA[-1]]></wp:meta_value>
		</wp:postmeta>
		<wp:comment>
			<wp:comment_id>30</wp:comment_id>
			<wp:comment_author><![CDATA[Mark Garrett]]></wp:comment_author>
			<wp:comment_author_email><![CDATA[theblogger-mark-garrett@pixelwars.org]]></wp:comment_author_email>
			<wp:comment_author_url></wp:comment_author_url>
			<wp:comment_author_IP><![CDATA[78.184.34.151]]></wp:comment_author_IP>
			<wp:comment_date><![CDATA[2016-11-08 14:00:55]]></wp:comment_date>
			<wp:comment_date_gmt><![CDATA[2016-11-08 14:00:55]]></wp:comment_date_gmt>
			<wp:comment_content><![CDATA[Great product, like it so freaking much!]]></wp:comment_content>
			<wp:comment_approved><![CDATA[1]]></wp:comment_approved>
			<wp:comment_type><![CDATA[]]></wp:comment_type>
			<wp:comment_parent>0</wp:comment_parent>
			<wp:comment_user_id>0</wp:comment_user_id>
			<wp:commentmeta>
				<wp:meta_key><![CDATA[rating]]></wp:meta_key>
				<wp:meta_value><![CDATA[5]]></wp:meta_value>
			</wp:commentmeta>
			<wp:commentmeta>
				<wp:meta_key><![CDATA[verified]]></wp:meta_key>
				<wp:meta_value><![CDATA[0]]></wp:meta_value>
			</wp:commentmeta>
		</wp:comment>
		<wp:comment>
			<wp:comment_id>31</wp:comment_id>
			<wp:comment_author><![CDATA[Jerry Parker]]></wp:comment_author>
			<wp:comment_author_email><![CDATA[theblogger-jerry-parker@pixelwars.org]]></wp:comment_author_email>
			<wp:comment_author_url></wp:comment_author_url>
			<wp:comment_author_IP><![CDATA[78.184.34.151]]></wp:comment_author_IP>
			<wp:comment_date><![CDATA[2016-11-08 14:01:22]]></wp:comment_date>
			<wp:comment_date_gmt><![CDATA[2016-11-08 14:01:22]]></wp:comment_date_gmt>
			<wp:comment_content><![CDATA[He taught me a code. To survive. I have a dark side, too. I’m thinking two circus clowns dancing. You? Pretend. You pretend the feelings are there, for the world, for the people around you. Who knows? Maybe one day they will be.]]></wp:comment_content>
			<wp:comment_approved><![CDATA[1]]></wp:comment_approved>
			<wp:comment_type><![CDATA[]]></wp:comment_type>
			<wp:comment_parent>0</wp:comment_parent>
			<wp:comment_user_id>0</wp:comment_user_id>
			<wp:commentmeta>
				<wp:meta_key><![CDATA[rating]]></wp:meta_key>
				<wp:meta_value><![CDATA[4]]></wp:meta_value>
			</wp:commentmeta>
			<wp:commentmeta>
				<wp:meta_key><![CDATA[verified]]></wp:meta_key>
				<wp:meta_value><![CDATA[0]]></wp:meta_value>
			</wp:commentmeta>
		</wp:comment>
		<wp:comment>
			<wp:comment_id>32</wp:comment_id>
			<wp:comment_author><![CDATA[Helen Herrera]]></wp:comment_author>
			<wp:comment_author_email><![CDATA[theblogger-helen-herrera@pixelwars.org]]></wp:comment_author_email>
			<wp:comment_author_url></wp:comment_author_url>
			<wp:comment_author_IP><![CDATA[78.184.34.151]]></wp:comment_author_IP>
			<wp:comment_date><![CDATA[2016-11-08 14:01:48]]></wp:comment_date>
			<wp:comment_date_gmt><![CDATA[2016-11-08 14:01:48]]></wp:comment_date_gmt>
			<wp:comment_content><![CDATA[I like seafood. Cops, another community I’m not part of. I’m partial to air conditioning.]]></wp:comment_content>
			<wp:comment_approved><![CDATA[1]]></wp:comment_approved>
			<wp:comment_type><![CDATA[]]></wp:comment_type>
			<wp:comment_parent>0</wp:comment_parent>
			<wp:comment_user_id>0</wp:comment_user_id>
			<wp:commentmeta>
				<wp:meta_key><![CDATA[rating]]></wp:meta_key>
				<wp:meta_value><![CDATA[3]]></wp:meta_value>
			</wp:commentmeta>
			<wp:commentmeta>
				<wp:meta_key><![CDATA[verified]]></wp:meta_key>
				<wp:meta_value><![CDATA[0]]></wp:meta_value>
			</wp:commentmeta>
		</wp:comment>
		<wp:comment>
			<wp:comment_id>33</wp:comment_id>
			<wp:comment_author><![CDATA[Annie Johnson]]></wp:comment_author>
			<wp:comment_author_email><![CDATA[theblogger-annie-johnson@pixelwars.org]]></wp:comment_author_email>
			<wp:comment_author_url></wp:comment_author_url>
			<wp:comment_author_IP><![CDATA[78.184.34.151]]></wp:comment_author_IP>
			<wp:comment_date><![CDATA[2016-11-08 14:02:19]]></wp:comment_date>
			<wp:comment_date_gmt><![CDATA[2016-11-08 14:02:19]]></wp:comment_date_gmt>
			<wp:comment_content><![CDATA[Things just got sweeter. That means less battery drain from apps you don’t use, and new features like Now on Tap—the genius technology that anticipates your next move.]]></wp:comment_content>
			<wp:comment_approved><![CDATA[1]]></wp:comment_approved>
			<wp:comment_type><![CDATA[]]></wp:comment_type>
			<wp:comment_parent>0</wp:comment_parent>
			<wp:comment_user_id>0</wp:comment_user_id>
			<wp:commentmeta>
				<wp:meta_key><![CDATA[rating]]></wp:meta_key>
				<wp:meta_value><![CDATA[5]]></wp:meta_value>
			</wp:commentmeta>
			<wp:commentmeta>
				<wp:meta_key><![CDATA[verified]]></wp:meta_key>
				<wp:meta_value><![CDATA[0]]></wp:meta_value>
			</wp:commentmeta>
		</wp:comment>
	</item>
	<item>
		<title>Teapot</title>
		<link>http://themes.pixelwars.org/life/product/black-denim-jacket/</link>
		<pubDate>Tue, 08 Nov 2016 13:46:15 +0000</pubDate>
		<dc:creator><![CDATA[pixelwars]]></dc:creator>
		<guid isPermaLink="false">http://themes.pixelwars.org/theblogger/default/product/black-denim-jacket/</guid>
		<description></description>
		<content:encoded><![CDATA[Things just got sweeter. The Galaxy S7 and Galaxy S7 edge are powered by the latest Android Marshmallow OS. That means less battery drain from apps you don’t use, and new features like Now on Tap—the genius technology that anticipates your next move.
<h3>What’s Inside The Box</h3>
Things just got sweeter. The Galaxy S7 and Galaxy S7 edge are powered by the latest Android Marshmallow OS. That means less battery drain from apps you don’t use, and new features like Now on Tap—the genius technology that anticipates your next move.
<h3>Camera Features</h3>
Things just got sweeter. The Galaxy S7 and Galaxy S7 edge are powered by the latest Android Marshmallow OS. That means less battery drain from apps you don’t use, and new features like Now on Tap—the genius technology that anticipates your next move.

&nbsp;]]></content:encoded>
		<excerpt:encoded><![CDATA[I'm not the monster he wants me to be. So I'm neither man nor beast. I'm something new entirely. With my own set of rules. I'm Dexter. Boo. Rorschach would say you have a hard time relating to others. Hello, Dexter Morgan.

Watching ice melt. This is fun. I'm really more an apartment person. I'm partial to air conditioning. Cops, another community I'm not part of. Tell him time is of the essence.]]></excerpt:encoded>
		<wp:post_id>270</wp:post_id>
		<wp:post_date><![CDATA[2016-11-08 13:46:15]]></wp:post_date>
		<wp:post_date_gmt><![CDATA[2016-11-08 13:46:15]]></wp:post_date_gmt>
		<wp:comment_status><![CDATA[open]]></wp:comment_status>
		<wp:ping_status><![CDATA[closed]]></wp:ping_status>
		<wp:post_name><![CDATA[black-denim-jacket]]></wp:post_name>
		<wp:status><![CDATA[publish]]></wp:status>
		<wp:post_parent>0</wp:post_parent>
		<wp:menu_order>0</wp:menu_order>
		<wp:post_type><![CDATA[product]]></wp:post_type>
		<wp:post_password><![CDATA[]]></wp:post_password>
		<wp:is_sticky>0</wp:is_sticky>
		<category domain="product_tag" nicename="black"><![CDATA[black]]></category>
		<category domain="product_tag" nicename="new"><![CDATA[new]]></category>
		<category domain="product_type" nicename="simple"><![CDATA[simple]]></category>
		<category domain="product_tag" nicename="tshirt"><![CDATA[tshirt]]></category>
		<category domain="product_cat" nicename="shirts"><![CDATA[shirts]]></category>
		<wp:postmeta>
			<wp:meta_key><![CDATA[inline_featured_image]]></wp:meta_key>
			<wp:meta_value><![CDATA[0]]></wp:meta_value>
		</wp:postmeta>
		<wp:postmeta>
			<wp:meta_key><![CDATA[_vc_post_settings]]></wp:meta_key>
			<wp:meta_value><![CDATA[a:1:{s:10:"vc_grid_id";a:0:{}}]]></wp:meta_value>
		</wp:postmeta>
		<wp:postmeta>
			<wp:meta_key><![CDATA[inline_featured_image]]></wp:meta_key>
			<wp:meta_value><![CDATA[0]]></wp:meta_value>
		</wp:postmeta>
		<wp:postmeta>
			<wp:meta_key><![CDATA[_vc_post_settings]]></wp:meta_key>
			<wp:meta_value><![CDATA[a:1:{s:10:"vc_grid_id";a:0:{}}]]></wp:meta_value>
		</wp:postmeta>
		<wp:postmeta>
			<wp:meta_key><![CDATA[_edit_last]]></wp:meta_key>
			<wp:meta_value><![CDATA[1]]></wp:meta_value>
		</wp:postmeta>
		<wp:postmeta>
			<wp:meta_key><![CDATA[_virtual]]></wp:meta_key>
			<wp:meta_value><![CDATA[no]]></wp:meta_value>
		</wp:postmeta>
		<wp:postmeta>
			<wp:meta_key><![CDATA[_visibility]]></wp:meta_key>
			<wp:meta_value><![CDATA[visible]]></wp:meta_value>
		</wp:postmeta>
		<wp:postmeta>
			<wp:meta_key><![CDATA[_stock_status]]></wp:meta_key>
			<wp:meta_value><![CDATA[instock]]></wp:meta_value>
		</wp:postmeta>
		<wp:postmeta>
			<wp:meta_key><![CDATA[_thumbnail_id]]></wp:meta_key>
			<wp:meta_value><![CDATA[2197]]></wp:meta_value>
		</wp:postmeta>
		<wp:postmeta>
			<wp:meta_key><![CDATA[_downloadable]]></wp:meta_key>
			<wp:meta_value><![CDATA[no]]></wp:meta_value>
		</wp:postmeta>
		<wp:postmeta>
			<wp:meta_key><![CDATA[_product_attributes]]></wp:meta_key>
			<wp:meta_value><![CDATA[a:3:{s:5:"color";a:6:{s:4:"name";s:5:"COLOR";s:5:"value";s:5:"Black";s:8:"position";i:0;s:10:"is_visible";i:1;s:12:"is_variation";i:0;s:11:"is_taxonomy";i:0;}s:6:"length";a:6:{s:4:"name";s:6:"LENGTH";s:5:"value";s:7:"22 inch";s:8:"position";i:1;s:10:"is_visible";i:1;s:12:"is_variation";i:0;s:11:"is_taxonomy";i:0;}s:8:"warranty";a:6:{s:4:"name";s:8:"WARRANTY";s:5:"value";s:7:"2 years";s:8:"position";i:2;s:10:"is_visible";i:1;s:12:"is_variation";i:0;s:11:"is_taxonomy";i:0;}}]]></wp:meta_value>
		</wp:postmeta>
		<wp:postmeta>
			<wp:meta_key><![CDATA[_purchase_note]]></wp:meta_key>
			<wp:meta_value><![CDATA[]]></wp:meta_value>
		</wp:postmeta>
		<wp:postmeta>
			<wp:meta_key><![CDATA[_featured]]></wp:meta_key>
			<wp:meta_value><![CDATA[no]]></wp:meta_value>
		</wp:postmeta>
		<wp:postmeta>
			<wp:meta_key><![CDATA[_weight]]></wp:meta_key>
			<wp:meta_value><![CDATA[1]]></wp:meta_value>
		</wp:postmeta>
		<wp:postmeta>
			<wp:meta_key><![CDATA[_length]]></wp:meta_key>
			<wp:meta_value><![CDATA[22]]></wp:meta_value>
		</wp:postmeta>
		<wp:postmeta>
			<wp:meta_key><![CDATA[_width]]></wp:meta_key>
			<wp:meta_value><![CDATA[14]]></wp:meta_value>
		</wp:postmeta>
		<wp:postmeta>
			<wp:meta_key><![CDATA[_height]]></wp:meta_key>
			<wp:meta_value><![CDATA[10]]></wp:meta_value>
		</wp:postmeta>
		<wp:postmeta>
			<wp:meta_key><![CDATA[_regular_price]]></wp:meta_key>
			<wp:meta_value><![CDATA[700]]></wp:meta_value>
		</wp:postmeta>
		<wp:postmeta>
			<wp:meta_key><![CDATA[_sale_price]]></wp:meta_key>
			<wp:meta_value><![CDATA[]]></wp:meta_value>
		</wp:postmeta>
		<wp:postmeta>
			<wp:meta_key><![CDATA[_sale_price_dates_from]]></wp:meta_key>
			<wp:meta_value><![CDATA[]]></wp:meta_value>
		</wp:postmeta>
		<wp:postmeta>
			<wp:meta_key><![CDATA[_sale_price_dates_to]]></wp:meta_key>
			<wp:meta_value><![CDATA[]]></wp:meta_value>
		</wp:postmeta>
		<wp:postmeta>
			<wp:meta_key><![CDATA[_price]]></wp:meta_key>
			<wp:meta_value><![CDATA[700]]></wp:meta_value>
		</wp:postmeta>
		<wp:postmeta>
			<wp:meta_key><![CDATA[_sold_individually]]></wp:meta_key>
			<wp:meta_value><![CDATA[]]></wp:meta_value>
		</wp:postmeta>
		<wp:postmeta>
			<wp:meta_key><![CDATA[_manage_stock]]></wp:meta_key>
			<wp:meta_value><![CDATA[no]]></wp:meta_value>
		</wp:postmeta>
		<wp:postmeta>
			<wp:meta_key><![CDATA[_backorders]]></wp:meta_key>
			<wp:meta_value><![CDATA[no]]></wp:meta_value>
		</wp:postmeta>
		<wp:postmeta>
			<wp:meta_key><![CDATA[_stock]]></wp:meta_key>
			<wp:meta_value><![CDATA[]]></wp:meta_value>
		</wp:postmeta>
		<wp:postmeta>
			<wp:meta_key><![CDATA[_upsell_ids]]></wp:meta_key>
			<wp:meta_value><![CDATA[a:0:{}]]></wp:meta_value>
		</wp:postmeta>
		<wp:postmeta>
			<wp:meta_key><![CDATA[_crosssell_ids]]></wp:meta_key>
			<wp:meta_value><![CDATA[a:0:{}]]></wp:meta_value>
		</wp:postmeta>
		<wp:postmeta>
			<wp:meta_key><![CDATA[_product_version]]></wp:meta_key>
			<wp:meta_value><![CDATA[3.0.6]]></wp:meta_value>
		</wp:postmeta>
		<wp:postmeta>
			<wp:meta_key><![CDATA[_product_image_gallery]]></wp:meta_key>
			<wp:meta_value><![CDATA[2198,2195,2073]]></wp:meta_value>
		</wp:postmeta>
		<wp:postmeta>
			<wp:meta_key><![CDATA[_wp_old_slug]]></wp:meta_key>
			<wp:meta_value><![CDATA[yellow]]></wp:meta_value>
		</wp:postmeta>
		<wp:postmeta>
			<wp:meta_key><![CDATA[total_sales]]></wp:meta_key>
			<wp:meta_value><![CDATA[1]]></wp:meta_value>
		</wp:postmeta>
		<wp:postmeta>
			<wp:meta_key><![CDATA[_sku]]></wp:meta_key>
			<wp:meta_value><![CDATA[20]]></wp:meta_value>
		</wp:postmeta>
		<wp:postmeta>
			<wp:meta_key><![CDATA[_wc_review_count]]></wp:meta_key>
			<wp:meta_value><![CDATA[4]]></wp:meta_value>
		</wp:postmeta>
		<wp:postmeta>
			<wp:meta_key><![CDATA[_wc_rating_count]]></wp:meta_key>
			<wp:meta_value><![CDATA[a:3:{i:3;i:2;i:4;i:1;i:5;i:1;}]]></wp:meta_value>
		</wp:postmeta>
		<wp:postmeta>
			<wp:meta_key><![CDATA[_wc_average_rating]]></wp:meta_key>
			<wp:meta_value><![CDATA[3.75]]></wp:meta_value>
		</wp:postmeta>
		<wp:postmeta>
			<wp:meta_key><![CDATA[_recommended]]></wp:meta_key>
			<wp:meta_value><![CDATA[0]]></wp:meta_value>
		</wp:postmeta>
		<wp:postmeta>
			<wp:meta_key><![CDATA[_tax_status]]></wp:meta_key>
			<wp:meta_value><![CDATA[taxable]]></wp:meta_value>
		</wp:postmeta>
		<wp:postmeta>
			<wp:meta_key><![CDATA[_tax_class]]></wp:meta_key>
			<wp:meta_value><![CDATA[]]></wp:meta_value>
		</wp:postmeta>
		<wp:postmeta>
			<wp:meta_key><![CDATA[_default_attributes]]></wp:meta_key>
			<wp:meta_value><![CDATA[a:0:{}]]></wp:meta_value>
		</wp:postmeta>
		<wp:postmeta>
			<wp:meta_key><![CDATA[_download_limit]]></wp:meta_key>
			<wp:meta_value><![CDATA[-1]]></wp:meta_value>
		</wp:postmeta>
		<wp:postmeta>
			<wp:meta_key><![CDATA[_download_expiry]]></wp:meta_key>
			<wp:meta_value><![CDATA[-1]]></wp:meta_value>
		</wp:postmeta>
		<wp:comment>
			<wp:comment_id>34</wp:comment_id>
			<wp:comment_author><![CDATA[Mark Garrett]]></wp:comment_author>
			<wp:comment_author_email><![CDATA[theblogger-mark-garrett@pixelwars.org]]></wp:comment_author_email>
			<wp:comment_author_url></wp:comment_author_url>
			<wp:comment_author_IP><![CDATA[78.184.34.151]]></wp:comment_author_IP>
			<wp:comment_date><![CDATA[2016-11-08 14:03:43]]></wp:comment_date>
			<wp:comment_date_gmt><![CDATA[2016-11-08 14:03:43]]></wp:comment_date_gmt>
			<wp:comment_content><![CDATA[Great product, like it so freaking much!]]></wp:comment_content>
			<wp:comment_approved><![CDATA[1]]></wp:comment_approved>
			<wp:comment_type><![CDATA[]]></wp:comment_type>
			<wp:comment_parent>0</wp:comment_parent>
			<wp:comment_user_id>0</wp:comment_user_id>
			<wp:commentmeta>
				<wp:meta_key><![CDATA[rating]]></wp:meta_key>
				<wp:meta_value><![CDATA[5]]></wp:meta_value>
			</wp:commentmeta>
			<wp:commentmeta>
				<wp:meta_key><![CDATA[verified]]></wp:meta_key>
				<wp:meta_value><![CDATA[0]]></wp:meta_value>
			</wp:commentmeta>
		</wp:comment>
		<wp:comment>
			<wp:comment_id>35</wp:comment_id>
			<wp:comment_author><![CDATA[Jerry Parker]]></wp:comment_author>
			<wp:comment_author_email><![CDATA[theblogger-jerry-parker@pixelwars.org]]></wp:comment_author_email>
			<wp:comment_author_url></wp:comment_author_url>
			<wp:comment_author_IP><![CDATA[78.184.34.151]]></wp:comment_author_IP>
			<wp:comment_date><![CDATA[2016-11-08 14:04:15]]></wp:comment_date>
			<wp:comment_date_gmt><![CDATA[2016-11-08 14:04:15]]></wp:comment_date_gmt>
			<wp:comment_content><![CDATA[He taught me a code. To survive. I have a dark side, too. I’m thinking two circus clowns dancing. You? Pretend. You pretend the feelings are there, for the world, for the people around you. Who knows? Maybe one day they will be.]]></wp:comment_content>
			<wp:comment_approved><![CDATA[1]]></wp:comment_approved>
			<wp:comment_type><![CDATA[]]></wp:comment_type>
			<wp:comment_parent>0</wp:comment_parent>
			<wp:comment_user_id>0</wp:comment_user_id>
			<wp:commentmeta>
				<wp:meta_key><![CDATA[rating]]></wp:meta_key>
				<wp:meta_value><![CDATA[3]]></wp:meta_value>
			</wp:commentmeta>
			<wp:commentmeta>
				<wp:meta_key><![CDATA[verified]]></wp:meta_key>
				<wp:meta_value><![CDATA[0]]></wp:meta_value>
			</wp:commentmeta>
		</wp:comment>
		<wp:comment>
			<wp:comment_id>36</wp:comment_id>
			<wp:comment_author><![CDATA[Helen Herrera]]></wp:comment_author>
			<wp:comment_author_email><![CDATA[theblogger-helen-herrera@pixelwars.org]]></wp:comment_author_email>
			<wp:comment_author_url></wp:comment_author_url>
			<wp:comment_author_IP><![CDATA[78.184.34.151]]></wp:comment_author_IP>
			<wp:comment_date><![CDATA[2016-11-08 14:04:39]]></wp:comment_date>
			<wp:comment_date_gmt><![CDATA[2016-11-08 14:04:39]]></wp:comment_date_gmt>
			<wp:comment_content><![CDATA[I like seafood. Cops, another community I’m not part of. I’m partial to air conditioning.]]></wp:comment_content>
			<wp:comment_approved><![CDATA[1]]></wp:comment_approved>
			<wp:comment_type><![CDATA[]]></wp:comment_type>
			<wp:comment_parent>0</wp:comment_parent>
			<wp:comment_user_id>0</wp:comment_user_id>
			<wp:commentmeta>
				<wp:meta_key><![CDATA[rating]]></wp:meta_key>
				<wp:meta_value><![CDATA[3]]></wp:meta_value>
			</wp:commentmeta>
			<wp:commentmeta>
				<wp:meta_key><![CDATA[verified]]></wp:meta_key>
				<wp:meta_value><![CDATA[0]]></wp:meta_value>
			</wp:commentmeta>
		</wp:comment>
		<wp:comment>
			<wp:comment_id>37</wp:comment_id>
			<wp:comment_author><![CDATA[Annie Johnson]]></wp:comment_author>
			<wp:comment_author_email><![CDATA[theblogger-annie-johnson@pixelwars.org]]></wp:comment_author_email>
			<wp:comment_author_url></wp:comment_author_url>
			<wp:comment_author_IP><![CDATA[78.184.34.151]]></wp:comment_author_IP>
			<wp:comment_date><![CDATA[2016-11-08 14:05:01]]></wp:comment_date>
			<wp:comment_date_gmt><![CDATA[2016-11-08 14:05:01]]></wp:comment_date_gmt>
			<wp:comment_content><![CDATA[Things just got sweeter. That means less battery drain from apps you don’t use, and new features like Now on Tap—the genius technology that anticipates your next move.]]></wp:comment_content>
			<wp:comment_approved><![CDATA[1]]></wp:comment_approved>
			<wp:comment_type><![CDATA[]]></wp:comment_type>
			<wp:comment_parent>0</wp:comment_parent>
			<wp:comment_user_id>0</wp:comment_user_id>
			<wp:commentmeta>
				<wp:meta_key><![CDATA[rating]]></wp:meta_key>
				<wp:meta_value><![CDATA[4]]></wp:meta_value>
			</wp:commentmeta>
			<wp:commentmeta>
				<wp:meta_key><![CDATA[verified]]></wp:meta_key>
				<wp:meta_value><![CDATA[0]]></wp:meta_value>
			</wp:commentmeta>
		</wp:comment>
	</item>
	<item>
		<title>Old Radio</title>
		<link>http://themes.pixelwars.org/life/product/fusion-denim-jacket/</link>
		<pubDate>Tue, 08 Nov 2016 13:42:34 +0000</pubDate>
		<dc:creator><![CDATA[pixelwars]]></dc:creator>
		<guid isPermaLink="false">http://themes.pixelwars.org/theblogger/default/product/fusion-denim-jacket/</guid>
		<description></description>
		<content:encoded><![CDATA[Things just got sweeter. The Galaxy S7 and Galaxy S7 edge are powered by the latest Android Marshmallow OS. That means less battery drain from apps you don’t use, and new features like Now on Tap—the genius technology that anticipates your next move.
<h3>What’s Inside The Box</h3>
Things just got sweeter. The Galaxy S7 and Galaxy S7 edge are powered by the latest Android Marshmallow OS. That means less battery drain from apps you don’t use, and new features like Now on Tap—the genius technology that anticipates your next move.
<h3>Camera Features</h3>
Things just got sweeter. The Galaxy S7 and Galaxy S7 edge are powered by the latest Android Marshmallow OS. That means less battery drain from apps you don’t use, and new features like Now on Tap—the genius technology that anticipates your next move.

&nbsp;]]></content:encoded>
		<excerpt:encoded><![CDATA[I'm not the monster he wants me to be. So I'm neither man nor beast. I'm something new entirely. With my own set of rules. I'm Dexter. Boo. Rorschach would say you have a hard time relating to others. Hello, Dexter Morgan.

Watching ice melt. This is fun. I'm really more an apartment person. I'm partial to air conditioning. Cops, another community I'm not part of. Tell him time is of the essence.]]></excerpt:encoded>
		<wp:post_id>272</wp:post_id>
		<wp:post_date><![CDATA[2016-11-08 13:42:34]]></wp:post_date>
		<wp:post_date_gmt><![CDATA[2016-11-08 13:42:34]]></wp:post_date_gmt>
		<wp:comment_status><![CDATA[open]]></wp:comment_status>
		<wp:ping_status><![CDATA[closed]]></wp:ping_status>
		<wp:post_name><![CDATA[fusion-denim-jacket]]></wp:post_name>
		<wp:status><![CDATA[publish]]></wp:status>
		<wp:post_parent>0</wp:post_parent>
		<wp:menu_order>0</wp:menu_order>
		<wp:post_type><![CDATA[product]]></wp:post_type>
		<wp:post_password><![CDATA[]]></wp:post_password>
		<wp:is_sticky>0</wp:is_sticky>
		<category domain="product_tag" nicename="brown"><![CDATA[brown]]></category>
		<category domain="product_tag" nicename="new"><![CDATA[new]]></category>
		<category domain="product_type" nicename="simple"><![CDATA[simple]]></category>
		<category domain="product_tag" nicename="tshirt"><![CDATA[tshirt]]></category>
		<category domain="product_cat" nicename="shirts"><![CDATA[shirts]]></category>
		<wp:postmeta>
			<wp:meta_key><![CDATA[inline_featured_image]]></wp:meta_key>
			<wp:meta_value><![CDATA[0]]></wp:meta_value>
		</wp:postmeta>
		<wp:postmeta>
			<wp:meta_key><![CDATA[_vc_post_settings]]></wp:meta_key>
			<wp:meta_value><![CDATA[a:1:{s:10:"vc_grid_id";a:0:{}}]]></wp:meta_value>
		</wp:postmeta>
		<wp:postmeta>
			<wp:meta_key><![CDATA[inline_featured_image]]></wp:meta_key>
			<wp:meta_value><![CDATA[0]]></wp:meta_value>
		</wp:postmeta>
		<wp:postmeta>
			<wp:meta_key><![CDATA[_vc_post_settings]]></wp:meta_key>
			<wp:meta_value><![CDATA[a:1:{s:10:"vc_grid_id";a:0:{}}]]></wp:meta_value>
		</wp:postmeta>
		<wp:postmeta>
			<wp:meta_key><![CDATA[_edit_last]]></wp:meta_key>
			<wp:meta_value><![CDATA[1]]></wp:meta_value>
		</wp:postmeta>
		<wp:postmeta>
			<wp:meta_key><![CDATA[_virtual]]></wp:meta_key>
			<wp:meta_value><![CDATA[no]]></wp:meta_value>
		</wp:postmeta>
		<wp:postmeta>
			<wp:meta_key><![CDATA[_visibility]]></wp:meta_key>
			<wp:meta_value><![CDATA[visible]]></wp:meta_value>
		</wp:postmeta>
		<wp:postmeta>
			<wp:meta_key><![CDATA[_stock_status]]></wp:meta_key>
			<wp:meta_value><![CDATA[instock]]></wp:meta_value>
		</wp:postmeta>
		<wp:postmeta>
			<wp:meta_key><![CDATA[_thumbnail_id]]></wp:meta_key>
			<wp:meta_value><![CDATA[2201]]></wp:meta_value>
		</wp:postmeta>
		<wp:postmeta>
			<wp:meta_key><![CDATA[_downloadable]]></wp:meta_key>
			<wp:meta_value><![CDATA[no]]></wp:meta_value>
		</wp:postmeta>
		<wp:postmeta>
			<wp:meta_key><![CDATA[_product_attributes]]></wp:meta_key>
			<wp:meta_value><![CDATA[a:3:{s:5:"color";a:6:{s:4:"name";s:5:"COLOR";s:5:"value";s:5:"Brown";s:8:"position";i:0;s:10:"is_visible";i:1;s:12:"is_variation";i:0;s:11:"is_taxonomy";i:0;}s:6:"length";a:6:{s:4:"name";s:6:"LENGTH";s:5:"value";s:7:"22 inch";s:8:"position";i:1;s:10:"is_visible";i:1;s:12:"is_variation";i:0;s:11:"is_taxonomy";i:0;}s:8:"warranty";a:6:{s:4:"name";s:8:"WARRANTY";s:5:"value";s:7:"2 years";s:8:"position";i:2;s:10:"is_visible";i:1;s:12:"is_variation";i:0;s:11:"is_taxonomy";i:0;}}]]></wp:meta_value>
		</wp:postmeta>
		<wp:postmeta>
			<wp:meta_key><![CDATA[_purchase_note]]></wp:meta_key>
			<wp:meta_value><![CDATA[]]></wp:meta_value>
		</wp:postmeta>
		<wp:postmeta>
			<wp:meta_key><![CDATA[_featured]]></wp:meta_key>
			<wp:meta_value><![CDATA[no]]></wp:meta_value>
		</wp:postmeta>
		<wp:postmeta>
			<wp:meta_key><![CDATA[_weight]]></wp:meta_key>
			<wp:meta_value><![CDATA[1]]></wp:meta_value>
		</wp:postmeta>
		<wp:postmeta>
			<wp:meta_key><![CDATA[_length]]></wp:meta_key>
			<wp:meta_value><![CDATA[22]]></wp:meta_value>
		</wp:postmeta>
		<wp:postmeta>
			<wp:meta_key><![CDATA[_width]]></wp:meta_key>
			<wp:meta_value><![CDATA[14]]></wp:meta_value>
		</wp:postmeta>
		<wp:postmeta>
			<wp:meta_key><![CDATA[_height]]></wp:meta_key>
			<wp:meta_value><![CDATA[10]]></wp:meta_value>
		</wp:postmeta>
		<wp:postmeta>
			<wp:meta_key><![CDATA[_regular_price]]></wp:meta_key>
			<wp:meta_value><![CDATA[700]]></wp:meta_value>
		</wp:postmeta>
		<wp:postmeta>
			<wp:meta_key><![CDATA[_sale_price]]></wp:meta_key>
			<wp:meta_value><![CDATA[]]></wp:meta_value>
		</wp:postmeta>
		<wp:postmeta>
			<wp:meta_key><![CDATA[_sale_price_dates_from]]></wp:meta_key>
			<wp:meta_value><![CDATA[]]></wp:meta_value>
		</wp:postmeta>
		<wp:postmeta>
			<wp:meta_key><![CDATA[_sale_price_dates_to]]></wp:meta_key>
			<wp:meta_value><![CDATA[]]></wp:meta_value>
		</wp:postmeta>
		<wp:postmeta>
			<wp:meta_key><![CDATA[_price]]></wp:meta_key>
			<wp:meta_value><![CDATA[700]]></wp:meta_value>
		</wp:postmeta>
		<wp:postmeta>
			<wp:meta_key><![CDATA[_sold_individually]]></wp:meta_key>
			<wp:meta_value><![CDATA[]]></wp:meta_value>
		</wp:postmeta>
		<wp:postmeta>
			<wp:meta_key><![CDATA[_manage_stock]]></wp:meta_key>
			<wp:meta_value><![CDATA[no]]></wp:meta_value>
		</wp:postmeta>
		<wp:postmeta>
			<wp:meta_key><![CDATA[_backorders]]></wp:meta_key>
			<wp:meta_value><![CDATA[no]]></wp:meta_value>
		</wp:postmeta>
		<wp:postmeta>
			<wp:meta_key><![CDATA[_stock]]></wp:meta_key>
			<wp:meta_value><![CDATA[]]></wp:meta_value>
		</wp:postmeta>
		<wp:postmeta>
			<wp:meta_key><![CDATA[_upsell_ids]]></wp:meta_key>
			<wp:meta_value><![CDATA[a:0:{}]]></wp:meta_value>
		</wp:postmeta>
		<wp:postmeta>
			<wp:meta_key><![CDATA[_crosssell_ids]]></wp:meta_key>
			<wp:meta_value><![CDATA[a:0:{}]]></wp:meta_value>
		</wp:postmeta>
		<wp:postmeta>
			<wp:meta_key><![CDATA[_product_version]]></wp:meta_key>
			<wp:meta_value><![CDATA[3.0.6]]></wp:meta_value>
		</wp:postmeta>
		<wp:postmeta>
			<wp:meta_key><![CDATA[_product_image_gallery]]></wp:meta_key>
			<wp:meta_value><![CDATA[2202,2200,2197]]></wp:meta_value>
		</wp:postmeta>
		<wp:postmeta>
			<wp:meta_key><![CDATA[_wp_old_slug]]></wp:meta_key>
			<wp:meta_value><![CDATA[yellow]]></wp:meta_value>
		</wp:postmeta>
		<wp:postmeta>
			<wp:meta_key><![CDATA[total_sales]]></wp:meta_key>
			<wp:meta_value><![CDATA[0]]></wp:meta_value>
		</wp:postmeta>
		<wp:postmeta>
			<wp:meta_key><![CDATA[_sku]]></wp:meta_key>
			<wp:meta_value><![CDATA[15]]></wp:meta_value>
		</wp:postmeta>
		<wp:postmeta>
			<wp:meta_key><![CDATA[_wc_rating_count]]></wp:meta_key>
			<wp:meta_value><![CDATA[a:0:{}]]></wp:meta_value>
		</wp:postmeta>
		<wp:postmeta>
			<wp:meta_key><![CDATA[_wc_review_count]]></wp:meta_key>
			<wp:meta_value><![CDATA[0]]></wp:meta_value>
		</wp:postmeta>
		<wp:postmeta>
			<wp:meta_key><![CDATA[_wc_average_rating]]></wp:meta_key>
			<wp:meta_value><![CDATA[0]]></wp:meta_value>
		</wp:postmeta>
		<wp:postmeta>
			<wp:meta_key><![CDATA[_recommended]]></wp:meta_key>
			<wp:meta_value><![CDATA[0]]></wp:meta_value>
		</wp:postmeta>
		<wp:postmeta>
			<wp:meta_key><![CDATA[_tax_status]]></wp:meta_key>
			<wp:meta_value><![CDATA[taxable]]></wp:meta_value>
		</wp:postmeta>
		<wp:postmeta>
			<wp:meta_key><![CDATA[_tax_class]]></wp:meta_key>
			<wp:meta_value><![CDATA[]]></wp:meta_value>
		</wp:postmeta>
		<wp:postmeta>
			<wp:meta_key><![CDATA[_default_attributes]]></wp:meta_key>
			<wp:meta_value><![CDATA[a:0:{}]]></wp:meta_value>
		</wp:postmeta>
		<wp:postmeta>
			<wp:meta_key><![CDATA[_download_limit]]></wp:meta_key>
			<wp:meta_value><![CDATA[-1]]></wp:meta_value>
		</wp:postmeta>
		<wp:postmeta>
			<wp:meta_key><![CDATA[_download_expiry]]></wp:meta_key>
			<wp:meta_value><![CDATA[-1]]></wp:meta_value>
		</wp:postmeta>
	</item>
	<item>
		<title>Macintosh 94</title>
		<link>http://themes.pixelwars.org/life/product/white-night-shirt/</link>
		<pubDate>Tue, 08 Nov 2016 13:40:49 +0000</pubDate>
		<dc:creator><![CDATA[pixelwars]]></dc:creator>
		<guid isPermaLink="false">http://themes.pixelwars.org/theblogger/default/product/white-night-shirt/</guid>
		<description></description>
		<content:encoded><![CDATA[Things just got sweeter. The Galaxy S7 and Galaxy S7 edge are powered by the latest Android Marshmallow OS. That means less battery drain from apps you don’t use, and new features like Now on Tap—the genius technology that anticipates your next move.
<h3>What’s Inside The Box</h3>
Things just got sweeter. The Galaxy S7 and Galaxy S7 edge are powered by the latest Android Marshmallow OS. That means less battery drain from apps you don’t use, and new features like Now on Tap—the genius technology that anticipates your next move.
<h3>Camera Features</h3>
Things just got sweeter. The Galaxy S7 and Galaxy S7 edge are powered by the latest Android Marshmallow OS. That means less battery drain from apps you don’t use, and new features like Now on Tap—the genius technology that anticipates your next move.

&nbsp;]]></content:encoded>
		<excerpt:encoded><![CDATA[I'm not the monster he wants me to be. So I'm neither man nor beast. I'm something new entirely. With my own set of rules. I'm Dexter. Boo. Rorschach would say you have a hard time relating to others. Hello, Dexter Morgan.

Watching ice melt. This is fun. I'm really more an apartment person. I'm partial to air conditioning. Cops, another community I'm not part of. Tell him time is of the essence.]]></excerpt:encoded>
		<wp:post_id>274</wp:post_id>
		<wp:post_date><![CDATA[2016-11-08 13:40:49]]></wp:post_date>
		<wp:post_date_gmt><![CDATA[2016-11-08 13:40:49]]></wp:post_date_gmt>
		<wp:comment_status><![CDATA[open]]></wp:comment_status>
		<wp:ping_status><![CDATA[closed]]></wp:ping_status>
		<wp:post_name><![CDATA[white-night-shirt]]></wp:post_name>
		<wp:status><![CDATA[publish]]></wp:status>
		<wp:post_parent>0</wp:post_parent>
		<wp:menu_order>0</wp:menu_order>
		<wp:post_type><![CDATA[product]]></wp:post_type>
		<wp:post_password><![CDATA[]]></wp:post_password>
		<wp:is_sticky>0</wp:is_sticky>
		<category domain="product_tag" nicename="new"><![CDATA[new]]></category>
		<category domain="product_type" nicename="simple"><![CDATA[simple]]></category>
		<category domain="product_tag" nicename="tshirt"><![CDATA[tshirt]]></category>
		<category domain="product_tag" nicename="white"><![CDATA[white]]></category>
		<category domain="product_cat" nicename="shirts"><![CDATA[shirts]]></category>
		<wp:postmeta>
			<wp:meta_key><![CDATA[inline_featured_image]]></wp:meta_key>
			<wp:meta_value><![CDATA[0]]></wp:meta_value>
		</wp:postmeta>
		<wp:postmeta>
			<wp:meta_key><![CDATA[_vc_post_settings]]></wp:meta_key>
			<wp:meta_value><![CDATA[a:1:{s:10:"vc_grid_id";a:0:{}}]]></wp:meta_value>
		</wp:postmeta>
		<wp:postmeta>
			<wp:meta_key><![CDATA[inline_featured_image]]></wp:meta_key>
			<wp:meta_value><![CDATA[0]]></wp:meta_value>
		</wp:postmeta>
		<wp:postmeta>
			<wp:meta_key><![CDATA[_vc_post_settings]]></wp:meta_key>
			<wp:meta_value><![CDATA[a:1:{s:10:"vc_grid_id";a:0:{}}]]></wp:meta_value>
		</wp:postmeta>
		<wp:postmeta>
			<wp:meta_key><![CDATA[_edit_last]]></wp:meta_key>
			<wp:meta_value><![CDATA[1]]></wp:meta_value>
		</wp:postmeta>
		<wp:postmeta>
			<wp:meta_key><![CDATA[_virtual]]></wp:meta_key>
			<wp:meta_value><![CDATA[no]]></wp:meta_value>
		</wp:postmeta>
		<wp:postmeta>
			<wp:meta_key><![CDATA[_visibility]]></wp:meta_key>
			<wp:meta_value><![CDATA[visible]]></wp:meta_value>
		</wp:postmeta>
		<wp:postmeta>
			<wp:meta_key><![CDATA[_stock_status]]></wp:meta_key>
			<wp:meta_value><![CDATA[instock]]></wp:meta_value>
		</wp:postmeta>
		<wp:postmeta>
			<wp:meta_key><![CDATA[_thumbnail_id]]></wp:meta_key>
			<wp:meta_value><![CDATA[2205]]></wp:meta_value>
		</wp:postmeta>
		<wp:postmeta>
			<wp:meta_key><![CDATA[_downloadable]]></wp:meta_key>
			<wp:meta_value><![CDATA[no]]></wp:meta_value>
		</wp:postmeta>
		<wp:postmeta>
			<wp:meta_key><![CDATA[_product_attributes]]></wp:meta_key>
			<wp:meta_value><![CDATA[a:3:{s:5:"color";a:6:{s:4:"name";s:5:"COLOR";s:5:"value";s:5:"Brown";s:8:"position";i:0;s:10:"is_visible";i:1;s:12:"is_variation";i:0;s:11:"is_taxonomy";i:0;}s:6:"length";a:6:{s:4:"name";s:6:"LENGTH";s:5:"value";s:8:"XS,S,M,L";s:8:"position";i:1;s:10:"is_visible";i:1;s:12:"is_variation";i:0;s:11:"is_taxonomy";i:0;}s:8:"warranty";a:6:{s:4:"name";s:8:"WARRANTY";s:5:"value";s:7:"2 years";s:8:"position";i:2;s:10:"is_visible";i:1;s:12:"is_variation";i:0;s:11:"is_taxonomy";i:0;}}]]></wp:meta_value>
		</wp:postmeta>
		<wp:postmeta>
			<wp:meta_key><![CDATA[_purchase_note]]></wp:meta_key>
			<wp:meta_value><![CDATA[]]></wp:meta_value>
		</wp:postmeta>
		<wp:postmeta>
			<wp:meta_key><![CDATA[_featured]]></wp:meta_key>
			<wp:meta_value><![CDATA[no]]></wp:meta_value>
		</wp:postmeta>
		<wp:postmeta>
			<wp:meta_key><![CDATA[_weight]]></wp:meta_key>
			<wp:meta_value><![CDATA[1]]></wp:meta_value>
		</wp:postmeta>
		<wp:postmeta>
			<wp:meta_key><![CDATA[_length]]></wp:meta_key>
			<wp:meta_value><![CDATA[22]]></wp:meta_value>
		</wp:postmeta>
		<wp:postmeta>
			<wp:meta_key><![CDATA[_width]]></wp:meta_key>
			<wp:meta_value><![CDATA[14]]></wp:meta_value>
		</wp:postmeta>
		<wp:postmeta>
			<wp:meta_key><![CDATA[_height]]></wp:meta_key>
			<wp:meta_value><![CDATA[10]]></wp:meta_value>
		</wp:postmeta>
		<wp:postmeta>
			<wp:meta_key><![CDATA[_regular_price]]></wp:meta_key>
			<wp:meta_value><![CDATA[800]]></wp:meta_value>
		</wp:postmeta>
		<wp:postmeta>
			<wp:meta_key><![CDATA[_sale_price]]></wp:meta_key>
			<wp:meta_value><![CDATA[]]></wp:meta_value>
		</wp:postmeta>
		<wp:postmeta>
			<wp:meta_key><![CDATA[_sale_price_dates_from]]></wp:meta_key>
			<wp:meta_value><![CDATA[]]></wp:meta_value>
		</wp:postmeta>
		<wp:postmeta>
			<wp:meta_key><![CDATA[_sale_price_dates_to]]></wp:meta_key>
			<wp:meta_value><![CDATA[]]></wp:meta_value>
		</wp:postmeta>
		<wp:postmeta>
			<wp:meta_key><![CDATA[_price]]></wp:meta_key>
			<wp:meta_value><![CDATA[800]]></wp:meta_value>
		</wp:postmeta>
		<wp:postmeta>
			<wp:meta_key><![CDATA[_sold_individually]]></wp:meta_key>
			<wp:meta_value><![CDATA[]]></wp:meta_value>
		</wp:postmeta>
		<wp:postmeta>
			<wp:meta_key><![CDATA[_manage_stock]]></wp:meta_key>
			<wp:meta_value><![CDATA[no]]></wp:meta_value>
		</wp:postmeta>
		<wp:postmeta>
			<wp:meta_key><![CDATA[_backorders]]></wp:meta_key>
			<wp:meta_value><![CDATA[no]]></wp:meta_value>
		</wp:postmeta>
		<wp:postmeta>
			<wp:meta_key><![CDATA[_stock]]></wp:meta_key>
			<wp:meta_value><![CDATA[]]></wp:meta_value>
		</wp:postmeta>
		<wp:postmeta>
			<wp:meta_key><![CDATA[_upsell_ids]]></wp:meta_key>
			<wp:meta_value><![CDATA[a:0:{}]]></wp:meta_value>
		</wp:postmeta>
		<wp:postmeta>
			<wp:meta_key><![CDATA[_crosssell_ids]]></wp:meta_key>
			<wp:meta_value><![CDATA[a:0:{}]]></wp:meta_value>
		</wp:postmeta>
		<wp:postmeta>
			<wp:meta_key><![CDATA[_product_version]]></wp:meta_key>
			<wp:meta_value><![CDATA[3.0.6]]></wp:meta_value>
		</wp:postmeta>
		<wp:postmeta>
			<wp:meta_key><![CDATA[_product_image_gallery]]></wp:meta_key>
			<wp:meta_value><![CDATA[2202,2200,2193]]></wp:meta_value>
		</wp:postmeta>
		<wp:postmeta>
			<wp:meta_key><![CDATA[_wp_old_slug]]></wp:meta_key>
			<wp:meta_value><![CDATA[yellow]]></wp:meta_value>
		</wp:postmeta>
		<wp:postmeta>
			<wp:meta_key><![CDATA[total_sales]]></wp:meta_key>
			<wp:meta_value><![CDATA[1]]></wp:meta_value>
		</wp:postmeta>
		<wp:postmeta>
			<wp:meta_key><![CDATA[_sku]]></wp:meta_key>
			<wp:meta_value><![CDATA[30]]></wp:meta_value>
		</wp:postmeta>
		<wp:postmeta>
			<wp:meta_key><![CDATA[_wc_rating_count]]></wp:meta_key>
			<wp:meta_value><![CDATA[a:0:{}]]></wp:meta_value>
		</wp:postmeta>
		<wp:postmeta>
			<wp:meta_key><![CDATA[_wc_review_count]]></wp:meta_key>
			<wp:meta_value><![CDATA[0]]></wp:meta_value>
		</wp:postmeta>
		<wp:postmeta>
			<wp:meta_key><![CDATA[_wc_average_rating]]></wp:meta_key>
			<wp:meta_value><![CDATA[0]]></wp:meta_value>
		</wp:postmeta>
		<wp:postmeta>
			<wp:meta_key><![CDATA[_recommended]]></wp:meta_key>
			<wp:meta_value><![CDATA[0]]></wp:meta_value>
		</wp:postmeta>
		<wp:postmeta>
			<wp:meta_key><![CDATA[_tax_status]]></wp:meta_key>
			<wp:meta_value><![CDATA[taxable]]></wp:meta_value>
		</wp:postmeta>
		<wp:postmeta>
			<wp:meta_key><![CDATA[_tax_class]]></wp:meta_key>
			<wp:meta_value><![CDATA[]]></wp:meta_value>
		</wp:postmeta>
		<wp:postmeta>
			<wp:meta_key><![CDATA[_default_attributes]]></wp:meta_key>
			<wp:meta_value><![CDATA[a:0:{}]]></wp:meta_value>
		</wp:postmeta>
		<wp:postmeta>
			<wp:meta_key><![CDATA[_download_limit]]></wp:meta_key>
			<wp:meta_value><![CDATA[-1]]></wp:meta_value>
		</wp:postmeta>
		<wp:postmeta>
			<wp:meta_key><![CDATA[_download_expiry]]></wp:meta_key>
			<wp:meta_value><![CDATA[-1]]></wp:meta_value>
		</wp:postmeta>
	</item>
	<item>
		<title>Typewriter</title>
		<link>http://themes.pixelwars.org/life/product/casual-blue-shirt/</link>
		<pubDate>Tue, 08 Nov 2016 13:44:32 +0000</pubDate>
		<dc:creator><![CDATA[pixelwars]]></dc:creator>
		<guid isPermaLink="false">http://themes.pixelwars.org/theblogger/default/product/casual-blue-shirt/</guid>
		<description></description>
		<content:encoded><![CDATA[Things just got sweeter. The Galaxy S7 and Galaxy S7 edge are powered by the latest Android Marshmallow OS. That means less battery drain from apps you don’t use, and new features like Now on Tap—the genius technology that anticipates your next move.
<h3>What’s Inside The Box</h3>
Things just got sweeter. The Galaxy S7 and Galaxy S7 edge are powered by the latest Android Marshmallow OS. That means less battery drain from apps you don’t use, and new features like Now on Tap—the genius technology that anticipates your next move.
<h3>Camera Features</h3>
Things just got sweeter. The Galaxy S7 and Galaxy S7 edge are powered by the latest Android Marshmallow OS. That means less battery drain from apps you don’t use, and new features like Now on Tap—the genius technology that anticipates your next move.

&nbsp;]]></content:encoded>
		<excerpt:encoded><![CDATA[I'm not the monster he wants me to be. So I'm neither man nor beast. I'm something new entirely. With my own set of rules. I'm Dexter. Boo. Rorschach would say you have a hard time relating to others. Hello, Dexter Morgan.

Watching ice melt. This is fun. I'm really more an apartment person. I'm partial to air conditioning. Cops, another community I'm not part of. Tell him time is of the essence.]]></excerpt:encoded>
		<wp:post_id>275</wp:post_id>
		<wp:post_date><![CDATA[2016-11-08 13:44:32]]></wp:post_date>
		<wp:post_date_gmt><![CDATA[2016-11-08 13:44:32]]></wp:post_date_gmt>
		<wp:comment_status><![CDATA[open]]></wp:comment_status>
		<wp:ping_status><![CDATA[closed]]></wp:ping_status>
		<wp:post_name><![CDATA[casual-blue-shirt]]></wp:post_name>
		<wp:status><![CDATA[publish]]></wp:status>
		<wp:post_parent>0</wp:post_parent>
		<wp:menu_order>0</wp:menu_order>
		<wp:post_type><![CDATA[product]]></wp:post_type>
		<wp:post_password><![CDATA[]]></wp:post_password>
		<wp:is_sticky>0</wp:is_sticky>
		<category domain="product_tag" nicename="blue"><![CDATA[blue]]></category>
		<category domain="product_tag" nicename="new"><![CDATA[new]]></category>
		<category domain="product_type" nicename="simple"><![CDATA[simple]]></category>
		<category domain="product_tag" nicename="tshirt"><![CDATA[tshirt]]></category>
		<category domain="product_cat" nicename="shirts"><![CDATA[shirts]]></category>
		<wp:postmeta>
			<wp:meta_key><![CDATA[inline_featured_image]]></wp:meta_key>
			<wp:meta_value><![CDATA[0]]></wp:meta_value>
		</wp:postmeta>
		<wp:postmeta>
			<wp:meta_key><![CDATA[_vc_post_settings]]></wp:meta_key>
			<wp:meta_value><![CDATA[a:1:{s:10:"vc_grid_id";a:0:{}}]]></wp:meta_value>
		</wp:postmeta>
		<wp:postmeta>
			<wp:meta_key><![CDATA[inline_featured_image]]></wp:meta_key>
			<wp:meta_value><![CDATA[0]]></wp:meta_value>
		</wp:postmeta>
		<wp:postmeta>
			<wp:meta_key><![CDATA[_vc_post_settings]]></wp:meta_key>
			<wp:meta_value><![CDATA[a:1:{s:10:"vc_grid_id";a:0:{}}]]></wp:meta_value>
		</wp:postmeta>
		<wp:postmeta>
			<wp:meta_key><![CDATA[_edit_last]]></wp:meta_key>
			<wp:meta_value><![CDATA[1]]></wp:meta_value>
		</wp:postmeta>
		<wp:postmeta>
			<wp:meta_key><![CDATA[_virtual]]></wp:meta_key>
			<wp:meta_value><![CDATA[no]]></wp:meta_value>
		</wp:postmeta>
		<wp:postmeta>
			<wp:meta_key><![CDATA[_visibility]]></wp:meta_key>
			<wp:meta_value><![CDATA[visible]]></wp:meta_value>
		</wp:postmeta>
		<wp:postmeta>
			<wp:meta_key><![CDATA[_stock_status]]></wp:meta_key>
			<wp:meta_value><![CDATA[instock]]></wp:meta_value>
		</wp:postmeta>
		<wp:postmeta>
			<wp:meta_key><![CDATA[_thumbnail_id]]></wp:meta_key>
			<wp:meta_value><![CDATA[2202]]></wp:meta_value>
		</wp:postmeta>
		<wp:postmeta>
			<wp:meta_key><![CDATA[_downloadable]]></wp:meta_key>
			<wp:meta_value><![CDATA[no]]></wp:meta_value>
		</wp:postmeta>
		<wp:postmeta>
			<wp:meta_key><![CDATA[_product_attributes]]></wp:meta_key>
			<wp:meta_value><![CDATA[a:3:{s:5:"color";a:6:{s:4:"name";s:5:"COLOR";s:5:"value";s:5:"Brown";s:8:"position";i:0;s:10:"is_visible";i:1;s:12:"is_variation";i:0;s:11:"is_taxonomy";i:0;}s:6:"length";a:6:{s:4:"name";s:6:"LENGTH";s:5:"value";s:8:"XS,S,M,L";s:8:"position";i:1;s:10:"is_visible";i:1;s:12:"is_variation";i:0;s:11:"is_taxonomy";i:0;}s:8:"warranty";a:6:{s:4:"name";s:8:"WARRANTY";s:5:"value";s:7:"2 years";s:8:"position";i:2;s:10:"is_visible";i:1;s:12:"is_variation";i:0;s:11:"is_taxonomy";i:0;}}]]></wp:meta_value>
		</wp:postmeta>
		<wp:postmeta>
			<wp:meta_key><![CDATA[_purchase_note]]></wp:meta_key>
			<wp:meta_value><![CDATA[]]></wp:meta_value>
		</wp:postmeta>
		<wp:postmeta>
			<wp:meta_key><![CDATA[_featured]]></wp:meta_key>
			<wp:meta_value><![CDATA[no]]></wp:meta_value>
		</wp:postmeta>
		<wp:postmeta>
			<wp:meta_key><![CDATA[_weight]]></wp:meta_key>
			<wp:meta_value><![CDATA[1]]></wp:meta_value>
		</wp:postmeta>
		<wp:postmeta>
			<wp:meta_key><![CDATA[_length]]></wp:meta_key>
			<wp:meta_value><![CDATA[22]]></wp:meta_value>
		</wp:postmeta>
		<wp:postmeta>
			<wp:meta_key><![CDATA[_width]]></wp:meta_key>
			<wp:meta_value><![CDATA[14]]></wp:meta_value>
		</wp:postmeta>
		<wp:postmeta>
			<wp:meta_key><![CDATA[_height]]></wp:meta_key>
			<wp:meta_value><![CDATA[10]]></wp:meta_value>
		</wp:postmeta>
		<wp:postmeta>
			<wp:meta_key><![CDATA[_regular_price]]></wp:meta_key>
			<wp:meta_value><![CDATA[900]]></wp:meta_value>
		</wp:postmeta>
		<wp:postmeta>
			<wp:meta_key><![CDATA[_sale_price]]></wp:meta_key>
			<wp:meta_value><![CDATA[600]]></wp:meta_value>
		</wp:postmeta>
		<wp:postmeta>
			<wp:meta_key><![CDATA[_sale_price_dates_from]]></wp:meta_key>
			<wp:meta_value><![CDATA[]]></wp:meta_value>
		</wp:postmeta>
		<wp:postmeta>
			<wp:meta_key><![CDATA[_sale_price_dates_to]]></wp:meta_key>
			<wp:meta_value><![CDATA[]]></wp:meta_value>
		</wp:postmeta>
		<wp:postmeta>
			<wp:meta_key><![CDATA[_price]]></wp:meta_key>
			<wp:meta_value><![CDATA[600]]></wp:meta_value>
		</wp:postmeta>
		<wp:postmeta>
			<wp:meta_key><![CDATA[_sold_individually]]></wp:meta_key>
			<wp:meta_value><![CDATA[]]></wp:meta_value>
		</wp:postmeta>
		<wp:postmeta>
			<wp:meta_key><![CDATA[_manage_stock]]></wp:meta_key>
			<wp:meta_value><![CDATA[no]]></wp:meta_value>
		</wp:postmeta>
		<wp:postmeta>
			<wp:meta_key><![CDATA[_backorders]]></wp:meta_key>
			<wp:meta_value><![CDATA[no]]></wp:meta_value>
		</wp:postmeta>
		<wp:postmeta>
			<wp:meta_key><![CDATA[_stock]]></wp:meta_key>
			<wp:meta_value><![CDATA[]]></wp:meta_value>
		</wp:postmeta>
		<wp:postmeta>
			<wp:meta_key><![CDATA[_upsell_ids]]></wp:meta_key>
			<wp:meta_value><![CDATA[a:0:{}]]></wp:meta_value>
		</wp:postmeta>
		<wp:postmeta>
			<wp:meta_key><![CDATA[_crosssell_ids]]></wp:meta_key>
			<wp:meta_value><![CDATA[a:0:{}]]></wp:meta_value>
		</wp:postmeta>
		<wp:postmeta>
			<wp:meta_key><![CDATA[_product_version]]></wp:meta_key>
			<wp:meta_value><![CDATA[3.0.6]]></wp:meta_value>
		</wp:postmeta>
		<wp:postmeta>
			<wp:meta_key><![CDATA[_product_image_gallery]]></wp:meta_key>
			<wp:meta_value><![CDATA[2200,2201,2193]]></wp:meta_value>
		</wp:postmeta>
		<wp:postmeta>
			<wp:meta_key><![CDATA[_wp_old_slug]]></wp:meta_key>
			<wp:meta_value><![CDATA[yellow]]></wp:meta_value>
		</wp:postmeta>
		<wp:postmeta>
			<wp:meta_key><![CDATA[total_sales]]></wp:meta_key>
			<wp:meta_value><![CDATA[1]]></wp:meta_value>
		</wp:postmeta>
		<wp:postmeta>
			<wp:meta_key><![CDATA[_sku]]></wp:meta_key>
			<wp:meta_value><![CDATA[16]]></wp:meta_value>
		</wp:postmeta>
		<wp:postmeta>
			<wp:meta_key><![CDATA[_wc_rating_count]]></wp:meta_key>
			<wp:meta_value><![CDATA[a:0:{}]]></wp:meta_value>
		</wp:postmeta>
		<wp:postmeta>
			<wp:meta_key><![CDATA[_wc_review_count]]></wp:meta_key>
			<wp:meta_value><![CDATA[0]]></wp:meta_value>
		</wp:postmeta>
		<wp:postmeta>
			<wp:meta_key><![CDATA[_wc_average_rating]]></wp:meta_key>
			<wp:meta_value><![CDATA[0]]></wp:meta_value>
		</wp:postmeta>
		<wp:postmeta>
			<wp:meta_key><![CDATA[_recommended]]></wp:meta_key>
			<wp:meta_value><![CDATA[0]]></wp:meta_value>
		</wp:postmeta>
		<wp:postmeta>
			<wp:meta_key><![CDATA[_tax_status]]></wp:meta_key>
			<wp:meta_value><![CDATA[taxable]]></wp:meta_value>
		</wp:postmeta>
		<wp:postmeta>
			<wp:meta_key><![CDATA[_tax_class]]></wp:meta_key>
			<wp:meta_value><![CDATA[]]></wp:meta_value>
		</wp:postmeta>
		<wp:postmeta>
			<wp:meta_key><![CDATA[_default_attributes]]></wp:meta_key>
			<wp:meta_value><![CDATA[a:0:{}]]></wp:meta_value>
		</wp:postmeta>
		<wp:postmeta>
			<wp:meta_key><![CDATA[_download_limit]]></wp:meta_key>
			<wp:meta_value><![CDATA[-1]]></wp:meta_value>
		</wp:postmeta>
		<wp:postmeta>
			<wp:meta_key><![CDATA[_download_expiry]]></wp:meta_key>
			<wp:meta_value><![CDATA[-1]]></wp:meta_value>
		</wp:postmeta>
	</item>
	<item>
		<title>Paper</title>
		<link>http://themes.pixelwars.org/life/product/black-silk-jacket/</link>
		<pubDate>Tue, 08 Nov 2016 13:36:23 +0000</pubDate>
		<dc:creator><![CDATA[pixelwars]]></dc:creator>
		<guid isPermaLink="false">http://themes.pixelwars.org/theblogger/default/product/black-silk-jacket/</guid>
		<description></description>
		<content:encoded><![CDATA[Things just got sweeter. The Galaxy S7 and Galaxy S7 edge are powered by the latest Android Marshmallow OS. That means less battery drain from apps you don’t use, and new features like Now on Tap—the genius technology that anticipates your next move.
<h3>What’s Inside The Box</h3>
Things just got sweeter. The Galaxy S7 and Galaxy S7 edge are powered by the latest Android Marshmallow OS. That means less battery drain from apps you don’t use, and new features like Now on Tap—the genius technology that anticipates your next move.
<h3>Camera Features</h3>
Things just got sweeter. The Galaxy S7 and Galaxy S7 edge are powered by the latest Android Marshmallow OS. That means less battery drain from apps you don’t use, and new features like Now on Tap—the genius technology that anticipates your next move.

&nbsp;]]></content:encoded>
		<excerpt:encoded><![CDATA[I'm not the monster he wants me to be. So I'm neither man nor beast. I'm something new entirely. With my own set of rules. I'm Dexter. Boo. Rorschach would say you have a hard time relating to others. Hello, Dexter Morgan.

Watching ice melt. This is fun. I'm really more an apartment person. I'm partial to air conditioning. Cops, another community I'm not part of. Tell him time is of the essence.]]></excerpt:encoded>
		<wp:post_id>279</wp:post_id>
		<wp:post_date><![CDATA[2016-11-08 13:36:23]]></wp:post_date>
		<wp:post_date_gmt><![CDATA[2016-11-08 13:36:23]]></wp:post_date_gmt>
		<wp:comment_status><![CDATA[open]]></wp:comment_status>
		<wp:ping_status><![CDATA[closed]]></wp:ping_status>
		<wp:post_name><![CDATA[black-silk-jacket]]></wp:post_name>
		<wp:status><![CDATA[publish]]></wp:status>
		<wp:post_parent>0</wp:post_parent>
		<wp:menu_order>0</wp:menu_order>
		<wp:post_type><![CDATA[product]]></wp:post_type>
		<wp:post_password><![CDATA[]]></wp:post_password>
		<wp:is_sticky>0</wp:is_sticky>
		<category domain="product_tag" nicename="black"><![CDATA[black]]></category>
		<category domain="product_tag" nicename="new"><![CDATA[new]]></category>
		<category domain="product_type" nicename="simple"><![CDATA[simple]]></category>
		<category domain="product_tag" nicename="tshirt"><![CDATA[tshirt]]></category>
		<category domain="product_cat" nicename="shirts"><![CDATA[shirts]]></category>
		<wp:postmeta>
			<wp:meta_key><![CDATA[inline_featured_image]]></wp:meta_key>
			<wp:meta_value><![CDATA[0]]></wp:meta_value>
		</wp:postmeta>
		<wp:postmeta>
			<wp:meta_key><![CDATA[_vc_post_settings]]></wp:meta_key>
			<wp:meta_value><![CDATA[a:1:{s:10:"vc_grid_id";a:0:{}}]]></wp:meta_value>
		</wp:postmeta>
		<wp:postmeta>
			<wp:meta_key><![CDATA[inline_featured_image]]></wp:meta_key>
			<wp:meta_value><![CDATA[0]]></wp:meta_value>
		</wp:postmeta>
		<wp:postmeta>
			<wp:meta_key><![CDATA[_vc_post_settings]]></wp:meta_key>
			<wp:meta_value><![CDATA[a:1:{s:10:"vc_grid_id";a:0:{}}]]></wp:meta_value>
		</wp:postmeta>
		<wp:postmeta>
			<wp:meta_key><![CDATA[_edit_last]]></wp:meta_key>
			<wp:meta_value><![CDATA[1]]></wp:meta_value>
		</wp:postmeta>
		<wp:postmeta>
			<wp:meta_key><![CDATA[_virtual]]></wp:meta_key>
			<wp:meta_value><![CDATA[no]]></wp:meta_value>
		</wp:postmeta>
		<wp:postmeta>
			<wp:meta_key><![CDATA[_visibility]]></wp:meta_key>
			<wp:meta_value><![CDATA[visible]]></wp:meta_value>
		</wp:postmeta>
		<wp:postmeta>
			<wp:meta_key><![CDATA[_stock_status]]></wp:meta_key>
			<wp:meta_value><![CDATA[instock]]></wp:meta_value>
		</wp:postmeta>
		<wp:postmeta>
			<wp:meta_key><![CDATA[_thumbnail_id]]></wp:meta_key>
			<wp:meta_value><![CDATA[2204]]></wp:meta_value>
		</wp:postmeta>
		<wp:postmeta>
			<wp:meta_key><![CDATA[_downloadable]]></wp:meta_key>
			<wp:meta_value><![CDATA[no]]></wp:meta_value>
		</wp:postmeta>
		<wp:postmeta>
			<wp:meta_key><![CDATA[_product_attributes]]></wp:meta_key>
			<wp:meta_value><![CDATA[a:3:{s:5:"color";a:6:{s:4:"name";s:5:"COLOR";s:5:"value";s:5:"Black";s:8:"position";i:0;s:10:"is_visible";i:1;s:12:"is_variation";i:0;s:11:"is_taxonomy";i:0;}s:6:"length";a:6:{s:4:"name";s:6:"LENGTH";s:5:"value";s:8:"32-34-36";s:8:"position";i:1;s:10:"is_visible";i:1;s:12:"is_variation";i:0;s:11:"is_taxonomy";i:0;}s:8:"warranty";a:6:{s:4:"name";s:8:"WARRANTY";s:5:"value";s:7:"2 years";s:8:"position";i:2;s:10:"is_visible";i:1;s:12:"is_variation";i:0;s:11:"is_taxonomy";i:0;}}]]></wp:meta_value>
		</wp:postmeta>
		<wp:postmeta>
			<wp:meta_key><![CDATA[_purchase_note]]></wp:meta_key>
			<wp:meta_value><![CDATA[]]></wp:meta_value>
		</wp:postmeta>
		<wp:postmeta>
			<wp:meta_key><![CDATA[_featured]]></wp:meta_key>
			<wp:meta_value><![CDATA[no]]></wp:meta_value>
		</wp:postmeta>
		<wp:postmeta>
			<wp:meta_key><![CDATA[_weight]]></wp:meta_key>
			<wp:meta_value><![CDATA[1]]></wp:meta_value>
		</wp:postmeta>
		<wp:postmeta>
			<wp:meta_key><![CDATA[_length]]></wp:meta_key>
			<wp:meta_value><![CDATA[22]]></wp:meta_value>
		</wp:postmeta>
		<wp:postmeta>
			<wp:meta_key><![CDATA[_width]]></wp:meta_key>
			<wp:meta_value><![CDATA[14]]></wp:meta_value>
		</wp:postmeta>
		<wp:postmeta>
			<wp:meta_key><![CDATA[_height]]></wp:meta_key>
			<wp:meta_value><![CDATA[10]]></wp:meta_value>
		</wp:postmeta>
		<wp:postmeta>
			<wp:meta_key><![CDATA[_regular_price]]></wp:meta_key>
			<wp:meta_value><![CDATA[900]]></wp:meta_value>
		</wp:postmeta>
		<wp:postmeta>
			<wp:meta_key><![CDATA[_sale_price]]></wp:meta_key>
			<wp:meta_value><![CDATA[]]></wp:meta_value>
		</wp:postmeta>
		<wp:postmeta>
			<wp:meta_key><![CDATA[_sale_price_dates_from]]></wp:meta_key>
			<wp:meta_value><![CDATA[]]></wp:meta_value>
		</wp:postmeta>
		<wp:postmeta>
			<wp:meta_key><![CDATA[_sale_price_dates_to]]></wp:meta_key>
			<wp:meta_value><![CDATA[]]></wp:meta_value>
		</wp:postmeta>
		<wp:postmeta>
			<wp:meta_key><![CDATA[_price]]></wp:meta_key>
			<wp:meta_value><![CDATA[900]]></wp:meta_value>
		</wp:postmeta>
		<wp:postmeta>
			<wp:meta_key><![CDATA[_sold_individually]]></wp:meta_key>
			<wp:meta_value><![CDATA[]]></wp:meta_value>
		</wp:postmeta>
		<wp:postmeta>
			<wp:meta_key><![CDATA[_manage_stock]]></wp:meta_key>
			<wp:meta_value><![CDATA[no]]></wp:meta_value>
		</wp:postmeta>
		<wp:postmeta>
			<wp:meta_key><![CDATA[_backorders]]></wp:meta_key>
			<wp:meta_value><![CDATA[no]]></wp:meta_value>
		</wp:postmeta>
		<wp:postmeta>
			<wp:meta_key><![CDATA[_stock]]></wp:meta_key>
			<wp:meta_value><![CDATA[]]></wp:meta_value>
		</wp:postmeta>
		<wp:postmeta>
			<wp:meta_key><![CDATA[_upsell_ids]]></wp:meta_key>
			<wp:meta_value><![CDATA[a:0:{}]]></wp:meta_value>
		</wp:postmeta>
		<wp:postmeta>
			<wp:meta_key><![CDATA[_crosssell_ids]]></wp:meta_key>
			<wp:meta_value><![CDATA[a:0:{}]]></wp:meta_value>
		</wp:postmeta>
		<wp:postmeta>
			<wp:meta_key><![CDATA[_product_version]]></wp:meta_key>
			<wp:meta_value><![CDATA[3.0.6]]></wp:meta_value>
		</wp:postmeta>
		<wp:postmeta>
			<wp:meta_key><![CDATA[_product_image_gallery]]></wp:meta_key>
			<wp:meta_value><![CDATA[2200,2195,2202]]></wp:meta_value>
		</wp:postmeta>
		<wp:postmeta>
			<wp:meta_key><![CDATA[total_sales]]></wp:meta_key>
			<wp:meta_value><![CDATA[0]]></wp:meta_value>
		</wp:postmeta>
		<wp:postmeta>
			<wp:meta_key><![CDATA[_sku]]></wp:meta_key>
			<wp:meta_value><![CDATA[10]]></wp:meta_value>
		</wp:postmeta>
		<wp:postmeta>
			<wp:meta_key><![CDATA[_wc_rating_count]]></wp:meta_key>
			<wp:meta_value><![CDATA[a:0:{}]]></wp:meta_value>
		</wp:postmeta>
		<wp:postmeta>
			<wp:meta_key><![CDATA[_wc_review_count]]></wp:meta_key>
			<wp:meta_value><![CDATA[0]]></wp:meta_value>
		</wp:postmeta>
		<wp:postmeta>
			<wp:meta_key><![CDATA[_wc_average_rating]]></wp:meta_key>
			<wp:meta_value><![CDATA[0]]></wp:meta_value>
		</wp:postmeta>
		<wp:postmeta>
			<wp:meta_key><![CDATA[_recommended]]></wp:meta_key>
			<wp:meta_value><![CDATA[0]]></wp:meta_value>
		</wp:postmeta>
		<wp:postmeta>
			<wp:meta_key><![CDATA[_tax_status]]></wp:meta_key>
			<wp:meta_value><![CDATA[taxable]]></wp:meta_value>
		</wp:postmeta>
		<wp:postmeta>
			<wp:meta_key><![CDATA[_tax_class]]></wp:meta_key>
			<wp:meta_value><![CDATA[]]></wp:meta_value>
		</wp:postmeta>
		<wp:postmeta>
			<wp:meta_key><![CDATA[_default_attributes]]></wp:meta_key>
			<wp:meta_value><![CDATA[a:0:{}]]></wp:meta_value>
		</wp:postmeta>
		<wp:postmeta>
			<wp:meta_key><![CDATA[_download_limit]]></wp:meta_key>
			<wp:meta_value><![CDATA[-1]]></wp:meta_value>
		</wp:postmeta>
		<wp:postmeta>
			<wp:meta_key><![CDATA[_download_expiry]]></wp:meta_key>
			<wp:meta_value><![CDATA[-1]]></wp:meta_value>
		</wp:postmeta>
	</item>
	<item>
		<title>Funny Toy</title>
		<link>http://themes.pixelwars.org/life/product/gray-point-dream/</link>
		<pubDate>Tue, 08 Nov 2016 13:32:40 +0000</pubDate>
		<dc:creator><![CDATA[pixelwars]]></dc:creator>
		<guid isPermaLink="false">http://themes.pixelwars.org/theblogger/default/product/gray-point-dream/</guid>
		<description></description>
		<content:encoded><![CDATA[Things just got sweeter. The Galaxy S7 and Galaxy S7 edge are powered by the latest Android Marshmallow OS. That means less battery drain from apps you don’t use, and new features like Now on Tap—the genius technology that anticipates your next move.
<h3>What’s Inside The Box</h3>
Things just got sweeter. The Galaxy S7 and Galaxy S7 edge are powered by the latest Android Marshmallow OS. That means less battery drain from apps you don’t use, and new features like Now on Tap—the genius technology that anticipates your next move.
<h3>Camera Features</h3>
Things just got sweeter. The Galaxy S7 and Galaxy S7 edge are powered by the latest Android Marshmallow OS. That means less battery drain from apps you don’t use, and new features like Now on Tap—the genius technology that anticipates your next move.

&nbsp;]]></content:encoded>
		<excerpt:encoded><![CDATA[I'm not the monster he wants me to be. So I'm neither man nor beast. I'm something new entirely. With my own set of rules. I'm Dexter. Boo. Rorschach would say you have a hard time relating to others. Hello, Dexter Morgan.

Watching ice melt. This is fun. I'm really more an apartment person. I'm partial to air conditioning. Cops, another community I'm not part of. Tell him time is of the essence.]]></excerpt:encoded>
		<wp:post_id>280</wp:post_id>
		<wp:post_date><![CDATA[2016-11-08 13:32:40]]></wp:post_date>
		<wp:post_date_gmt><![CDATA[2016-11-08 13:32:40]]></wp:post_date_gmt>
		<wp:comment_status><![CDATA[open]]></wp:comment_status>
		<wp:ping_status><![CDATA[closed]]></wp:ping_status>
		<wp:post_name><![CDATA[gray-point-dream]]></wp:post_name>
		<wp:status><![CDATA[publish]]></wp:status>
		<wp:post_parent>0</wp:post_parent>
		<wp:menu_order>0</wp:menu_order>
		<wp:post_type><![CDATA[product]]></wp:post_type>
		<wp:post_password><![CDATA[]]></wp:post_password>
		<wp:is_sticky>0</wp:is_sticky>
		<category domain="product_tag" nicename="black"><![CDATA[black]]></category>
		<category domain="product_tag" nicename="new"><![CDATA[new]]></category>
		<category domain="product_type" nicename="simple"><![CDATA[simple]]></category>
		<category domain="product_tag" nicename="tshirt"><![CDATA[tshirt]]></category>
		<category domain="product_cat" nicename="shirts"><![CDATA[shirts]]></category>
		<wp:postmeta>
			<wp:meta_key><![CDATA[inline_featured_image]]></wp:meta_key>
			<wp:meta_value><![CDATA[0]]></wp:meta_value>
		</wp:postmeta>
		<wp:postmeta>
			<wp:meta_key><![CDATA[_vc_post_settings]]></wp:meta_key>
			<wp:meta_value><![CDATA[a:1:{s:10:"vc_grid_id";a:0:{}}]]></wp:meta_value>
		</wp:postmeta>
		<wp:postmeta>
			<wp:meta_key><![CDATA[inline_featured_image]]></wp:meta_key>
			<wp:meta_value><![CDATA[0]]></wp:meta_value>
		</wp:postmeta>
		<wp:postmeta>
			<wp:meta_key><![CDATA[_vc_post_settings]]></wp:meta_key>
			<wp:meta_value><![CDATA[a:1:{s:10:"vc_grid_id";a:0:{}}]]></wp:meta_value>
		</wp:postmeta>
		<wp:postmeta>
			<wp:meta_key><![CDATA[_edit_last]]></wp:meta_key>
			<wp:meta_value><![CDATA[1]]></wp:meta_value>
		</wp:postmeta>
		<wp:postmeta>
			<wp:meta_key><![CDATA[_virtual]]></wp:meta_key>
			<wp:meta_value><![CDATA[no]]></wp:meta_value>
		</wp:postmeta>
		<wp:postmeta>
			<wp:meta_key><![CDATA[_visibility]]></wp:meta_key>
			<wp:meta_value><![CDATA[visible]]></wp:meta_value>
		</wp:postmeta>
		<wp:postmeta>
			<wp:meta_key><![CDATA[_stock_status]]></wp:meta_key>
			<wp:meta_value><![CDATA[instock]]></wp:meta_value>
		</wp:postmeta>
		<wp:postmeta>
			<wp:meta_key><![CDATA[_thumbnail_id]]></wp:meta_key>
			<wp:meta_value><![CDATA[2191]]></wp:meta_value>
		</wp:postmeta>
		<wp:postmeta>
			<wp:meta_key><![CDATA[_downloadable]]></wp:meta_key>
			<wp:meta_value><![CDATA[no]]></wp:meta_value>
		</wp:postmeta>
		<wp:postmeta>
			<wp:meta_key><![CDATA[_product_attributes]]></wp:meta_key>
			<wp:meta_value><![CDATA[a:3:{s:5:"color";a:6:{s:4:"name";s:5:"COLOR";s:5:"value";s:4:"Gray";s:8:"position";i:0;s:10:"is_visible";i:1;s:12:"is_variation";i:0;s:11:"is_taxonomy";i:0;}s:6:"length";a:6:{s:4:"name";s:6:"LENGTH";s:5:"value";s:8:"S-M-L-XL";s:8:"position";i:1;s:10:"is_visible";i:1;s:12:"is_variation";i:0;s:11:"is_taxonomy";i:0;}s:8:"warranty";a:6:{s:4:"name";s:8:"WARRANTY";s:5:"value";s:7:"2 years";s:8:"position";i:2;s:10:"is_visible";i:1;s:12:"is_variation";i:0;s:11:"is_taxonomy";i:0;}}]]></wp:meta_value>
		</wp:postmeta>
		<wp:postmeta>
			<wp:meta_key><![CDATA[_purchase_note]]></wp:meta_key>
			<wp:meta_value><![CDATA[]]></wp:meta_value>
		</wp:postmeta>
		<wp:postmeta>
			<wp:meta_key><![CDATA[_featured]]></wp:meta_key>
			<wp:meta_value><![CDATA[no]]></wp:meta_value>
		</wp:postmeta>
		<wp:postmeta>
			<wp:meta_key><![CDATA[_weight]]></wp:meta_key>
			<wp:meta_value><![CDATA[1]]></wp:meta_value>
		</wp:postmeta>
		<wp:postmeta>
			<wp:meta_key><![CDATA[_length]]></wp:meta_key>
			<wp:meta_value><![CDATA[22]]></wp:meta_value>
		</wp:postmeta>
		<wp:postmeta>
			<wp:meta_key><![CDATA[_width]]></wp:meta_key>
			<wp:meta_value><![CDATA[14]]></wp:meta_value>
		</wp:postmeta>
		<wp:postmeta>
			<wp:meta_key><![CDATA[_height]]></wp:meta_key>
			<wp:meta_value><![CDATA[10]]></wp:meta_value>
		</wp:postmeta>
		<wp:postmeta>
			<wp:meta_key><![CDATA[_regular_price]]></wp:meta_key>
			<wp:meta_value><![CDATA[300]]></wp:meta_value>
		</wp:postmeta>
		<wp:postmeta>
			<wp:meta_key><![CDATA[_sale_price]]></wp:meta_key>
			<wp:meta_value><![CDATA[250]]></wp:meta_value>
		</wp:postmeta>
		<wp:postmeta>
			<wp:meta_key><![CDATA[_sale_price_dates_from]]></wp:meta_key>
			<wp:meta_value><![CDATA[]]></wp:meta_value>
		</wp:postmeta>
		<wp:postmeta>
			<wp:meta_key><![CDATA[_sale_price_dates_to]]></wp:meta_key>
			<wp:meta_value><![CDATA[]]></wp:meta_value>
		</wp:postmeta>
		<wp:postmeta>
			<wp:meta_key><![CDATA[_price]]></wp:meta_key>
			<wp:meta_value><![CDATA[250]]></wp:meta_value>
		</wp:postmeta>
		<wp:postmeta>
			<wp:meta_key><![CDATA[_sold_individually]]></wp:meta_key>
			<wp:meta_value><![CDATA[]]></wp:meta_value>
		</wp:postmeta>
		<wp:postmeta>
			<wp:meta_key><![CDATA[_manage_stock]]></wp:meta_key>
			<wp:meta_value><![CDATA[no]]></wp:meta_value>
		</wp:postmeta>
		<wp:postmeta>
			<wp:meta_key><![CDATA[_backorders]]></wp:meta_key>
			<wp:meta_value><![CDATA[no]]></wp:meta_value>
		</wp:postmeta>
		<wp:postmeta>
			<wp:meta_key><![CDATA[_stock]]></wp:meta_key>
			<wp:meta_value><![CDATA[]]></wp:meta_value>
		</wp:postmeta>
		<wp:postmeta>
			<wp:meta_key><![CDATA[_upsell_ids]]></wp:meta_key>
			<wp:meta_value><![CDATA[a:0:{}]]></wp:meta_value>
		</wp:postmeta>
		<wp:postmeta>
			<wp:meta_key><![CDATA[_crosssell_ids]]></wp:meta_key>
			<wp:meta_value><![CDATA[a:0:{}]]></wp:meta_value>
		</wp:postmeta>
		<wp:postmeta>
			<wp:meta_key><![CDATA[_product_version]]></wp:meta_key>
			<wp:meta_value><![CDATA[3.0.6]]></wp:meta_value>
		</wp:postmeta>
		<wp:postmeta>
			<wp:meta_key><![CDATA[_product_image_gallery]]></wp:meta_key>
			<wp:meta_value><![CDATA[2194,2200,2202]]></wp:meta_value>
		</wp:postmeta>
		<wp:postmeta>
			<wp:meta_key><![CDATA[total_sales]]></wp:meta_key>
			<wp:meta_value><![CDATA[0]]></wp:meta_value>
		</wp:postmeta>
		<wp:postmeta>
			<wp:meta_key><![CDATA[_wc_rating_count]]></wp:meta_key>
			<wp:meta_value><![CDATA[a:0:{}]]></wp:meta_value>
		</wp:postmeta>
		<wp:postmeta>
			<wp:meta_key><![CDATA[_wc_review_count]]></wp:meta_key>
			<wp:meta_value><![CDATA[0]]></wp:meta_value>
		</wp:postmeta>
		<wp:postmeta>
			<wp:meta_key><![CDATA[_wc_average_rating]]></wp:meta_key>
			<wp:meta_value><![CDATA[0]]></wp:meta_value>
		</wp:postmeta>
		<wp:postmeta>
			<wp:meta_key><![CDATA[_recommended]]></wp:meta_key>
			<wp:meta_value><![CDATA[0]]></wp:meta_value>
		</wp:postmeta>
		<wp:postmeta>
			<wp:meta_key><![CDATA[_sku]]></wp:meta_key>
			<wp:meta_value><![CDATA[]]></wp:meta_value>
		</wp:postmeta>
		<wp:postmeta>
			<wp:meta_key><![CDATA[_tax_status]]></wp:meta_key>
			<wp:meta_value><![CDATA[taxable]]></wp:meta_value>
		</wp:postmeta>
		<wp:postmeta>
			<wp:meta_key><![CDATA[_tax_class]]></wp:meta_key>
			<wp:meta_value><![CDATA[]]></wp:meta_value>
		</wp:postmeta>
		<wp:postmeta>
			<wp:meta_key><![CDATA[_default_attributes]]></wp:meta_key>
			<wp:meta_value><![CDATA[a:0:{}]]></wp:meta_value>
		</wp:postmeta>
		<wp:postmeta>
			<wp:meta_key><![CDATA[_download_limit]]></wp:meta_key>
			<wp:meta_value><![CDATA[-1]]></wp:meta_value>
		</wp:postmeta>
		<wp:postmeta>
			<wp:meta_key><![CDATA[_download_expiry]]></wp:meta_key>
			<wp:meta_value><![CDATA[-1]]></wp:meta_value>
		</wp:postmeta>
	</item>
	<item>
		<title>Wooden Clock</title>
		<link>http://themes.pixelwars.org/life/product/basic-denim-jacket/</link>
		<pubDate>Wed, 08 Mar 2017 13:28:47 +0000</pubDate>
		<dc:creator><![CDATA[pixelwars]]></dc:creator>
		<guid isPermaLink="false">http://themes.pixelwars.org/theblogger/default/product/basic-denim-jacket/</guid>
		<description></description>
		<content:encoded><![CDATA[Things just got sweeter. The Galaxy S7 and Galaxy S7 edge are powered by the latest Android Marshmallow OS. That means less battery drain from apps you don’t use, and new features like Now on Tap—the genius technology that anticipates your next move.
<h3>What’s Inside The Box</h3>
Things just got sweeter. The Galaxy S7 and Galaxy S7 edge are powered by the latest Android Marshmallow OS. That means less battery drain from apps you don’t use, and new features like Now on Tap—the genius technology that anticipates your next move.
<h3>Camera Features</h3>
Things just got sweeter. The Galaxy S7 and Galaxy S7 edge are powered by the latest Android Marshmallow OS. That means less battery drain from apps you don’t use, and new features like Now on Tap—the genius technology that anticipates your next move.

&nbsp;]]></content:encoded>
		<excerpt:encoded><![CDATA[I'm not the monster he wants me to be. So I'm neither man nor beast. I'm something new entirely. With my own set of rules. I'm Dexter. Boo. Rorschach would say you have a hard time relating to others. Hello, Dexter Morgan.

Watching ice melt. This is fun. I'm really more an apartment person. I'm partial to air conditioning. Cops, another community I'm not part of. Tell him time is of the essence.]]></excerpt:encoded>
		<wp:post_id>284</wp:post_id>
		<wp:post_date><![CDATA[2017-03-08 13:28:47]]></wp:post_date>
		<wp:post_date_gmt><![CDATA[2017-03-08 13:28:47]]></wp:post_date_gmt>
		<wp:comment_status><![CDATA[open]]></wp:comment_status>
		<wp:ping_status><![CDATA[closed]]></wp:ping_status>
		<wp:post_name><![CDATA[basic-denim-jacket]]></wp:post_name>
		<wp:status><![CDATA[publish]]></wp:status>
		<wp:post_parent>0</wp:post_parent>
		<wp:menu_order>0</wp:menu_order>
		<wp:post_type><![CDATA[product]]></wp:post_type>
		<wp:post_password><![CDATA[]]></wp:post_password>
		<wp:is_sticky>0</wp:is_sticky>
		<category domain="product_tag" nicename="black"><![CDATA[black]]></category>
		<category domain="product_tag" nicename="new"><![CDATA[new]]></category>
		<category domain="product_type" nicename="simple"><![CDATA[simple]]></category>
		<category domain="product_tag" nicename="tshirt"><![CDATA[tshirt]]></category>
		<category domain="product_cat" nicename="shirts"><![CDATA[shirts]]></category>
		<wp:postmeta>
			<wp:meta_key><![CDATA[inline_featured_image]]></wp:meta_key>
			<wp:meta_value><![CDATA[0]]></wp:meta_value>
		</wp:postmeta>
		<wp:postmeta>
			<wp:meta_key><![CDATA[_vc_post_settings]]></wp:meta_key>
			<wp:meta_value><![CDATA[a:1:{s:10:"vc_grid_id";a:0:{}}]]></wp:meta_value>
		</wp:postmeta>
		<wp:postmeta>
			<wp:meta_key><![CDATA[inline_featured_image]]></wp:meta_key>
			<wp:meta_value><![CDATA[0]]></wp:meta_value>
		</wp:postmeta>
		<wp:postmeta>
			<wp:meta_key><![CDATA[_vc_post_settings]]></wp:meta_key>
			<wp:meta_value><![CDATA[a:1:{s:10:"vc_grid_id";a:0:{}}]]></wp:meta_value>
		</wp:postmeta>
		<wp:postmeta>
			<wp:meta_key><![CDATA[_edit_last]]></wp:meta_key>
			<wp:meta_value><![CDATA[1]]></wp:meta_value>
		</wp:postmeta>
		<wp:postmeta>
			<wp:meta_key><![CDATA[_virtual]]></wp:meta_key>
			<wp:meta_value><![CDATA[no]]></wp:meta_value>
		</wp:postmeta>
		<wp:postmeta>
			<wp:meta_key><![CDATA[_visibility]]></wp:meta_key>
			<wp:meta_value><![CDATA[visible]]></wp:meta_value>
		</wp:postmeta>
		<wp:postmeta>
			<wp:meta_key><![CDATA[_stock_status]]></wp:meta_key>
			<wp:meta_value><![CDATA[instock]]></wp:meta_value>
		</wp:postmeta>
		<wp:postmeta>
			<wp:meta_key><![CDATA[_thumbnail_id]]></wp:meta_key>
			<wp:meta_value><![CDATA[2193]]></wp:meta_value>
		</wp:postmeta>
		<wp:postmeta>
			<wp:meta_key><![CDATA[_downloadable]]></wp:meta_key>
			<wp:meta_value><![CDATA[no]]></wp:meta_value>
		</wp:postmeta>
		<wp:postmeta>
			<wp:meta_key><![CDATA[_product_attributes]]></wp:meta_key>
			<wp:meta_value><![CDATA[a:3:{s:5:"color";a:6:{s:4:"name";s:5:"COLOR";s:5:"value";s:11:"Gray, Black";s:8:"position";i:0;s:10:"is_visible";i:1;s:12:"is_variation";i:0;s:11:"is_taxonomy";i:0;}s:6:"length";a:6:{s:4:"name";s:6:"LENGTH";s:5:"value";s:8:"S-M-L-XL";s:8:"position";i:1;s:10:"is_visible";i:1;s:12:"is_variation";i:0;s:11:"is_taxonomy";i:0;}s:8:"warranty";a:6:{s:4:"name";s:8:"WARRANTY";s:5:"value";s:7:"2 years";s:8:"position";i:2;s:10:"is_visible";i:1;s:12:"is_variation";i:0;s:11:"is_taxonomy";i:0;}}]]></wp:meta_value>
		</wp:postmeta>
		<wp:postmeta>
			<wp:meta_key><![CDATA[_purchase_note]]></wp:meta_key>
			<wp:meta_value><![CDATA[]]></wp:meta_value>
		</wp:postmeta>
		<wp:postmeta>
			<wp:meta_key><![CDATA[_featured]]></wp:meta_key>
			<wp:meta_value><![CDATA[no]]></wp:meta_value>
		</wp:postmeta>
		<wp:postmeta>
			<wp:meta_key><![CDATA[_weight]]></wp:meta_key>
			<wp:meta_value><![CDATA[1]]></wp:meta_value>
		</wp:postmeta>
		<wp:postmeta>
			<wp:meta_key><![CDATA[_length]]></wp:meta_key>
			<wp:meta_value><![CDATA[22]]></wp:meta_value>
		</wp:postmeta>
		<wp:postmeta>
			<wp:meta_key><![CDATA[_width]]></wp:meta_key>
			<wp:meta_value><![CDATA[14]]></wp:meta_value>
		</wp:postmeta>
		<wp:postmeta>
			<wp:meta_key><![CDATA[_height]]></wp:meta_key>
			<wp:meta_value><![CDATA[10]]></wp:meta_value>
		</wp:postmeta>
		<wp:postmeta>
			<wp:meta_key><![CDATA[_regular_price]]></wp:meta_key>
			<wp:meta_value><![CDATA[450]]></wp:meta_value>
		</wp:postmeta>
		<wp:postmeta>
			<wp:meta_key><![CDATA[_sale_price]]></wp:meta_key>
			<wp:meta_value><![CDATA[]]></wp:meta_value>
		</wp:postmeta>
		<wp:postmeta>
			<wp:meta_key><![CDATA[_sale_price_dates_from]]></wp:meta_key>
			<wp:meta_value><![CDATA[]]></wp:meta_value>
		</wp:postmeta>
		<wp:postmeta>
			<wp:meta_key><![CDATA[_sale_price_dates_to]]></wp:meta_key>
			<wp:meta_value><![CDATA[]]></wp:meta_value>
		</wp:postmeta>
		<wp:postmeta>
			<wp:meta_key><![CDATA[_price]]></wp:meta_key>
			<wp:meta_value><![CDATA[450]]></wp:meta_value>
		</wp:postmeta>
		<wp:postmeta>
			<wp:meta_key><![CDATA[_sold_individually]]></wp:meta_key>
			<wp:meta_value><![CDATA[]]></wp:meta_value>
		</wp:postmeta>
		<wp:postmeta>
			<wp:meta_key><![CDATA[_manage_stock]]></wp:meta_key>
			<wp:meta_value><![CDATA[no]]></wp:meta_value>
		</wp:postmeta>
		<wp:postmeta>
			<wp:meta_key><![CDATA[_backorders]]></wp:meta_key>
			<wp:meta_value><![CDATA[no]]></wp:meta_value>
		</wp:postmeta>
		<wp:postmeta>
			<wp:meta_key><![CDATA[_stock]]></wp:meta_key>
			<wp:meta_value><![CDATA[]]></wp:meta_value>
		</wp:postmeta>
		<wp:postmeta>
			<wp:meta_key><![CDATA[_upsell_ids]]></wp:meta_key>
			<wp:meta_value><![CDATA[a:0:{}]]></wp:meta_value>
		</wp:postmeta>
		<wp:postmeta>
			<wp:meta_key><![CDATA[_crosssell_ids]]></wp:meta_key>
			<wp:meta_value><![CDATA[a:0:{}]]></wp:meta_value>
		</wp:postmeta>
		<wp:postmeta>
			<wp:meta_key><![CDATA[_product_version]]></wp:meta_key>
			<wp:meta_value><![CDATA[3.0.6]]></wp:meta_value>
		</wp:postmeta>
		<wp:postmeta>
			<wp:meta_key><![CDATA[_product_image_gallery]]></wp:meta_key>
			<wp:meta_value><![CDATA[2192,2191,2194]]></wp:meta_value>
		</wp:postmeta>
		<wp:postmeta>
			<wp:meta_key><![CDATA[total_sales]]></wp:meta_key>
			<wp:meta_value><![CDATA[0]]></wp:meta_value>
		</wp:postmeta>
		<wp:postmeta>
			<wp:meta_key><![CDATA[_sku]]></wp:meta_key>
			<wp:meta_value><![CDATA[12]]></wp:meta_value>
		</wp:postmeta>
		<wp:postmeta>
			<wp:meta_key><![CDATA[_wc_rating_count]]></wp:meta_key>
			<wp:meta_value><![CDATA[a:0:{}]]></wp:meta_value>
		</wp:postmeta>
		<wp:postmeta>
			<wp:meta_key><![CDATA[_wc_review_count]]></wp:meta_key>
			<wp:meta_value><![CDATA[0]]></wp:meta_value>
		</wp:postmeta>
		<wp:postmeta>
			<wp:meta_key><![CDATA[_wc_average_rating]]></wp:meta_key>
			<wp:meta_value><![CDATA[0]]></wp:meta_value>
		</wp:postmeta>
		<wp:postmeta>
			<wp:meta_key><![CDATA[_recommended]]></wp:meta_key>
			<wp:meta_value><![CDATA[0]]></wp:meta_value>
		</wp:postmeta>
		<wp:postmeta>
			<wp:meta_key><![CDATA[_tax_status]]></wp:meta_key>
			<wp:meta_value><![CDATA[taxable]]></wp:meta_value>
		</wp:postmeta>
		<wp:postmeta>
			<wp:meta_key><![CDATA[_tax_class]]></wp:meta_key>
			<wp:meta_value><![CDATA[]]></wp:meta_value>
		</wp:postmeta>
		<wp:postmeta>
			<wp:meta_key><![CDATA[_default_attributes]]></wp:meta_key>
			<wp:meta_value><![CDATA[a:0:{}]]></wp:meta_value>
		</wp:postmeta>
		<wp:postmeta>
			<wp:meta_key><![CDATA[_download_limit]]></wp:meta_key>
			<wp:meta_value><![CDATA[-1]]></wp:meta_value>
		</wp:postmeta>
		<wp:postmeta>
			<wp:meta_key><![CDATA[_download_expiry]]></wp:meta_key>
			<wp:meta_value><![CDATA[-1]]></wp:meta_value>
		</wp:postmeta>
	</item>
</channel>
</rss>
