<?xml version="1.0" encoding="UTF-8" ?>
<!-- This is a WordPress eXtended RSS file generated by WordPress as an export of your site. -->
<!-- It contains information about your site's posts, pages, comments, categories, and other content. -->
<!-- You may use this file to transfer that content from one site to another. -->
<!-- This file is not intended to serve as a complete backup of your site. -->

<!-- To import this information into a WordPress site follow these steps: -->
<!-- 1. Log in to that site as an administrator. -->
<!-- 2. Go to Tools: Import in the WordPress admin panel. -->
<!-- 3. Install the "WordPress" importer from the list. -->
<!-- 4. Activate & Run Importer. -->
<!-- 5. Upload this file using the form provided on that page. -->
<!-- 6. You will first be asked to map the authors in this export file to users -->
<!--    on the site. For each author, you may choose to map to an -->
<!--    existing user on the site or to create a new user. -->
<!-- 7. WordPress will then import each of the posts, pages, comments, categories, etc. -->
<!--    contained in this file into your site. -->

<!-- generator="WordPress/4.9.6" created="2018-06-23 04:51" -->
<rss version="2.0"
	xmlns:excerpt="http://wordpress.org/export/1.2/excerpt/"
	xmlns:content="http://purl.org/rss/1.0/modules/content/"
	xmlns:wfw="http://wellformedweb.org/CommentAPI/"
	xmlns:dc="http://purl.org/dc/elements/1.1/"
	xmlns:wp="http://wordpress.org/export/1.2/"
>

<channel>
	<title>Devita Fashion</title>
	<link>http://127.0.0.1/wp/devita-demo</link>
	<description>Just another WordPress site</description>
	<pubDate>Sat, 23 Jun 2018 04:51:47 +0000</pubDate>
	<language>en-US</language>
	<wp:wxr_version>1.2</wp:wxr_version>
	<wp:base_site_url>http://127.0.0.1/wp/devita-demo</wp:base_site_url>
	<wp:base_blog_url>http://127.0.0.1/wp/devita-demo</wp:base_blog_url>

	<wp:author><wp:author_id>1</wp:author_id><wp:author_login><![CDATA[admin]]></wp:author_login><wp:author_email><![CDATA[demo@roadthemes.com]]></wp:author_email><wp:author_display_name><![CDATA[admin]]></wp:author_display_name><wp:author_first_name><![CDATA[]]></wp:author_first_name><wp:author_last_name><![CDATA[]]></wp:author_last_name></wp:author>


	<generator>https://wordpress.org/?v=4.9.6</generator>

	<item>
		<title>Watch Home 1</title>
		<link>http://127.0.0.1/wp/devita-demo/</link>
		<pubDate>Thu, 05 Apr 2018 03:02:29 +0000</pubDate>
		<dc:creator><![CDATA[admin]]></dc:creator>
		<guid isPermaLink="false">http://127.0.0.1/wp/devita/?page_id=8784</guid>
		<description></description>
		<content:encoded><![CDATA[[vc_row el_class="home-slider full-width" css=".vc_custom_1526544594948{margin-bottom: 35px !important;}"][vc_column][rev_slider_vc alias="home_slider_1"][/vc_column][/vc_row][vc_row el_class="home-static-1"][vc_column width="1/3" el_class="box box1"][vc_single_image image="9762" img_size="full" el_class="box-inner"][/vc_column][vc_column width="1/3" el_class="box box2"][vc_single_image image="9762" img_size="full" el_class="box-inner"][/vc_column][vc_column width="1/3" el_class="box box3"][vc_single_image image="9762" img_size="full" el_class="box-inner"][/vc_column][/vc_row][vc_row el_class="home-tabs owl-nav-middle layout2 owl-nav-bg1"][vc_column][vc_tta_tabs color="white" spacing="" alignment="center" active_section="1" no_fill_content_area="true"][vc_tta_section title="New Arrivals" tab_id="1527840108101-55797fb3-f24c" el_class="title-tab"][recent_products_r per_page="6" columns="1" orderby="" order="" enable_slider="true" items="5" item_desktop="4" item_small="3" item_tablet="2" item_mobile="1" navigation="1" pagination="" speed="500" effect="fade"][/vc_tta_section][vc_tta_section title="Featured" tab_id="1527840133174-a81bd915-f234" el_class="title-tab"][featured_products_r per_page="6" columns="1" orderby="" order="" enable_slider="true" items="5" item_desktop="4" item_small="3" item_tablet="2" item_mobile="1" navigation="1" pagination="" speed="500" effect="fade"][/vc_tta_section][vc_tta_section title="Top Rated" tab_id="1527840132538-114b8436-4a00" el_class="title-tab"][sale_products_r per_page="6" columns="1" orderby="" order="" enable_slider="true" items="5" item_desktop="4" item_small="3" item_tablet="2" item_mobile="1" navigation="1" pagination="" speed="500" effect="fade"][/vc_tta_section][/vc_tta_tabs][/vc_column][/vc_row][vc_row el_class="special-products layout2" css=".vc_custom_1526693770783{margin-right: 0px !important;margin-left: 0px !important;background: #212121 url(http://demo.roadthemes.com/devita/watch/wp-content/uploads/2018/05/img4.jpg?id=9507) !important;background-position: center !important;background-repeat: no-repeat !important;background-size: cover !important;}"][vc_column][timesale image="9765" date="04/10/2036" url="http://demo.roadthemes.com/devita/watch/sale-products/" description="
<h4>Hungry Up !</h4>
<h3>Hot Deal ! Sale Up To <strong>20% Off</strong></h3>
We Believe That Good Design is Always in Season"][/vc_column][/vc_row][vc_row el_class="owl-nav-bg1" css=".vc_custom_1526703793353{margin-bottom: 40px !important;}"][vc_column width="1/2" el_class="products-carousel2 products-style2 layout3" css=".vc_custom_1526703480891{margin-bottom: 20px !important;}"][vc_column_text el_class="title1 layout3"]
<h3>Best Selling Products</h3>
[/vc_column_text][bestselling_products_r per_page="9" columns="3" enable_slider="true" items="2" item_desktop="2" item_small="2" item_tablet="2" item_mobile="1" navigation="1" pagination="" speed="500" effect="fade"][/vc_column][vc_column width="1/2" el_class="latest-posts style4" css=".vc_custom_1528355313237{margin-bottom: 20px !important;}"][vc_column_text el_class="title1 layout3"]
<h3>From Our Blog</h3>
[/vc_column_text][latestposts colsnumber="1" enable_slider="true" items="2" item_desktop="2" item_small="2" item_tablet="2" item_mobile="1" navigation="1" pagination="" speed="500" effect="fade" width_thumb="500" height_thumb="300"][/vc_column][/vc_row]]]></content:encoded>
		<excerpt:encoded><![CDATA[]]></excerpt:encoded>
		<wp:post_id>9694</wp:post_id>
		<wp:post_date><![CDATA[2018-04-05 03:02:29]]></wp:post_date>
		<wp:post_date_gmt><![CDATA[2018-04-05 03:02:29]]></wp:post_date_gmt>
		<wp:comment_status><![CDATA[closed]]></wp:comment_status>
		<wp:ping_status><![CDATA[closed]]></wp:ping_status>
		<wp:post_name><![CDATA[medical-home-1-5]]></wp:post_name>
		<wp:status><![CDATA[publish]]></wp:status>
		<wp:post_parent>0</wp:post_parent>
		<wp:menu_order>0</wp:menu_order>
		<wp:post_type><![CDATA[page]]></wp:post_type>
		<wp:post_password><![CDATA[]]></wp:post_password>
		<wp:is_sticky>0</wp:is_sticky>
		<wp:postmeta>
			<wp:meta_key><![CDATA[_vc_post_settings]]></wp:meta_key>
			<wp:meta_value><![CDATA[a:1:{s:10:"vc_grid_id";a:0:{}}]]></wp:meta_value>
		</wp:postmeta>
		<wp:postmeta>
			<wp:meta_key><![CDATA[_wpb_shortcodes_custom_css]]></wp:meta_key>
			<wp:meta_value><![CDATA[.vc_custom_1526544594948{margin-bottom: 35px !important;}.vc_custom_1526693770783{margin-right: 0px !important;margin-left: 0px !important;background: #212121 url(http://demo.roadthemes.com/devita/watch/wp-content/uploads/2018/05/img4.jpg?id=9507) !important;background-position: center !important;background-repeat: no-repeat !important;background-size: cover !important;}.vc_custom_1526703793353{margin-bottom: 40px !important;}.vc_custom_1526703480891{margin-bottom: 20px !important;}.vc_custom_1528355313237{margin-bottom: 20px !important;}]]></wp:meta_value>
		</wp:postmeta>
		<wp:postmeta>
			<wp:meta_key><![CDATA[_vc_post_settings]]></wp:meta_key>
			<wp:meta_value><![CDATA[a:1:{s:10:"vc_grid_id";a:0:{}}]]></wp:meta_value>
		</wp:postmeta>
		<wp:postmeta>
			<wp:meta_key><![CDATA[_wpb_shortcodes_custom_css]]></wp:meta_key>
			<wp:meta_value><![CDATA[.vc_custom_1526544594948{margin-bottom: 35px !important;}.vc_custom_1526693770783{margin-right: 0px !important;margin-left: 0px !important;background: #212121 url(http://demo.roadthemes.com/devita/watch/wp-content/uploads/2018/05/img4.jpg?id=9507) !important;background-position: center !important;background-repeat: no-repeat !important;background-size: cover !important;}.vc_custom_1526703793353{margin-bottom: 40px !important;}.vc_custom_1526703480891{margin-bottom: 20px !important;}.vc_custom_1528355313237{margin-bottom: 20px !important;}]]></wp:meta_value>
		</wp:postmeta>
		<wp:postmeta>
			<wp:meta_key><![CDATA[_vc_post_settings]]></wp:meta_key>
			<wp:meta_value><![CDATA[a:1:{s:10:"vc_grid_id";a:0:{}}]]></wp:meta_value>
		</wp:postmeta>
		<wp:postmeta>
			<wp:meta_key><![CDATA[_edit_last]]></wp:meta_key>
			<wp:meta_value><![CDATA[1]]></wp:meta_value>
		</wp:postmeta>
		<wp:postmeta>
			<wp:meta_key><![CDATA[_wp_page_template]]></wp:meta_key>
			<wp:meta_value><![CDATA[page-templates/front-page.php]]></wp:meta_value>
		</wp:postmeta>
		<wp:postmeta>
			<wp:meta_key><![CDATA[slide_template]]></wp:meta_key>
			<wp:meta_value><![CDATA[default]]></wp:meta_value>
		</wp:postmeta>
		<wp:postmeta>
			<wp:meta_key><![CDATA[_devita_post_intro]]></wp:meta_key>
			<wp:meta_value><![CDATA[]]></wp:meta_value>
		</wp:postmeta>
		<wp:postmeta>
			<wp:meta_key><![CDATA[_devita_custom_sidebar]]></wp:meta_key>
			<wp:meta_value><![CDATA[]]></wp:meta_value>
		</wp:postmeta>
		<wp:postmeta>
			<wp:meta_key><![CDATA[_devita_custom_sidebar_pos]]></wp:meta_key>
			<wp:meta_value><![CDATA[left]]></wp:meta_value>
		</wp:postmeta>
		<wp:postmeta>
			<wp:meta_key><![CDATA[_wpb_vc_js_status]]></wp:meta_key>
			<wp:meta_value><![CDATA[true]]></wp:meta_value>
		</wp:postmeta>
		<wp:postmeta>
			<wp:meta_key><![CDATA[_wpml_media_duplicate]]></wp:meta_key>
			<wp:meta_value><![CDATA[]]></wp:meta_value>
		</wp:postmeta>
		<wp:postmeta>
			<wp:meta_key><![CDATA[_wpml_media_featured]]></wp:meta_key>
			<wp:meta_value><![CDATA[]]></wp:meta_value>
		</wp:postmeta>
		<wp:postmeta>
			<wp:meta_key><![CDATA[_wpml_location_migration_done]]></wp:meta_key>
			<wp:meta_value><![CDATA[1]]></wp:meta_value>
		</wp:postmeta>
		<wp:postmeta>
			<wp:meta_key><![CDATA[_wpb_shortcodes_custom_css]]></wp:meta_key>
			<wp:meta_value><![CDATA[.vc_custom_1526544594948{margin-bottom: 35px !important;}.vc_custom_1526693770783{margin-right: 0px !important;margin-left: 0px !important;background: #212121 url(http://demo.roadthemes.com/devita/watch/wp-content/uploads/2018/05/img4.jpg?id=9507) !important;background-position: center !important;background-repeat: no-repeat !important;background-size: cover !important;}.vc_custom_1526703793353{margin-bottom: 40px !important;}.vc_custom_1526703480891{margin-bottom: 20px !important;}.vc_custom_1528355313237{margin-bottom: 20px !important;}]]></wp:meta_value>
		</wp:postmeta>
	</item>
	<item>
		<title>Header Watch 1</title>
		<link>http://127.0.0.1/wp/devita-demo/templatera/header-watch-1/</link>
		<pubDate>Thu, 26 Apr 2018 01:32:33 +0000</pubDate>
		<dc:creator><![CDATA[admin]]></dc:creator>
		<guid isPermaLink="false">http://127.0.0.1/wp/devita/?post_type=templatera&#038;p=9212</guid>
		<description></description>
		<content:encoded><![CDATA[[vc_row el_class="top-bar"][vc_column width="5/12" el_class="language-area"][vc_wp_custommenu title="Language:" nav_menu="48" el_class="language switcher"][vc_wp_custommenu title="Currency:" nav_menu="47" el_class="currency switcher"][/vc_column][vc_column width="7/12" el_class="topbar-right"][roadproductssearch][vc_wp_custommenu nav_menu="46" el_class="top-menu-vertical" title="Top-menu"][roadminicart][/vc_column][/vc_row][vc_row el_class="header-middle"][vc_column width="1/3"][vc_single_image image="9618" img_size="full" onclick="custom_link" el_class="logo" link="http://demo.roadthemes.com/devita/watch/"][/vc_column][vc_column width="2/3" el_class="right"][vc_column_text el_class="social-icons" css=".vc_custom_1526542347774{margin-bottom: 0px !important;}"]
<ul>
 	<li class="facebook"><a title="facebook" href="#"><i class="icon-facebook"></i>face</a></li>
 	<li class="twitter"><a title="twitter" href="#"><i class="icon-twitter2"></i>twitter</a></li>
 	<li class="instagram"><a title="instagram" href="#"><i class="icon-instagram2"></i>instagram</a></li>
 	<li class="google"><a title="google" href="#"><i class="icon-google"></i>google</a></li>
 	<li class="dribbble"><a title="dribbble" href="#"><i class="icon-dribbble"></i>dribbble</a></li>
</ul>
[/vc_column_text][/vc_column][/vc_row][vc_row el_class="header-bottom"][vc_column][roadmainmenu][/vc_column][/vc_row][vc_row el_class="header-sidebar"][vc_column][vc_single_image image="9618" img_size="full" onclick="custom_link" el_class="logo" link="http://127.0.0.1/wp/devita/glasses/"][roadmainmenu][vc_column_text el_class="social-container" css=".vc_custom_1526696045843{margin-top: 50px !important;margin-bottom: 0px !important;}"]
<div class="social-icons">
<ul>
 	<li class="facebook"><a title="facebook" href="#"><i class="icon-facebook"></i>face</a></li>
 	<li class="twitter"><a title="twitter" href="#"><i class="icon-twitter2"></i>twitter</a></li>
 	<li class="instagram"><a title="instagram" href="#"><i class="icon-instagram2"></i>instagram</a></li>
 	<li class="google"><a title="google" href="#"><i class="icon-google"></i>google</a></li>
 	<li class="dribbble"><a title="dribbble" href="#"><i class="icon-dribbble"></i>dribbble</a></li>
</ul>
</div>
[/vc_column_text][vc_column_text el_class="copy-right" css=".vc_custom_1526696053074{margin-bottom: 0px !important;}"]Copyright © 2018 PlazaThemes. All Right Reserved.[/vc_column_text][/vc_column][/vc_row]]]></content:encoded>
		<excerpt:encoded><![CDATA[]]></excerpt:encoded>
		<wp:post_id>9695</wp:post_id>
		<wp:post_date><![CDATA[2018-04-26 01:32:33]]></wp:post_date>
		<wp:post_date_gmt><![CDATA[2018-04-26 01:32:33]]></wp:post_date_gmt>
		<wp:comment_status><![CDATA[closed]]></wp:comment_status>
		<wp:ping_status><![CDATA[closed]]></wp:ping_status>
		<wp:post_name><![CDATA[header-watch-1]]></wp:post_name>
		<wp:status><![CDATA[publish]]></wp:status>
		<wp:post_parent>0</wp:post_parent>
		<wp:menu_order>0</wp:menu_order>
		<wp:post_type><![CDATA[templatera]]></wp:post_type>
		<wp:post_password><![CDATA[]]></wp:post_password>
		<wp:is_sticky>0</wp:is_sticky>
		<wp:postmeta>
			<wp:meta_key><![CDATA[_vc_post_settings]]></wp:meta_key>
			<wp:meta_value><![CDATA[a:1:{s:10:"vc_grid_id";a:0:{}}]]></wp:meta_value>
		</wp:postmeta>
		<wp:postmeta>
			<wp:meta_key><![CDATA[_wpb_shortcodes_custom_css]]></wp:meta_key>
			<wp:meta_value><![CDATA[.vc_custom_1526542347774{margin-bottom: 0px !important;}.vc_custom_1526696045843{margin-top: 50px !important;margin-bottom: 0px !important;}.vc_custom_1526696053074{margin-bottom: 0px !important;}]]></wp:meta_value>
		</wp:postmeta>
		<wp:postmeta>
			<wp:meta_key><![CDATA[_vc_post_settings]]></wp:meta_key>
			<wp:meta_value><![CDATA[a:1:{s:10:"vc_grid_id";a:0:{}}]]></wp:meta_value>
		</wp:postmeta>
		<wp:postmeta>
			<wp:meta_key><![CDATA[_vc_post_settings]]></wp:meta_key>
			<wp:meta_value><![CDATA[a:1:{s:10:"vc_grid_id";a:0:{}}]]></wp:meta_value>
		</wp:postmeta>
		<wp:postmeta>
			<wp:meta_key><![CDATA[_edit_last]]></wp:meta_key>
			<wp:meta_value><![CDATA[1]]></wp:meta_value>
		</wp:postmeta>
		<wp:postmeta>
			<wp:meta_key><![CDATA[slide_template]]></wp:meta_key>
			<wp:meta_value><![CDATA[default]]></wp:meta_value>
		</wp:postmeta>
		<wp:postmeta>
			<wp:meta_key><![CDATA[_wpb_vc_js_status]]></wp:meta_key>
			<wp:meta_value><![CDATA[true]]></wp:meta_value>
		</wp:postmeta>
		<wp:postmeta>
			<wp:meta_key><![CDATA[_wp_old_slug]]></wp:meta_key>
			<wp:meta_value><![CDATA[header-1]]></wp:meta_value>
		</wp:postmeta>
		<wp:postmeta>
			<wp:meta_key><![CDATA[_wp_old_slug]]></wp:meta_key>
			<wp:meta_value><![CDATA[header-glasses-1]]></wp:meta_value>
		</wp:postmeta>
		<wp:postmeta>
			<wp:meta_key><![CDATA[_wpb_shortcodes_custom_css]]></wp:meta_key>
			<wp:meta_value><![CDATA[.vc_custom_1526542347774{margin-bottom: 0px !important;}.vc_custom_1526696045843{margin-top: 50px !important;margin-bottom: 0px !important;}.vc_custom_1526696053074{margin-bottom: 0px !important;}]]></wp:meta_value>
		</wp:postmeta>
	</item>
	<item>
		<title>Footer Watch 1</title>
		<link>http://127.0.0.1/wp/devita-demo/templatera/footer-watch-1/</link>
		<pubDate>Thu, 26 Apr 2018 01:34:40 +0000</pubDate>
		<dc:creator><![CDATA[admin]]></dc:creator>
		<guid isPermaLink="false">http://127.0.0.1/wp/devita/?post_type=templatera&#038;p=9213</guid>
		<description></description>
		<content:encoded><![CDATA[<p>[vc_row css=".vc_custom_1526703652251{margin-top: 0px !important;margin-bottom: 0px !important;border-top-width: 1px !important;padding-top: 60px !important;padding-bottom: 60px !important;border-top-color: #2d2d2d !important;border-top-style: solid !important;}" el_class="newsletter"][vc_column][vc_column_text el_class="footer-title"]</p>
<h3>Join Our Newsletter Now</h3>
<p>[/vc_column_text][vc_column_text el_class="footer-content newslletter" css=".vc_custom_1526550355539{margin-bottom: 0px !important;}"]Get E-mail updates about our latest shop and special offers.<br />
[mc4wp_form id="9116"][/vc_column_text][/vc_column][/vc_row][vc_row el_class="footer-bottom" css=".vc_custom_1526693849381{margin-right: 0px !important;margin-left: 0px !important;padding-top: 50px !important;padding-bottom: 50px !important;}"][vc_column][vc_column_text el_class="info"]</p>
<ul>
<li>Address: 123 Main Street, Anytown, CA 12345 - USA.</li>
<li>Telephone Enquiry: (012) 800 456 789-987</li>
<li>Email: Contact@plazathemes.com</li>
</ul>
<p>[/vc_column_text][/vc_column][/vc_row]</p>
]]></content:encoded>
		<excerpt:encoded><![CDATA[]]></excerpt:encoded>
		<wp:post_id>9696</wp:post_id>
		<wp:post_date><![CDATA[2018-04-26 01:34:40]]></wp:post_date>
		<wp:post_date_gmt><![CDATA[2018-04-26 01:34:40]]></wp:post_date_gmt>
		<wp:comment_status><![CDATA[closed]]></wp:comment_status>
		<wp:ping_status><![CDATA[closed]]></wp:ping_status>
		<wp:post_name><![CDATA[footer-watch-1]]></wp:post_name>
		<wp:status><![CDATA[publish]]></wp:status>
		<wp:post_parent>0</wp:post_parent>
		<wp:menu_order>0</wp:menu_order>
		<wp:post_type><![CDATA[templatera]]></wp:post_type>
		<wp:post_password><![CDATA[]]></wp:post_password>
		<wp:is_sticky>0</wp:is_sticky>
		<wp:postmeta>
			<wp:meta_key><![CDATA[_vc_post_settings]]></wp:meta_key>
			<wp:meta_value><![CDATA[a:1:{s:10:"vc_grid_id";a:0:{}}]]></wp:meta_value>
		</wp:postmeta>
		<wp:postmeta>
			<wp:meta_key><![CDATA[_wpb_shortcodes_custom_css]]></wp:meta_key>
			<wp:meta_value><![CDATA[.vc_custom_1526703652251{margin-top: 0px !important;margin-bottom: 0px !important;border-top-width: 1px !important;padding-top: 60px !important;padding-bottom: 60px !important;border-top-color: #2d2d2d !important;border-top-style: solid !important;}.vc_custom_1526693849381{margin-right: 0px !important;margin-left: 0px !important;padding-top: 50px !important;padding-bottom: 50px !important;}.vc_custom_1526550355539{margin-bottom: 0px !important;}]]></wp:meta_value>
		</wp:postmeta>
		<wp:postmeta>
			<wp:meta_key><![CDATA[_vc_post_settings]]></wp:meta_key>
			<wp:meta_value><![CDATA[a:1:{s:10:"vc_grid_id";a:0:{}}]]></wp:meta_value>
		</wp:postmeta>
		<wp:postmeta>
			<wp:meta_key><![CDATA[_vc_post_settings]]></wp:meta_key>
			<wp:meta_value><![CDATA[a:1:{s:10:"vc_grid_id";a:0:{}}]]></wp:meta_value>
		</wp:postmeta>
		<wp:postmeta>
			<wp:meta_key><![CDATA[_edit_last]]></wp:meta_key>
			<wp:meta_value><![CDATA[1]]></wp:meta_value>
		</wp:postmeta>
		<wp:postmeta>
			<wp:meta_key><![CDATA[slide_template]]></wp:meta_key>
			<wp:meta_value><![CDATA[default]]></wp:meta_value>
		</wp:postmeta>
		<wp:postmeta>
			<wp:meta_key><![CDATA[_wpb_vc_js_status]]></wp:meta_key>
			<wp:meta_value><![CDATA[true]]></wp:meta_value>
		</wp:postmeta>
		<wp:postmeta>
			<wp:meta_key><![CDATA[_wp_old_slug]]></wp:meta_key>
			<wp:meta_value><![CDATA[footer-1]]></wp:meta_value>
		</wp:postmeta>
		<wp:postmeta>
			<wp:meta_key><![CDATA[_wpb_shortcodes_custom_css]]></wp:meta_key>
			<wp:meta_value><![CDATA[.vc_custom_1526703652251{margin-top: 0px !important;margin-bottom: 0px !important;border-top-width: 1px !important;padding-top: 60px !important;padding-bottom: 60px !important;border-top-color: #2d2d2d !important;border-top-style: solid !important;}.vc_custom_1526693849381{margin-right: 0px !important;margin-left: 0px !important;padding-top: 50px !important;padding-bottom: 50px !important;}.vc_custom_1526550355539{margin-bottom: 0px !important;}]]></wp:meta_value>
		</wp:postmeta>
		<wp:postmeta>
			<wp:meta_key><![CDATA[_wp_old_slug]]></wp:meta_key>
			<wp:meta_value><![CDATA[footer-glasses-1]]></wp:meta_value>
		</wp:postmeta>
	</item>
</channel>
</rss>
