<?xml version="1.0" encoding="UTF-8" ?>
<!-- This is a WordPress eXtended RSS file generated by WordPress as an export of your site. -->
<!-- It contains information about your site's posts, pages, comments, categories, and other content. -->
<!-- You may use this file to transfer that content from one site to another. -->
<!-- This file is not intended to serve as a complete backup of your site. -->

<!-- To import this information into a WordPress site follow these steps: -->
<!-- 1. Log in to that site as an administrator. -->
<!-- 2. Go to Tools: Import in the WordPress admin panel. -->
<!-- 3. Install the "WordPress" importer from the list. -->
<!-- 4. Activate & Run Importer. -->
<!-- 5. Upload this file using the form provided on that page. -->
<!-- 6. You will first be asked to map the authors in this export file to users -->
<!--    on the site. For each author, you may choose to map to an -->
<!--    existing user on the site or to create a new user. -->
<!-- 7. WordPress will then import each of the posts, pages, comments, categories, etc. -->
<!--    contained in this file into your site. -->

<!-- generator="WordPress/4.9.6" created="2018-06-22 07:31" -->
<rss version="2.0"
	xmlns:excerpt="http://wordpress.org/export/1.2/excerpt/"
	xmlns:content="http://purl.org/rss/1.0/modules/content/"
	xmlns:wfw="http://wellformedweb.org/CommentAPI/"
	xmlns:dc="http://purl.org/dc/elements/1.1/"
	xmlns:wp="http://wordpress.org/export/1.2/"
>

<channel>
	<title>Devita Fashion</title>
	<link>http://127.0.0.1/wp/devita-demo</link>
	<description>Just another WordPress site</description>
	<pubDate>Fri, 22 Jun 2018 07:31:03 +0000</pubDate>
	<language>en-US</language>
	<wp:wxr_version>1.2</wp:wxr_version>
	<wp:base_site_url>http://127.0.0.1/wp/devita-demo</wp:base_site_url>
	<wp:base_blog_url>http://127.0.0.1/wp/devita-demo</wp:base_blog_url>

	<wp:author><wp:author_id>1</wp:author_id><wp:author_login><![CDATA[admin]]></wp:author_login><wp:author_email><![CDATA[demo@roadthemes.com]]></wp:author_email><wp:author_display_name><![CDATA[admin]]></wp:author_display_name><wp:author_first_name><![CDATA[]]></wp:author_first_name><wp:author_last_name><![CDATA[]]></wp:author_last_name></wp:author>


	<generator>https://wordpress.org/?v=4.9.6</generator>

	<item>
		<title>Digital Home 2</title>
		<link>http://127.0.0.1/wp/devita-demo/</link>
		<pubDate>Fri, 15 Jun 2018 07:18:53 +0000</pubDate>
		<dc:creator><![CDATA[admin]]></dc:creator>
		<guid isPermaLink="false">http://demo.roadthemes.com/devita/?page_id=9272</guid>
		<description></description>
		<content:encoded><![CDATA[<p>[vc_row css=".vc_custom_1528075552737{margin-bottom: 10px !important;}" el_class="static-slider"][vc_column width="2/3" css=".vc_custom_1528075466728{margin-top: 40px !important;}"][rev_slider_vc alias="home_slider_2" el_class="home-slider"][/vc_column][vc_column width="1/3" css=".vc_custom_1527906050593{margin-top: 40px !important;}"][vc_row_inner el_class="home-static-1" css=".vc_custom_1528077811177{margin-bottom: 0px !important;}"][vc_column_inner el_class="box"][vc_single_image image="9635" img_size="full" el_class="box-inner" css=".vc_custom_1529651901901{margin-bottom: 0px !important;}"][vc_single_image image="9636" img_size="full" el_class="box-inner" css=".vc_custom_1529651937180{margin-top: 10px !important;margin-bottom: 0px !important;}"][/vc_column_inner][/vc_row_inner][/vc_column][/vc_row][vc_row el_class="our-service layout2"][vc_column][vc_row_inner el_class="our-service-inner" css=".vc_custom_1527907143118{margin-bottom: 0px !important;}"][vc_column_inner el_class="box box1" width="1/3"][vc_column_text el_class="box-inner" css=".vc_custom_1528077994215{background-color: #f8f9f9 !important;}"]</p>
<h4>Free Shipping</h4>
<p>Free shipping on all order[/vc_column_text][/vc_column_inner][vc_column_inner el_class="box box2" width="1/3"][vc_column_text el_class="box-inner" css=".vc_custom_1528078004173{background-color: #f8f9f9 !important;}"]</p>
<h4>Money Return</h4>
<p>30 days for free return[/vc_column_text][/vc_column_inner][vc_column_inner el_class="box box3" width="1/3"][vc_column_text el_class="box-inner" css=".vc_custom_1528078014118{background-color: #f8f9f9 !important;}"]</p>
<h4>Online Support</h4>
<p>Support 24 hours a day[/vc_column_text][/vc_column_inner][/vc_row_inner][/vc_column][/vc_row][vc_row css=".vc_custom_1528081426561{margin-bottom: 0px !important;}"][vc_column width="1/4"][vc_row_inner el_class="deals-products"][vc_column_inner][vc_column_text el_class="title1"]</p>
<h3>Today Deals</h3>
<p>[/vc_column_text][sale_products_r per_page="3" columns="1" orderby="" order="" enable_slider="true" items="1" item_desktop="1" item_small="3" item_tablet="2" item_mobile="1" navigation="1" pagination="" speed="500" effect="fade"][/vc_column_inner][/vc_row_inner][vc_row_inner el_class="home-static-1"][vc_column_inner el_class="box"][vc_single_image image="9637" img_size="full" onclick="custom_link" link="http://demo.roadthemes.com/devita/shop" el_class="box-inner"][/vc_column_inner][/vc_row_inner][vc_row_inner el_class="products-style2 layout3"][vc_column_inner][vc_column_text el_class="title1"]</p>
<h3>Latest Products</h3>
<p>[/vc_column_text][recent_products_r per_page="8" columns="4" orderby="" order="" enable_slider="true" items="1" item_desktop="1" item_small="2" item_tablet="2" item_mobile="1" navigation="" pagination="" speed="500" effect=""][/vc_column_inner][/vc_row_inner][/vc_column][vc_column width="3/4"][vc_row_inner][vc_column_inner][vc_column_text el_class="title1"]</p>
<h3>Featured Products</h3>
<p>[/vc_column_text][featured_products_r per_page="10" columns="2" orderby="" order="" enable_slider="true" items="4" item_desktop="3" item_small="3" item_tablet="2" item_mobile="1" navigation="1" pagination="" speed="500" effect="fade"][/vc_column_inner][/vc_row_inner][vc_row_inner el_class="home-static-1"][vc_column_inner][vc_single_image image="9638" img_size="full" onclick="custom_link" link="http://demo.roadthemes.com/devita/shop" el_class="box-inner" css=".vc_custom_1529652073539{margin-bottom: 0px !important;}"][/vc_column_inner][/vc_row_inner][vc_row_inner][vc_column_inner][vc_column_text el_class="title1"]</p>
<h3>Top Headphones</h3>
<p>[/vc_column_text][product_category_r per_page="5" columns="1" orderby="" order="" category="pc-game" enable_slider="true" items="4" item_desktop="3" item_small="3" item_tablet="2" item_mobile="1" navigation="1" pagination="" speed="500" effect="fade"][/vc_column_inner][/vc_row_inner][/vc_column][/vc_row][vc_row el_class="products-carousel3 products-style2 box-bg" css=".vc_custom_1523601519835{padding-top: 65px !important;padding-bottom: 65px !important;background-color: #f8f9f9 !important;}"][vc_column][vc_column_text el_class="title1"]</p>
<h3>Best Selling Products</h3>
<p>[/vc_column_text][vc_column_text el_class="category-links"]</p>
<ul>
<li><a href="#">Smart Phones &amp; Tablets</a></li>
<li><a href="#">Laptops &amp; Computers</a></li>
<li><a href="#">Video Cameras</a></li>
</ul>
<p>[/vc_column_text][bestselling_products_r per_page="8" columns="2" enable_slider="true" items="3" item_desktop="3" item_small="2" item_tablet="2" item_mobile="1" navigation="1" pagination="" speed="500" effect=""][/vc_column][/vc_row][vc_row el_class="products-style2 layout3"][vc_column width="1/3"][vc_column_text el_class="title1"]</p>
<h3>New Arrivals</h3>
<p>[/vc_column_text][recent_products_r per_page="6" columns="3" orderby="" order="" enable_slider="true" items="1" item_desktop="1" item_small="2" item_tablet="2" item_mobile="1" navigation="1" pagination="" speed="500" effect=""][/vc_column][vc_column width="1/3"][vc_column_text el_class="title1"]</p>
<h3>On Sale Products</h3>
<p>[/vc_column_text][sale_products_r per_page="6" columns="3" orderby="" order="" enable_slider="true" items="1" item_desktop="1" item_small="2" item_tablet="2" item_mobile="1" navigation="1" pagination="" speed="500" effect=""][/vc_column][vc_column width="1/3"][vc_column_text el_class="title1"]</p>
<h3>Top Selling Products</h3>
<p>[/vc_column_text][list_products_r per_page="6" columns="3" orderby="" order="" enable_slider="true" items="1" item_desktop="1" item_small="2" item_tablet="2" item_mobile="1" navigation="1" pagination="" speed="500" effect="fade" ids="8280, 8284, 8285, 8287"][/vc_column][/vc_row]</p>
]]></content:encoded>
		<excerpt:encoded><![CDATA[]]></excerpt:encoded>
		<wp:post_id>9633</wp:post_id>
		<wp:post_date><![CDATA[2018-06-15 07:18:53]]></wp:post_date>
		<wp:post_date_gmt><![CDATA[2018-06-15 07:18:53]]></wp:post_date_gmt>
		<wp:comment_status><![CDATA[closed]]></wp:comment_status>
		<wp:ping_status><![CDATA[closed]]></wp:ping_status>
		<wp:post_name><![CDATA[digital-home-2]]></wp:post_name>
		<wp:status><![CDATA[publish]]></wp:status>
		<wp:post_parent>0</wp:post_parent>
		<wp:menu_order>0</wp:menu_order>
		<wp:post_type><![CDATA[page]]></wp:post_type>
		<wp:post_password><![CDATA[]]></wp:post_password>
		<wp:is_sticky>0</wp:is_sticky>
		<wp:postmeta>
			<wp:meta_key><![CDATA[_vc_post_settings]]></wp:meta_key>
			<wp:meta_value><![CDATA[a:1:{s:10:"vc_grid_id";a:0:{}}]]></wp:meta_value>
		</wp:postmeta>
		<wp:postmeta>
			<wp:meta_key><![CDATA[_wpb_shortcodes_custom_css]]></wp:meta_key>
			<wp:meta_value><![CDATA[.vc_custom_1528075552737{margin-bottom: 10px !important;}.vc_custom_1528081426561{margin-bottom: 0px !important;}.vc_custom_1523601519835{padding-top: 65px !important;padding-bottom: 65px !important;background-color: #f8f9f9 !important;}.vc_custom_1528075466728{margin-top: 40px !important;}.vc_custom_1527906050593{margin-top: 40px !important;}.vc_custom_1528077811177{margin-bottom: 0px !important;}.vc_custom_1529651901901{margin-bottom: 0px !important;}.vc_custom_1529651937180{margin-top: 10px !important;margin-bottom: 0px !important;}.vc_custom_1527907143118{margin-bottom: 0px !important;}.vc_custom_1528077994215{background-color: #f8f9f9 !important;}.vc_custom_1528078004173{background-color: #f8f9f9 !important;}.vc_custom_1528078014118{background-color: #f8f9f9 !important;}.vc_custom_1529652073539{margin-bottom: 0px !important;}]]></wp:meta_value>
		</wp:postmeta>
		<wp:postmeta>
			<wp:meta_key><![CDATA[_wp_page_template]]></wp:meta_key>
			<wp:meta_value><![CDATA[page-templates/digital-home2.php]]></wp:meta_value>
		</wp:postmeta>
		<wp:postmeta>
			<wp:meta_key><![CDATA[slide_template]]></wp:meta_key>
			<wp:meta_value><![CDATA[default]]></wp:meta_value>
		</wp:postmeta>
		<wp:postmeta>
			<wp:meta_key><![CDATA[_devita_custom_sidebar_pos]]></wp:meta_key>
			<wp:meta_value><![CDATA[left]]></wp:meta_value>
		</wp:postmeta>
		<wp:postmeta>
			<wp:meta_key><![CDATA[_wpb_vc_js_status]]></wp:meta_key>
			<wp:meta_value><![CDATA[true]]></wp:meta_value>
		</wp:postmeta>
		<wp:postmeta>
			<wp:meta_key><![CDATA[_edit_last]]></wp:meta_key>
			<wp:meta_value><![CDATA[1]]></wp:meta_value>
		</wp:postmeta>
		<wp:postmeta>
			<wp:meta_key><![CDATA[_devita_post_intro]]></wp:meta_key>
			<wp:meta_value><![CDATA[]]></wp:meta_value>
		</wp:postmeta>
		<wp:postmeta>
			<wp:meta_key><![CDATA[_devita_custom_sidebar]]></wp:meta_key>
			<wp:meta_value><![CDATA[]]></wp:meta_value>
		</wp:postmeta>
	</item>
	<item>
		<title>Header Digital 2</title>
		<link>http://127.0.0.1/wp/devita-demo/templatera/header-2/</link>
		<pubDate>Thu, 26 Apr 2018 07:00:25 +0000</pubDate>
		<dc:creator><![CDATA[admin]]></dc:creator>
		<guid isPermaLink="false">http://127.0.0.1/wp/devita/?post_type=templatera&#038;p=9216</guid>
		<description></description>
		<content:encoded><![CDATA[[vc_row el_class="header-block visible-large"][vc_column][vc_column_text el_class="header-block-inner" css=".vc_custom_1529652400515{background-image: url(http://roadthemes.com/api/devita/uploads/2018/04/icon_block_2.png?id=9640) !important;background-position: 0 0 !important;background-repeat: no-repeat !important;}"]
<div class="content">Get free shipping and a worry - Free 30 day money back guarantee when you ! <a class="link" href="#">Shop Online</a></div>
<div class="close"><i class="icon-x"></i>close</div>
[/vc_column_text][/vc_column][/vc_row][vc_row el_class="top-bar" css=".vc_custom_1524727283194{border-bottom-width: 1px !important;border-bottom-color: #ebebeb !important;border-bottom-style: solid !important;}"][vc_column width="1/2" el_class="language-area"][vc_wp_custommenu title="Language:" nav_menu="48" el_class="language switcher"][vc_wp_custommenu title="Currency:" nav_menu="47" el_class="currency switcher"][/vc_column][vc_column width="1/2"][vc_wp_custommenu nav_menu="46" el_class="top-menu"][/vc_column][/vc_row][vc_row el_class="header-middle"][vc_column width="1/4"][vc_single_image image="9641" img_size="full" onclick="custom_link" el_class="logo" link="http://127.0.0.1/wp/devita/"][/vc_column][vc_column width="3/4"][vc_row_inner el_class="header-inner-content" css=".vc_custom_1523073138462{margin-right: -15px !important;margin-left: -15px !important;}"][vc_column_inner width="5/12"][vc_column_text el_class="header-phone"]
<div class="image"><img class="alignnone size-full wp-image-9324" src="http://demo.roadthemes.com/devita/wp-content/uploads/2018/04/headphone_icon2-1.png" alt="" width="32" height="32" /></div>
<div class="text">

Call us

Free Support: (012) 800 456 789

</div>
[/vc_column_text][/vc_column_inner][vc_column_inner width="5/12"][roadproductssearch][/vc_column_inner][vc_column_inner width="1/6"][roadminicart][/vc_column_inner][/vc_row_inner][/vc_column][/vc_row][vc_row el_class="header-bottom" css=".vc_custom_1524728699969{background-color: #0363cd !important;}"][vc_column][roadmainmenu][/vc_column][/vc_row]]]></content:encoded>
		<excerpt:encoded><![CDATA[]]></excerpt:encoded>
		<wp:post_id>9292</wp:post_id>
		<wp:post_date><![CDATA[2018-04-26 07:00:25]]></wp:post_date>
		<wp:post_date_gmt><![CDATA[2018-04-26 07:00:25]]></wp:post_date_gmt>
		<wp:comment_status><![CDATA[closed]]></wp:comment_status>
		<wp:ping_status><![CDATA[closed]]></wp:ping_status>
		<wp:post_name><![CDATA[header-2]]></wp:post_name>
		<wp:status><![CDATA[publish]]></wp:status>
		<wp:post_parent>0</wp:post_parent>
		<wp:menu_order>0</wp:menu_order>
		<wp:post_type><![CDATA[templatera]]></wp:post_type>
		<wp:post_password><![CDATA[]]></wp:post_password>
		<wp:is_sticky>0</wp:is_sticky>
		<wp:postmeta>
			<wp:meta_key><![CDATA[_vc_post_settings]]></wp:meta_key>
			<wp:meta_value><![CDATA[a:1:{s:10:"vc_grid_id";a:0:{}}]]></wp:meta_value>
		</wp:postmeta>
		<wp:postmeta>
			<wp:meta_key><![CDATA[_wpb_shortcodes_custom_css]]></wp:meta_key>
			<wp:meta_value><![CDATA[.vc_custom_1524727283194{border-bottom-width: 1px !important;border-bottom-color: #ebebeb !important;border-bottom-style: solid !important;}.vc_custom_1524728699969{background-color: #0363cd !important;}.vc_custom_1529652400515{background-image: url(http://roadthemes.com/api/devita/uploads/2018/04/icon_block_2.png?id=9640) !important;background-position: 0 0 !important;background-repeat: no-repeat !important;}.vc_custom_1523073138462{margin-right: -15px !important;margin-left: -15px !important;}]]></wp:meta_value>
		</wp:postmeta>
		<wp:postmeta>
			<wp:meta_key><![CDATA[slide_template]]></wp:meta_key>
			<wp:meta_value><![CDATA[default]]></wp:meta_value>
		</wp:postmeta>
		<wp:postmeta>
			<wp:meta_key><![CDATA[_wpb_vc_js_status]]></wp:meta_key>
			<wp:meta_value><![CDATA[true]]></wp:meta_value>
		</wp:postmeta>
		<wp:postmeta>
			<wp:meta_key><![CDATA[_edit_last]]></wp:meta_key>
			<wp:meta_value><![CDATA[1]]></wp:meta_value>
		</wp:postmeta>
	</item>
	<item>
		<title>Footer Digital 2</title>
		<link>http://127.0.0.1/wp/devita-demo/templatera/footer-digital-2/</link>
		<pubDate>Thu, 26 Apr 2018 07:00:56 +0000</pubDate>
		<dc:creator><![CDATA[admin]]></dc:creator>
		<guid isPermaLink="false">http://127.0.0.1/wp/devita/?post_type=templatera&#038;p=9217</guid>
		<description></description>
		<content:encoded><![CDATA[<p>[vc_row el_class="footer-block mail-chimp" css=".vc_custom_1524108222031{background: #0363cd url(http://roadthemes.com/api/devita/uploads/2018/04/newsleter_bg.png?id=9117) !important;background-position: 0 0 !important;background-repeat: no-repeat !important;}"][vc_column][vc_column_text css=".vc_custom_1529050963010{margin-bottom: 0px !important;}" el_class="footer-block-inner"]</p>
<div class="title">
<div class="icon"><img class="alignnone size-full wp-image-9120" src="http://demo.roadthemes.com/devita/wp-content/uploads/2018/04/newsletter_icon.png" alt="" width="73" height="65" /></div>
<h6>Subscribe for Newsletter</h6>
<h4>Get Discount Coupon</h4>
</div>
<p>[mc4wp_form id="9116"][/vc_column_text][/vc_column][/vc_row][vc_row el_class="footer-top" css=".vc_custom_1527488233011{padding-top: 50px !important;}"][vc_column width="1/3" el_class="f-col"][vc_column_text el_class="footer-title"]</p>
<h3>About Us</h3>
<p>[/vc_column_text][vc_column_text el_class="footer-content about-us"]We are a team of designers and developers that create high quality Magento, Prestashop, Opencart [...].<br />
<a class="view-map" href="#"><i class="icon-map-pin"></i>View on map</a></p>
<div class="social-icons">
<ul>
<li class="facebook"><a title="facebook" href="#"><i class="icon-facebook"></i>face</a></li>
<li class="twitter"><a title="twitter" href="#"><i class="icon-twitter2"></i>twitter</a></li>
<li class="instagram"><a title="instagram" href="#"><i class="icon-instagram2"></i>instagram</a></li>
<li class="google"><a title="google" href="#"><i class="icon-google"></i>google</a></li>
<li class="rss"><a title="rss" href="#"><i class="icon-rss"></i>rss</a></li>
<li class="dribbble"><a title="dribbble" href="#"><i class="icon-dribbble"></i>dribbble</a></li>
<li class="vimeo"><a title="vimeo" href="#"><i class="icon-vimeo"></i>vimeo</a></li>
<li class="pinterest"><a title="pinterest" href="#"><i class="icon-pinterest"></i>pinterest</a></li>
<li class="skype"><a title="skype" href="#"><i class="icon-skype"></i>skype</a></li>
</ul>
</div>
<p>[/vc_column_text][/vc_column][vc_column width="1/6" el_class="f-col"][vc_column_text el_class="footer-title"]</p>
<h3>Information</h3>
<p>[/vc_column_text][vc_wp_custommenu nav_menu="49" el_class="footer-content"][/vc_column][vc_column width="1/6" el_class="f-col"][vc_column_text el_class="footer-title"]</p>
<h3>My Account</h3>
<p>[/vc_column_text][vc_wp_custommenu nav_menu="50" el_class="footer-content"][/vc_column][vc_column width="1/3" el_class="f-col"][vc_column_text el_class="footer-title"]</p>
<h3>Contact Us</h3>
<p>[/vc_column_text][vc_column_text el_class="footer-content contact-us"]Address: 123 Main Street, Anytown, CA 12345 - USA.<br />
Telephone Enquiry: (012) 800 456 789-987<br />
Email: Contact@plazathemes.com[/vc_column_text][vc_column_text el_class="footer-title"]</p>
<h3>Opening Time</h3>
<p>[/vc_column_text][vc_column_text el_class="footer-content time-work" css=".vc_custom_1524218330611{margin-bottom: 0px !important;}"]</p>
<ul>
<li>Open: <strong>8:00 AM</strong> - Close: <strong>18:00 PM</strong></li>
<li>Saturday - Sunday: Close</li>
</ul>
<p>[/vc_column_text][/vc_column][/vc_row][vc_row el_class="footer-middle"][vc_column][vc_wp_custommenu nav_menu="51" el_class="footer-menu-links"][vc_wp_custommenu nav_menu="52" el_class="footer-menu-links"][vc_single_image image="9306" img_size="full" alignment="center" el_class="payment"][/vc_column][/vc_row][vc_row el_class="footer-bottom" css=".vc_custom_1524730884888{border-top-width: 1px !important;border-top-color: #ebebeb !important;border-top-style: solid !important;}"][vc_column][vc_column_text el_class="copy-right"]Copyright © 2018 PlazaThemes. All Right Reserved.[/vc_column_text][/vc_column][/vc_row]</p>
]]></content:encoded>
		<excerpt:encoded><![CDATA[]]></excerpt:encoded>
		<wp:post_id>9293</wp:post_id>
		<wp:post_date><![CDATA[2018-04-26 07:00:56]]></wp:post_date>
		<wp:post_date_gmt><![CDATA[2018-04-26 07:00:56]]></wp:post_date_gmt>
		<wp:comment_status><![CDATA[closed]]></wp:comment_status>
		<wp:ping_status><![CDATA[closed]]></wp:ping_status>
		<wp:post_name><![CDATA[footer-digital-2]]></wp:post_name>
		<wp:status><![CDATA[publish]]></wp:status>
		<wp:post_parent>0</wp:post_parent>
		<wp:menu_order>0</wp:menu_order>
		<wp:post_type><![CDATA[templatera]]></wp:post_type>
		<wp:post_password><![CDATA[]]></wp:post_password>
		<wp:is_sticky>0</wp:is_sticky>
		<wp:postmeta>
			<wp:meta_key><![CDATA[_vc_post_settings]]></wp:meta_key>
			<wp:meta_value><![CDATA[a:1:{s:10:"vc_grid_id";a:0:{}}]]></wp:meta_value>
		</wp:postmeta>
		<wp:postmeta>
			<wp:meta_key><![CDATA[_wpb_shortcodes_custom_css]]></wp:meta_key>
			<wp:meta_value><![CDATA[.vc_custom_1524108222031{background: #0363cd url(http://roadthemes.com/api/devita/uploads/2018/04/newsleter_bg.png?id=9117) !important;background-position: 0 0 !important;background-repeat: no-repeat !important;}.vc_custom_1527488233011{padding-top: 50px !important;}.vc_custom_1524730884888{border-top-width: 1px !important;border-top-color: #ebebeb !important;border-top-style: solid !important;}.vc_custom_1529050963010{margin-bottom: 0px !important;}.vc_custom_1524218330611{margin-bottom: 0px !important;}]]></wp:meta_value>
		</wp:postmeta>
		<wp:postmeta>
			<wp:meta_key><![CDATA[slide_template]]></wp:meta_key>
			<wp:meta_value><![CDATA[default]]></wp:meta_value>
		</wp:postmeta>
		<wp:postmeta>
			<wp:meta_key><![CDATA[_wpb_vc_js_status]]></wp:meta_key>
			<wp:meta_value><![CDATA[true]]></wp:meta_value>
		</wp:postmeta>
		<wp:postmeta>
			<wp:meta_key><![CDATA[_wp_old_slug]]></wp:meta_key>
			<wp:meta_value><![CDATA[footer-2]]></wp:meta_value>
		</wp:postmeta>
		<wp:postmeta>
			<wp:meta_key><![CDATA[_edit_last]]></wp:meta_key>
			<wp:meta_value><![CDATA[1]]></wp:meta_value>
		</wp:postmeta>
	</item>
</channel>
</rss>
