<?xml version="1.0" encoding="UTF-8" ?>
<!-- This is a WordPress eXtended RSS file generated by WordPress as an export of your site. -->
<!-- It contains information about your site's posts, pages, comments, categories, and other content. -->
<!-- You may use this file to transfer that content from one site to another. -->
<!-- This file is not intended to serve as a complete backup of your site. -->

<!-- To import this information into a WordPress site follow these steps: -->
<!-- 1. Log in to that site as an administrator. -->
<!-- 2. Go to Tools: Import in the WordPress admin panel. -->
<!-- 3. Install the "WordPress" importer from the list. -->
<!-- 4. Activate & Run Importer. -->
<!-- 5. Upload this file using the form provided on that page. -->
<!-- 6. You will first be asked to map the authors in this export file to users -->
<!--    on the site. For each author, you may choose to map to an -->
<!--    existing user on the site or to create a new user. -->
<!-- 7. WordPress will then import each of the posts, pages, comments, categories, etc. -->
<!--    contained in this file into your site. -->

<!-- generator="WordPress/4.9.6" created="2018-06-23 02:15" -->
<rss version="2.0"
	xmlns:excerpt="http://wordpress.org/export/1.2/excerpt/"
	xmlns:content="http://purl.org/rss/1.0/modules/content/"
	xmlns:wfw="http://wellformedweb.org/CommentAPI/"
	xmlns:dc="http://purl.org/dc/elements/1.1/"
	xmlns:wp="http://wordpress.org/export/1.2/"
>

<channel>
	<title>Devita Fashion</title>
	<link>http://127.0.0.1/wp/devita-demo</link>
	<description>Just another WordPress site</description>
	<pubDate>Sat, 23 Jun 2018 02:15:31 +0000</pubDate>
	<language>en-US</language>
	<wp:wxr_version>1.2</wp:wxr_version>
	<wp:base_site_url>http://127.0.0.1/wp/devita-demo</wp:base_site_url>
	<wp:base_blog_url>http://127.0.0.1/wp/devita-demo</wp:base_blog_url>

	<wp:author><wp:author_id>1</wp:author_id><wp:author_login><![CDATA[admin]]></wp:author_login><wp:author_email><![CDATA[demo@roadthemes.com]]></wp:author_email><wp:author_display_name><![CDATA[admin]]></wp:author_display_name><wp:author_first_name><![CDATA[]]></wp:author_first_name><wp:author_last_name><![CDATA[]]></wp:author_last_name></wp:author>


	<generator>https://wordpress.org/?v=4.9.6</generator>

	<item>
		<title>Contruction Home 1</title>
		<link>http://127.0.0.1/wp/devita-demo/</link>
		<pubDate>Wed, 06 Jun 2018 07:59:36 +0000</pubDate>
		<dc:creator><![CDATA[admin]]></dc:creator>
		<guid isPermaLink="false">http://demo.roadthemes.com/devita/contruction/?page_id=9518</guid>
		<description></description>
		<content:encoded><![CDATA[<p>[vc_row css=".vc_custom_1528253999866{margin-bottom: 0px !important;}" el_class="home-sider full-width"][vc_column][rev_slider_vc alias="home_slider_1"][/vc_column][/vc_row][vc_row el_class="our-service" css=".vc_custom_1528338955231{border-bottom-width: 1px !important;border-bottom-color: #ebebeb !important;border-bottom-style: solid !important;}"][vc_column][vc_row_inner el_class="our-service-inner" css=".vc_custom_1528338940217{border-bottom-width: 0px !important;padding-top: 20px !important;padding-bottom: 20px !important;}"][vc_column_inner el_class="box box1" width="1/3" css=".vc_custom_1528339010611{padding-top: 0px !important;}"][vc_column_text el_class="box-inner"]</p>
<h4>Free Shipping</h4>
<p>Free shipping on all order<br />
[/vc_column_text][/vc_column_inner][vc_column_inner el_class="box box2" width="1/3" css=".vc_custom_1528339016498{padding-top: 0px !important;}"][vc_column_text el_class="box-inner"]</p>
<h4>Money Return</h4>
<p>30 days for free return<br />
[/vc_column_text][/vc_column_inner][vc_column_inner el_class="box box3" width="1/3" css=".vc_custom_1528339022778{padding-top: 0px !important;}"][vc_column_text el_class="box-inner"]</p>
<h4>Online Support</h4>
<p>Support 24 hours a day<br />
[/vc_column_text][/vc_column_inner][/vc_row_inner][/vc_column][/vc_row][vc_row el_class="home-static-1"][vc_column width="1/4" el_class="box box1"][vc_single_image image="9724" img_size="full" onclick="custom_link" link="http://demo.roadthemes.com/devita/contruction/shop/" el_class="box-inner"][/vc_column][vc_column width="1/2" el_class="box box2"][vc_single_image image="9725" img_size="full" onclick="custom_link" link="http://demo.roadthemes.com/devita/contruction/shop/" el_class="box-inner"][/vc_column][vc_column width="1/4" el_class="box box3"][vc_single_image image="9726" img_size="full" onclick="custom_link" link="http://demo.roadthemes.com/devita/contruction/shop/" el_class="box-inner"][/vc_column][/vc_row][vc_row el_class="home-tabs-container"][vc_column][vc_tta_tabs color="white" spacing="" alignment="center" active_section="1" no_fill_content_area="true" el_class="home-tabs"][vc_tta_section title="New Arrivals" tab_id="1527753802586-993922ec-3e9d" el_class="title-tab"][recent_products_r per_page="12" columns="2" orderby="" order="" enable_slider="true" items="5" item_desktop="4" item_small="3" item_tablet="2" item_mobile="1" navigation="1" pagination="" speed="500" loop="true" effect="fade"][/vc_tta_section][vc_tta_section title="Featured" tab_id="1527753802617-e75f0095-d755" el_class="title-tab"][featured_products_r per_page="12" columns="2" orderby="" order="" enable_slider="true" items="5" item_desktop="4" item_small="3" item_tablet="2" item_mobile="1" navigation="1" pagination="" speed="500" loop="true" effect="slide"][/vc_tta_section][vc_tta_section title="Top Rate" tab_id="1527754102249-c053e886-4e43" el_class="title-tab"][sale_products_r per_page="12" columns="2" orderby="" order="" enable_slider="true" items="5" item_desktop="4" item_small="3" item_tablet="2" item_mobile="1" navigation="" pagination="" speed="500" loop="true" effect="fade"][/vc_tta_section][/vc_tta_tabs][/vc_column][/vc_row][vc_row el_class="box-bg products-style2 layout2" css=".vc_custom_1528339291287{padding-top: 65px !important;padding-bottom: 65px !important;background: #f8f9f9 url(http://demo.roadthemes.com/devita/contruction/wp-content/uploads/2018/06/contruction_img5.jpg?id=9507) !important;background-position: center !important;background-repeat: no-repeat !important;background-size: cover !important;}"][vc_column][vc_column_text el_class="title1"]</p>
<h3>Best Selling Products</h3>
<p>[/vc_column_text][vc_column_text el_class="category-links"]</p>
<ul>
<li><a href="#">Smart Phones &amp; Tablets</a></li>
<li><a href="#">Laptops &amp; Computers</a></li>
<li><a href="#">Video Cameras</a></li>
</ul>
<p>[/vc_column_text][/vc_column][vc_column width="2/3" el_class="special-product"][list_products_r per_page="1" columns="1" orderby="" order="" enable_slider="" items="5" item_desktop="4" item_small="3" item_tablet="2" item_mobile="1" navigation="" pagination="" speed="500" effect="" ids="8285"][/vc_column][vc_column width="1/3"][bestselling_products_r per_page="2" columns="2" enable_slider="" items="5" item_desktop="4" item_small="3" item_tablet="2" item_mobile="1" navigation="" pagination="" speed="500" effect=""][/vc_column][/vc_row][vc_row][vc_column][vc_column_text el_class="title1"]</p>
<h3>Special Products</h3>
<p>[/vc_column_text][list_products_r per_page="6" columns="1" orderby="" order="" enable_slider="true" items="5" item_desktop="4" item_small="3" item_tablet="2" item_mobile="1" navigation="1" pagination="" speed="500" effect="" ids="8285, 8287, 8288, 8280, 8284, 8289"][/vc_column][/vc_row][vc_row el_class="home-static-1" css=".vc_custom_1528339413835{margin-bottom: 0px !important;}"][vc_column el_class="box"][vc_single_image image="9728" img_size="full" onclick="custom_link" link="http://demo.roadthemes.com/devita/contruction/shop/" el_class="box-inner"][/vc_column][/vc_row][vc_row el_class="brands-logo" css=".vc_custom_1528339422703{margin-bottom: 0px !important;padding-top: 25px !important;padding-bottom: 25px !important;}"][vc_column][ourbrands enable_slider="true" items="5" item_desktop="4" item_small="3" item_tablet="2" item_mobile="1" navigation="" pagination="" speed="500" effect=""][/vc_column][/vc_row]</p>
]]></content:encoded>
		<excerpt:encoded><![CDATA[]]></excerpt:encoded>
		<wp:post_id>9518</wp:post_id>
		<wp:post_date><![CDATA[2018-06-06 07:59:36]]></wp:post_date>
		<wp:post_date_gmt><![CDATA[2018-06-06 07:59:36]]></wp:post_date_gmt>
		<wp:comment_status><![CDATA[closed]]></wp:comment_status>
		<wp:ping_status><![CDATA[closed]]></wp:ping_status>
		<wp:post_name><![CDATA[contruction-home-1]]></wp:post_name>
		<wp:status><![CDATA[publish]]></wp:status>
		<wp:post_parent>0</wp:post_parent>
		<wp:menu_order>0</wp:menu_order>
		<wp:post_type><![CDATA[page]]></wp:post_type>
		<wp:post_password><![CDATA[]]></wp:post_password>
		<wp:is_sticky>0</wp:is_sticky>
		<wp:postmeta>
			<wp:meta_key><![CDATA[_vc_post_settings]]></wp:meta_key>
			<wp:meta_value><![CDATA[a:1:{s:10:"vc_grid_id";a:0:{}}]]></wp:meta_value>
		</wp:postmeta>
		<wp:postmeta>
			<wp:meta_key><![CDATA[_wpb_shortcodes_custom_css]]></wp:meta_key>
			<wp:meta_value><![CDATA[.vc_custom_1528253999866{margin-bottom: 0px !important;}.vc_custom_1528338955231{border-bottom-width: 1px !important;border-bottom-color: #ebebeb !important;border-bottom-style: solid !important;}.vc_custom_1528339291287{padding-top: 65px !important;padding-bottom: 65px !important;background: #f8f9f9 url(http://demo.roadthemes.com/devita/contruction/wp-content/uploads/2018/06/contruction_img5.jpg?id=9507) !important;background-position: center !important;background-repeat: no-repeat !important;background-size: cover !important;}.vc_custom_1528339413835{margin-bottom: 0px !important;}.vc_custom_1528339422703{margin-bottom: 0px !important;padding-top: 25px !important;padding-bottom: 25px !important;}.vc_custom_1528338940217{border-bottom-width: 0px !important;padding-top: 20px !important;padding-bottom: 20px !important;}.vc_custom_1528339010611{padding-top: 0px !important;}.vc_custom_1528339016498{padding-top: 0px !important;}.vc_custom_1528339022778{padding-top: 0px !important;}]]></wp:meta_value>
		</wp:postmeta>
		<wp:postmeta>
			<wp:meta_key><![CDATA[_vc_post_settings]]></wp:meta_key>
			<wp:meta_value><![CDATA[a:1:{s:10:"vc_grid_id";a:0:{}}]]></wp:meta_value>
		</wp:postmeta>
		<wp:postmeta>
			<wp:meta_key><![CDATA[_edit_last]]></wp:meta_key>
			<wp:meta_value><![CDATA[1]]></wp:meta_value>
		</wp:postmeta>
		<wp:postmeta>
			<wp:meta_key><![CDATA[_wp_page_template]]></wp:meta_key>
			<wp:meta_value><![CDATA[page-templates/front-page.php]]></wp:meta_value>
		</wp:postmeta>
		<wp:postmeta>
			<wp:meta_key><![CDATA[slide_template]]></wp:meta_key>
			<wp:meta_value><![CDATA[default]]></wp:meta_value>
		</wp:postmeta>
		<wp:postmeta>
			<wp:meta_key><![CDATA[_devita_post_intro]]></wp:meta_key>
			<wp:meta_value><![CDATA[]]></wp:meta_value>
		</wp:postmeta>
		<wp:postmeta>
			<wp:meta_key><![CDATA[_devita_custom_sidebar]]></wp:meta_key>
			<wp:meta_value><![CDATA[]]></wp:meta_value>
		</wp:postmeta>
		<wp:postmeta>
			<wp:meta_key><![CDATA[_devita_custom_sidebar_pos]]></wp:meta_key>
			<wp:meta_value><![CDATA[left]]></wp:meta_value>
		</wp:postmeta>
		<wp:postmeta>
			<wp:meta_key><![CDATA[_wpb_vc_js_status]]></wp:meta_key>
			<wp:meta_value><![CDATA[true]]></wp:meta_value>
		</wp:postmeta>
		<wp:postmeta>
			<wp:meta_key><![CDATA[_wpb_shortcodes_custom_css]]></wp:meta_key>
			<wp:meta_value><![CDATA[.vc_custom_1528253999866{margin-bottom: 0px !important;}.vc_custom_1528338955231{border-bottom-width: 1px !important;border-bottom-color: #ebebeb !important;border-bottom-style: solid !important;}.vc_custom_1528339291287{padding-top: 65px !important;padding-bottom: 65px !important;background: #f8f9f9 url(http://demo.roadthemes.com/devita/contruction/wp-content/uploads/2018/06/contruction_img5.jpg?id=9507) !important;background-position: center !important;background-repeat: no-repeat !important;background-size: cover !important;}.vc_custom_1528339413835{margin-bottom: 0px !important;}.vc_custom_1528339422703{margin-bottom: 0px !important;padding-top: 25px !important;padding-bottom: 25px !important;}.vc_custom_1528338940217{border-bottom-width: 0px !important;padding-top: 20px !important;padding-bottom: 20px !important;}.vc_custom_1528339010611{padding-top: 0px !important;}.vc_custom_1528339016498{padding-top: 0px !important;}.vc_custom_1528339022778{padding-top: 0px !important;}]]></wp:meta_value>
		</wp:postmeta>
	</item>
	<item>
		<title>Header Contruction 1</title>
		<link>http://127.0.0.1/wp/devita-demo/templatera/header-contruction-1/</link>
		<pubDate>Wed, 06 Jun 2018 07:52:25 +0000</pubDate>
		<dc:creator><![CDATA[admin]]></dc:creator>
		<guid isPermaLink="false">http://demo.roadthemes.com/devita/contruction/?post_type=templatera&#038;p=9515</guid>
		<description></description>
		<content:encoded><![CDATA[[vc_row el_class="top-bar"][vc_column width="1/2" el_class="language-area"][vc_wp_custommenu title="Language:" nav_menu="48" el_class="language switcher"][vc_wp_custommenu title="Currency:" nav_menu="47" el_class="currency switcher"][/vc_column][vc_column width="1/2"][vc_wp_custommenu nav_menu="46" el_class="top-menu"][/vc_column][/vc_row][vc_row el_class="header-middle" css=".vc_custom_1528188993122{border-bottom-width: 0px !important;}"][vc_column width="1/4"][vc_single_image image="9730" img_size="full" onclick="custom_link" el_class="logo" link="http://demo.roadthemes.com/devita/contruction/"][/vc_column][vc_column width="3/4"][vc_row_inner el_class="header-inner-content" css=".vc_custom_1523073138462{margin-right: -15px !important;margin-left: -15px !important;}"][vc_column_inner width="5/12"][vc_column_text el_class="header-phone"]
<div class="image"><img class="alignnone size-full wp-image-9620" src="http://roadthemes.com/api/devita/uploads/2018/04/headphone_icon.png" alt="" width="32" height="32" /></div>
<div class="text">

Call us

Free Support: (012) 800 456 789

</div>
[/vc_column_text][/vc_column_inner][vc_column_inner width="5/12"][roadproductssearch][/vc_column_inner][vc_column_inner width="1/6"][roadminicart][/vc_column_inner][/vc_row_inner][/vc_column][/vc_row][vc_row el_class="header-bottom" css=".vc_custom_1529720039469{background: #1b1d20 url(http://roadthemes.com/api/devita/uploads/2018/06/menu_bg7.png?id=9731) !important;}"][vc_column][roadmainmenu][/vc_column][/vc_row]]]></content:encoded>
		<excerpt:encoded><![CDATA[]]></excerpt:encoded>
		<wp:post_id>9515</wp:post_id>
		<wp:post_date><![CDATA[2018-06-06 07:52:25]]></wp:post_date>
		<wp:post_date_gmt><![CDATA[2018-06-06 07:52:25]]></wp:post_date_gmt>
		<wp:comment_status><![CDATA[closed]]></wp:comment_status>
		<wp:ping_status><![CDATA[closed]]></wp:ping_status>
		<wp:post_name><![CDATA[header-contruction-1]]></wp:post_name>
		<wp:status><![CDATA[publish]]></wp:status>
		<wp:post_parent>0</wp:post_parent>
		<wp:menu_order>0</wp:menu_order>
		<wp:post_type><![CDATA[templatera]]></wp:post_type>
		<wp:post_password><![CDATA[]]></wp:post_password>
		<wp:is_sticky>0</wp:is_sticky>
		<wp:postmeta>
			<wp:meta_key><![CDATA[_vc_post_settings]]></wp:meta_key>
			<wp:meta_value><![CDATA[a:1:{s:10:"vc_grid_id";a:0:{}}]]></wp:meta_value>
		</wp:postmeta>
		<wp:postmeta>
			<wp:meta_key><![CDATA[_wpb_shortcodes_custom_css]]></wp:meta_key>
			<wp:meta_value><![CDATA[.vc_custom_1528188993122{border-bottom-width: 0px !important;}.vc_custom_1529720039469{background: #1b1d20 url(http://roadthemes.com/api/devita/uploads/2018/06/menu_bg7.png?id=9731) !important;}.vc_custom_1523073138462{margin-right: -15px !important;margin-left: -15px !important;}]]></wp:meta_value>
		</wp:postmeta>
		<wp:postmeta>
			<wp:meta_key><![CDATA[_vc_post_settings]]></wp:meta_key>
			<wp:meta_value><![CDATA[a:1:{s:10:"vc_grid_id";a:0:{}}]]></wp:meta_value>
		</wp:postmeta>
		<wp:postmeta>
			<wp:meta_key><![CDATA[_edit_last]]></wp:meta_key>
			<wp:meta_value><![CDATA[1]]></wp:meta_value>
		</wp:postmeta>
		<wp:postmeta>
			<wp:meta_key><![CDATA[slide_template]]></wp:meta_key>
			<wp:meta_value><![CDATA[default]]></wp:meta_value>
		</wp:postmeta>
		<wp:postmeta>
			<wp:meta_key><![CDATA[_wpb_vc_js_status]]></wp:meta_key>
			<wp:meta_value><![CDATA[true]]></wp:meta_value>
		</wp:postmeta>
		<wp:postmeta>
			<wp:meta_key><![CDATA[_wpb_shortcodes_custom_css]]></wp:meta_key>
			<wp:meta_value><![CDATA[.vc_custom_1528188993122{border-bottom-width: 0px !important;}.vc_custom_1529720039469{background: #1b1d20 url(http://roadthemes.com/api/devita/uploads/2018/06/menu_bg7.png?id=9731) !important;}.vc_custom_1523073138462{margin-right: -15px !important;margin-left: -15px !important;}]]></wp:meta_value>
		</wp:postmeta>
	</item>
	<item>
		<title>Footer Contruction 1</title>
		<link>http://127.0.0.1/wp/devita-demo/templatera/footer-contruction-1/</link>
		<pubDate>Wed, 06 Jun 2018 07:53:34 +0000</pubDate>
		<dc:creator><![CDATA[admin]]></dc:creator>
		<guid isPermaLink="false">http://demo.roadthemes.com/devita/contruction/?post_type=templatera&#038;p=9517</guid>
		<description></description>
		<content:encoded><![CDATA[[vc_row el_class="footer-top" css=".vc_custom_1528275755204{margin-bottom: 0px !important;padding-top: 55px !important;padding-bottom: 20px !important;}"][vc_column width="1/3" el_class="f-col"][vc_column_text el_class="footer-title"]
<h3>About Us</h3>
[/vc_column_text][vc_column_text el_class="footer-content about-us"]We are a team of designers and developers that create high quality Magento, Prestashop, Opencart [...].
<div class="address">Address: 123 Main Street, Anytown, CA 12345 - USA.
Telephone Enquiry: (012) 800 456 789-987
Email: Contact@plazathemes.com</div>
<div class="social-icons">
<ul>
 	<li class="facebook"><a title="facebook" href="#"><i class="icon-facebook"></i>face</a></li>
 	<li class="twitter"><a title="twitter" href="#"><i class="icon-twitter2"></i>twitter</a></li>
 	<li class="instagram"><a title="instagram" href="#"><i class="icon-instagram2"></i>instagram</a></li>
 	<li class="google"><a title="google" href="#"><i class="icon-google"></i>google</a></li>
 	<li class="rss"><a title="rss" href="#"><i class="icon-rss"></i>rss</a></li>
 	<li class="dribbble"><a title="dribbble" href="#"><i class="icon-dribbble"></i>dribbble</a></li>
</ul>
</div>
[/vc_column_text][/vc_column][vc_column width="1/6" el_class="f-col"][vc_column_text el_class="footer-title"]
<h3>Information</h3>
[/vc_column_text][vc_wp_custommenu nav_menu="49" el_class="footer-content"][/vc_column][vc_column width="1/6" el_class="f-col"][vc_column_text el_class="footer-title"]
<h3>My Account</h3>
[/vc_column_text][vc_wp_custommenu nav_menu="50" el_class="footer-content"][/vc_column][vc_column width="1/3" el_class="f-col"][vc_column_text el_class="footer-title"]
<h3>Join Our Newsletter Now</h3>
[/vc_column_text][vc_column_text el_class="footer-content newsletter"]Get E-mail updates about our latest shop and special offers.
[mc4wp_form id="9116"][/vc_column_text][/vc_column][/vc_row][vc_row el_class="footer-bottom" css=".vc_custom_1528275584651{border-top-width: 1px !important;border-top-color: #27292b !important;border-top-style: solid !important;}"][vc_column width="1/2"][vc_column_text el_class="copy-right"]
<p style="text-align: left;">Copyright © 2018 PlazaThemes. All Right Reserved.</p>
[/vc_column_text][/vc_column][vc_column width="1/2"][vc_single_image image="9306" img_size="full" alignment="right" el_class="payment" css=".vc_custom_1529026892872{margin-top: 0px !important;}"][/vc_column][/vc_row]]]></content:encoded>
		<excerpt:encoded><![CDATA[]]></excerpt:encoded>
		<wp:post_id>9517</wp:post_id>
		<wp:post_date><![CDATA[2018-06-06 07:53:34]]></wp:post_date>
		<wp:post_date_gmt><![CDATA[2018-06-06 07:53:34]]></wp:post_date_gmt>
		<wp:comment_status><![CDATA[closed]]></wp:comment_status>
		<wp:ping_status><![CDATA[closed]]></wp:ping_status>
		<wp:post_name><![CDATA[footer-contruction-1]]></wp:post_name>
		<wp:status><![CDATA[publish]]></wp:status>
		<wp:post_parent>0</wp:post_parent>
		<wp:menu_order>0</wp:menu_order>
		<wp:post_type><![CDATA[templatera]]></wp:post_type>
		<wp:post_password><![CDATA[]]></wp:post_password>
		<wp:is_sticky>0</wp:is_sticky>
		<wp:postmeta>
			<wp:meta_key><![CDATA[_vc_post_settings]]></wp:meta_key>
			<wp:meta_value><![CDATA[a:1:{s:10:"vc_grid_id";a:0:{}}]]></wp:meta_value>
		</wp:postmeta>
		<wp:postmeta>
			<wp:meta_key><![CDATA[_wpb_shortcodes_custom_css]]></wp:meta_key>
			<wp:meta_value><![CDATA[.vc_custom_1528275755204{margin-bottom: 0px !important;padding-top: 55px !important;padding-bottom: 20px !important;}.vc_custom_1528275584651{border-top-width: 1px !important;border-top-color: #27292b !important;border-top-style: solid !important;}.vc_custom_1529026892872{margin-top: 0px !important;}]]></wp:meta_value>
		</wp:postmeta>
		<wp:postmeta>
			<wp:meta_key><![CDATA[_vc_post_settings]]></wp:meta_key>
			<wp:meta_value><![CDATA[a:1:{s:10:"vc_grid_id";a:0:{}}]]></wp:meta_value>
		</wp:postmeta>
		<wp:postmeta>
			<wp:meta_key><![CDATA[_edit_last]]></wp:meta_key>
			<wp:meta_value><![CDATA[1]]></wp:meta_value>
		</wp:postmeta>
		<wp:postmeta>
			<wp:meta_key><![CDATA[slide_template]]></wp:meta_key>
			<wp:meta_value><![CDATA[default]]></wp:meta_value>
		</wp:postmeta>
		<wp:postmeta>
			<wp:meta_key><![CDATA[_wpb_vc_js_status]]></wp:meta_key>
			<wp:meta_value><![CDATA[true]]></wp:meta_value>
		</wp:postmeta>
		<wp:postmeta>
			<wp:meta_key><![CDATA[_wpb_shortcodes_custom_css]]></wp:meta_key>
			<wp:meta_value><![CDATA[.vc_custom_1528275755204{margin-bottom: 0px !important;padding-top: 55px !important;padding-bottom: 20px !important;}.vc_custom_1528275584651{border-top-width: 1px !important;border-top-color: #27292b !important;border-top-style: solid !important;}.vc_custom_1529026892872{margin-top: 0px !important;}]]></wp:meta_value>
		</wp:postmeta>
	</item>
</channel>
</rss>
