{"sidebar-1":{"search-2":{"title":""},"categories-2":{"title":"Category","count":1,"hierarchical":0,"dropdown":0}},"sidebar-2":{"recent-posts-2":{"title":"","number":3,"show_date":false}},"sidebar-3":{"archives-2":{"title":"","count":0,"dropdown":0},"tag_cloud-2":{"title":"","count":0,"taxonomy":"post_tag"}},"footer-area-1":{"custom_html-2":{"title":"About US","content":"<ul>\r\n    <li><a href=\"https:\/\/shtheme.com\/demosd\/edumart\/?page_id=46\">Edumart Group of Institutions<\/a><\/li>\r\n    <li><a href=\"https:\/\/shtheme.com\/demosd\/edumart\/?page_id=334\">Our Institutes and Universities<\/a><\/li>\r\n    <li><a href=\"https:\/\/shtheme.com\/demosd\/edumart\/?page_id=282\">Management Team<\/a><\/li>\r\n    <li><a href=\"https:\/\/shtheme.com\/demosd\/edumart\/?page_id=39\">Approval and Recognition<\/a><\/li>\r\n    <li><a href=\"https:\/\/shtheme.com\/demosd\/edumart\/?page_id=556\">Evaluation & Assessments<\/a><\/li>\r\n<\/ul>"}},"footer-area-2":{"custom_html-3":{"title":"Courses","content":"<ul>\r\n    <li><a href=\"https:\/\/shtheme.com\/demosd\/edumart\/?course=mba-general\">2 Year Online MBA General<\/a><\/li>\r\n    <li><a href=\"https:\/\/shtheme.com\/demosd\/edumart\/?course=mba-operations\">2 Year Online MBA Operations<\/a><\/li>\r\n    <li><a href=\"https:\/\/shtheme.com\/demosd\/edumart\/?course=mba-marketing\">2 Year Online MBA Marketing<\/a><\/li>\r\n    <li><a href=\"https:\/\/shtheme.com\/demosd\/edumart\/?page_id=401\">Course Listing<\/a><\/li>\r\n    <li><a href=\"https:\/\/shtheme.com\/demosd\/edumart\/\">Corporate Programs<\/a><\/li>\r\n<\/ul>"}},"footer-area-3":{"custom_html-4":{"title":"Why Edumart","content":"<ul>\r\n    <li><a href=\"https:\/\/shtheme.com\/demosd\/edumart\/\">Introduction<\/a><\/li>\r\n    <li><a href=\"https:\/\/shtheme.com\/demosd\/edumart\/?page_id=401\">Learn Everywhere<\/a><\/li>\r\n    <li><a href=\"https:\/\/shtheme.com\/demosd\/edumart\/?page_id=334\">Modern Curriculum<\/a><\/li>\r\n    <li><a href=\"https:\/\/shtheme.com\/demosd\/edumart\/?page_id=46\">Placement Assistance<\/a><\/li>\r\n    <li><a href=\"https:\/\/shtheme.com\/demosd\/edumart\/?page_id=574\">Eligibility<\/a><\/li>\r\n<\/ul>"}},"footer-area-4":{"custom_html-5":{"title":"Learning Experience","content":"<ul>\r\n    <li><a href=\"https:\/\/shtheme.com\/demosd\/edumart\/?p=87\">Course Preparations<\/a><\/li>\r\n    <li><a href=\"https:\/\/shtheme.com\/demosd\/edumart\/?p=91\">Guided lessons<\/a><\/li>\r\n    <li><a href=\"https:\/\/shtheme.com\/demosd\/edumart\/?p=83\">Interactive Practice<\/a><\/li>\r\n    <li><a href=\"https:\/\/shtheme.com\/demosd\/edumart\/?p=79\">Virtual Classroom<\/a><\/li>\r\n    <li><a href=\"https:\/\/shtheme.com\/demosd\/edumart\/?p=75\">Peer Learning<\/a><\/li>\r\n<\/ul>"}},"footer-area-5":{"custom_html-6":{"title":"","content":"<div class=\"footer-logo hidden-xs\"><a href=\"https:\/\/shtheme.com\/demosd\/edumart\/\"><img src=\"https:\/\/shtheme.com\/demosd\/edumart\/wp-content\/uploads\/2022\/12\/footer-logo.png\" class=\"img-responsive\" alt=\"\"><\/a><\/div>\r\n<p>\u00a9 2017 <span>Edumart<\/span>. All rights reserved<\/p>\r\n<ul class=\"terms clearfix\">\r\n  <li><a href=\"https:\/\/shtheme.com\/demosd\/edumart\/?page_id=637\">TERMS OF USE<\/a><\/li>\r\n  <li><a href=\"https:\/\/shtheme.com\/demosd\/edumart\/?page_id=574\">PRIVACY POLICY<\/a><\/li>\r\n  <li><a href=\"https:\/\/shtheme.com\/demosd\/edumart\/?page_id=647\">GENERIC<\/a><\/li>\r\n<\/ul>"}},"footer-area-6":{"custom_html-7":{"title":"@INSTAGRAM","content":"<ul class=\"clearfix\">\r\n  <li><a href=\"https:\/\/www.instagram.com\/p\/CmIc7iyv4Rn\/?utm_source=ig_web_copy_link\">\r\n    <figure><img src=\"https:\/\/shtheme.com\/demosd\/edumart\/wp-content\/uploads\/2022\/12\/tour-lg2.jpg\" class=\"img-responsive\" alt=\"\"><\/figure>\r\n    <\/a><\/li>\r\n  <li><a href=\"https:\/\/www.instagram.com\/p\/CmIdJq-vMoz\/?utm_source=ig_web_copy_link\">\r\n    <figure><img src=\"https:\/\/shtheme.com\/demosd\/edumart\/wp-content\/uploads\/2022\/12\/tour-lg3.jpg\" class=\"img-responsive\" alt=\"\"><\/figure>\r\n    <\/a><\/li>\r\n  <li><a href=\"https:\/\/www.instagram.com\/p\/CmIdOWCPyaR\/?utm_source=ig_web_copy_link\">\r\n    <figure><img src=\"https:\/\/shtheme.com\/demosd\/edumart\/wp-content\/uploads\/2022\/12\/tour-lg4.jpg\" class=\"img-responsive\" alt=\"\"><\/figure>\r\n    <\/a><\/li>\r\n  <li><a href=\"https:\/\/www.instagram.com\/p\/CmIdRyNPZFF\/?utm_source=ig_web_copy_link\">\r\n    <figure><img src=\"https:\/\/shtheme.com\/demosd\/edumart\/wp-content\/uploads\/2022\/12\/tour-lg5.jpg\" class=\"img-responsive\" alt=\"\"><\/figure>\r\n    <\/a><\/li>\r\n  <li><a href=\"https:\/\/www.instagram.com\/p\/CmIdXBrvM_n\/?utm_source=ig_web_copy_link\">\r\n    <figure><img src=\"https:\/\/shtheme.com\/demosd\/edumart\/wp-content\/uploads\/2022\/12\/tour-lg6.jpg\" class=\"img-responsive\" alt=\"\"><\/figure>\r\n    <\/a><\/li>\r\n  <li><a href=\"https:\/\/www.instagram.com\/p\/CmIdazUPW_F\/?utm_source=ig_web_copy_link\">\r\n    <figure><img src=\"https:\/\/shtheme.com\/demosd\/edumart\/wp-content\/uploads\/2022\/12\/tour-lg10.jpg\" class=\"img-responsive\" alt=\"\"><\/figure>\r\n    <\/a><\/li>\r\n<\/ul>"}}}