{"last_tab":"","background_opt":{"background-color":"#ffffff","background-repeat":"","background-size":"","background-attachment":"","background-position":"","background-image":"","media":{"id":"","height":"","width":"","thumbnail":""}},"page_wrapper_background":{"background-color":"#ffffff","background-repeat":"","background-size":"","background-attachment":"","background-position":"","background-image":"","media":{"id":"","height":"","width":"","thumbnail":""}},"page_content_background":{"background-color":"#ffffff","background-repeat":"","background-size":"","background-attachment":"","background-position":"","background-image":"","media":{"id":"","height":"","width":"","thumbnail":""}},"menu_sidebar":"none-menu-sidebar","border_color":{"border-top":"","border-right":"","border-bottom":"","border-left":"","border-style":"solid","border-color":"#ebebeb"},"back_to_top":"1","primary_color":"#fcb800","sale_color":"#fcb800","saletext_color":"#ffffff","rate_color":"#fcb800","link_color":{"regular":"#fcb800","hover":"#292560","active":"#292560"},"text_selected_bg":"#91b2c3","text_selected_color":"#ffffff","header_layout":"Header Cook 1","header_bg":{"background-color":"#152129","background-repeat":"","background-size":"","background-attachment":"","background-position":"","background-image":"","media":{"id":"","height":"","width":"","thumbnail":""}},"header_color":"#ffffff","header_link_color":{"regular":"#ffffff","hover":"#fcb800","active":"#fcb800"},"header_border_color":{"color":"#ffffff","alpha":"0.1","rgba":"rgba(255,255,255,0.1)"},"sticky_header":"1","header_sticky_bg":{"color":"#1d2b35","alpha":"0.93","rgba":"rgba(29,43,53,0.93)"},"topbar_color":"#ffffff","topbar_link_color":{"regular":"#ffffff","hover":"#fcb800","active":"#fcb800"},"mobile_menu_label":"Menu","sub_menu_bg":"#ffffff","sub_menu_color":"#7a7a7a","vsub_menu_bg":"#ffffff","categories_menu_label":"CATEGORIES","categories_menu_items":"8","categories_more_label":"More Categories","categories_less_label":"Less Categories","categories_menu_home":"0","categories_menu_sub":"","social_icons":{"facebook":"https:\/\/www.facebook.com\/","twitter":"https:\/\/twitter.com\/","instagram":"","tumblr":"","pinterest":"https:\/\/www.pinterest.com\/","google-plus":"","linkedin":"https:\/\/www.linkedin.com\/","behance":"","dribbble":"","youtube":"","vimeo":"https:\/\/vimeo.com\/","rss":""},"footer_layout":"Footer Cook 1","footer_bg":{"background-color":"#152129","background-repeat":"","background-size":"","background-attachment":"","background-position":"","background-image":"","media":{"id":"","height":"","width":"","thumbnail":""}},"footer_border_color":{"color":"#ebebeb","alpha":"0.1","rgba":"rgba(235,235,235,0.1)"},"footer_color":"#757575","footer_link_color":{"regular":"#757575","hover":"#fcb800","active":"#fcb800"},"bodyfont":{"font-family":"Rubik","font-options":"","google":"1","font-backup":"","font-weight":"400","font-style":"","font-size":"14px","line-height":"24px","color":"#a4a4a4"},"headingfont":{"font-family":"Rubik","font-options":"","google":"1","font-weight":"500","font-style":"","color":"#242424"},"menufont":{"font-family":"Rubik","font-options":"","google":"1","font-weight":"500","font-style":"","font-size":"14px","color":"#ffffff"},"pricefont":{"font-family":"Rubik","font-options":"","google":"1","font-weight":"400","font-style":"","font-size":"14px","color":"#a4a4a4"},"page_layout":"full","box_layout_width":"1230","preset_option":"1","enable_sswitcher":"","brand_logos":[{"title":"","description":"","url":"","sort":"0","attachment_id":"9631","thumb":"http:\/\/roadthemes.com\/api\/devita\/uploads\/2018\/06\/br-150x85.png","image":"http:\/\/roadthemes.com\/api\/devita\/uploads\/2018\/06\/br.png","height":"85","width":"170"},{"title":"","description":"","url":"","sort":"1","attachment_id":"9631","thumb":"http:\/\/roadthemes.com\/api\/devita\/uploads\/2018\/06\/br-150x85.png","image":"http:\/\/roadthemes.com\/api\/devita\/uploads\/2018\/06\/br.png","height":"85","width":"170"},{"title":"","description":"","url":"","sort":"2","attachment_id":"9631","thumb":"http:\/\/roadthemes.com\/api\/devita\/uploads\/2018\/06\/br-150x85.png","image":"http:\/\/roadthemes.com\/api\/devita\/uploads\/2018\/06\/br.png","height":"85","width":"170"},{"title":"","description":"","url":"","sort":"3","attachment_id":"9631","thumb":"http:\/\/roadthemes.com\/api\/devita\/uploads\/2018\/06\/br-150x85.png","image":"http:\/\/roadthemes.com\/api\/devita\/uploads\/2018\/06\/br.png","height":"85","width":"170"},{"title":"","description":"","url":"","sort":"4","attachment_id":"9631","thumb":"http:\/\/roadthemes.com\/api\/devita\/uploads\/2018\/06\/br-150x85.png","image":"http:\/\/roadthemes.com\/api\/devita\/uploads\/2018\/06\/br.png","height":"85","width":"170"},{"title":"","description":"","url":"","sort":"5","attachment_id":"9631","thumb":"http:\/\/roadthemes.com\/api\/devita\/uploads\/2018\/06\/br-150x85.png","image":"http:\/\/roadthemes.com\/api\/devita\/uploads\/2018\/06\/br.png","height":"85","width":"170"}],"sidebarshop_pos":"left","sidebarse_pos":"left","sidebarblog_pos":"right","custom-sidebars":[""],"shop_layout":"","default_view":"grid-view","product_per_page":"12","product_per_row":"4","product_per_row_fw":"4","second_image":"","upsells_title":"Up-Sells","crosssells_title":"Cross-Sells","bg_shop":{"url":"","id":"","height":"","width":"","thumbnail":"","title":"","caption":"","alt":"","description":""},"related_title":"Related Products","related_amount":"4","share_head_code":"","share_code":"","detail_link_text":"Quick View","quickview_link_text":"See all features","quickview":"0","blog_header_text":"Blog","blog_layout":"sidebar","blog_style":"style_v1","width_cate_thumb":"1170","height_cate_thumb":"700","readmore_text":"read more","excerpt_length":"22","width_thumb":"270","height_thumb":"270","testiscroll":"1","testianimate":"2000","background_error":{"background-color":"#f2f2f2","background-repeat":"","background-size":"","background-attachment":"","background-position":"","background-image":"","media":{"id":"","height":"","width":"","thumbnail":""}},"enable_less":"1","redux-backup":"1"}