{"sidebars":{"sidebar-default":["search-2","recent-posts-2","recent-comments-2","archives-2","categories-2","meta-2"],"contact-topbar":[],"social-header":["apus_socials_widget-2","text-2"],"blog-left-sidebar":["apus_search-2","categories-3","apus_recent_post-2","tag_cloud-3"],"blog-right-sidebar":[],"product-left-sidebar":["apus_vertical_menu-2","woocommerce_layered_nav-2","woocommerce_layered_nav-3","apus_woocommerce_price_filter-2","woocommerce_products-2"],"product-right-sidebar":[],"demo-sidebar":["text-3","apus_custom_menu-2"]},"widgets":{"pages":{"_multiwidget":1},"calendar":{"_multiwidget":1},"archives":{"2":{"title":"","count":0,"dropdown":0},"_multiwidget":1},"meta":{"2":{"title":""},"_multiwidget":1},"search":{"2":{"title":""},"_multiwidget":1},"text":{"2":{"title":"","text":"<div class=\"header-coppyright\">Copyright \u00a9 2016 Alit ltd. <br\/>\r\nAll rights reserved<\/div>","filter":false},"3":{"title":"","text":"<div class=\"demo-sidebar-head\">\r\n<h2>GET AN AWESOME START!<\/h2>\r\n<a class=\"btn btn-sm btn-theme\" href=\"#\">Purchase for $59<\/a>\r\n<\/div>","filter":false},"_multiwidget":1},"categories":{"2":{"title":"","count":0,"hierarchical":0,"dropdown":0},"3":{"title":"Post Categories","count":0,"hierarchical":1,"dropdown":0},"_multiwidget":1},"recent-posts":{"2":{"title":"","number":5},"_multiwidget":1},"recent-comments":{"2":{"title":"","number":5},"_multiwidget":1},"rss":{"1":[],"_multiwidget":1},"tag_cloud":{"3":{"title":"Popular Tags","taxonomy":"post_tag"},"_multiwidget":1},"nav_menu":{"_multiwidget":1},"akismet_widget":{"_multiwidget":1},"apus_custom_menu":{"2":{"title":"","nav_menu":"demo-menu"},"_multiwidget":1},"apus_search":{"2":{"title":"","post_type":"post"},"_multiwidget":1},"apus_single_image":{"_multiwidget":1},"apus_recent_post":{"2":{"title":"Popular Posts","post_type":"post","number_post":"4","layout":"default"},"_multiwidget":1},"apus_instagram":{"_multiwidget":1},"apus_woocommerce_price_filter":{"2":{"title":"Filter by price","price_range_size":200,"max_price_ranges":6,"hide_empty_ranges":1},"_multiwidget":1},"apus_woocommerce_widget_product_sorting":{"_multiwidget":1},"apus_vertical_menu":{"2":{"title":"","nav_menu":"vertical-menu","position":"left"},"_multiwidget":1},"apus_socials_widget":{"2":{"title":"","socials":{"facebook":{"status":"on","name":"Facebook","page_url":"#"},"twitter":{"status":"on","name":"Twitter","page_url":"#"},"youtube":{"status":"on","name":"Youtube","page_url":"#"},"pinterest":{"status":"on","name":"Pinterest","page_url":"#"},"google-plus":{"name":"Google","page_url":"#"},"linkedin":{"status":"on","name":"LinkedIn","page_url":"#"}},"layout":"default"},"_multiwidget":1},"kc_widget_content":{"_multiwidget":1},"rev-slider-widget":{"_multiwidget":1},"woocommerce_widget_cart":{"_multiwidget":1},"woocommerce_layered_nav_filters":{"_multiwidget":1},"woocommerce_layered_nav":{"2":{"title":"Filter by Brands","attribute":"brands","display_type":"list","query_type":"and"},"3":{"title":"Filter by Color","attribute":"color","display_type":"list","query_type":"and"},"_multiwidget":1},"woocommerce_price_filter":{"_multiwidget":1},"woocommerce_product_categories":{"_multiwidget":1},"woocommerce_product_search":{"_multiwidget":1},"woocommerce_product_tag_cloud":{"_multiwidget":1},"woocommerce_products":{"2":{"title":"BEST SELLER PRODUCTS","number":3,"show":"","orderby":"date","order":"desc","hide_free":0,"show_hidden":0},"_multiwidget":1},"woocommerce_rating_filter":{"_multiwidget":1},"woocommerce_recent_reviews":{"_multiwidget":1},"woocommerce_recently_viewed_products":{"_multiwidget":1},"woocommerce_top_rated_products":{"_multiwidget":1},"mc4wp_form_widget":{"_multiwidget":1}}}