[{"tolarcek_sidebar":["shortcode-widget-2","shortcode-widget-3","wysija-4","category_posts-widget-5","shortcode-widget-4","categories-3","recent_posts-widget-4","tag_cloud-3","search-3","socials-widget-10"],"tolarcek-sidebar-single":["wysija-5","socials-widget-6","shortcode-widget-5","category_posts-widget-6","search-5","tag_cloud-4","recent_posts-widget-5"],"tolarcek_sidebar-top-left":["socials-widget-9"],"tolarcek_sidebar-top-right":["search-4"],"tolarcek-sidebar-footer-fullwidth":["text-58"],"tolarcek-sidebar-footer-left":["videos-widget-6"],"tolarcek-sidebar-footer-right":["videos-widget-5"],"tolarcek_footer1":["text-50"],"tolarcek_footer2":["category_posts-widget-4"],"tolarcek_footer3":["videos-widget-4"]},{"shortcode-widget":{"2":{"title":"Bitcoin Exchange rates","text":"[currencyprice currency1=\"btc\" currency2=\"usd,eur,ltc,eth,gbp,aud,cad\"]","filter":false},"3":{"title":"Earnings chart","text":"[chart id=\"8815\"]","filter":false},"4":{"title":"Ethereum rates","text":"[currencyprice currency1=\"eth\" currency2=\"usd,eur,ltc,btc,gbp,aud,cad\"]","filter":false},"5":{"title":"Bitcoin Exchange rates","text":"[currencyprice currency1=\"btc\" currency2=\"usd,eur,ltc,eth,gbp,aud,cad\"]","filter":false},"_multiwidget":1},"wysija":{"4":{"title":"Subscribe","form":"1"},"5":{"title":"Subscribe to our Newsletter","form":"1"},"_multiwidget":1},"category_posts-widget":{"5":{"title":"Popular Posts","number":"3"},"6":{"title":"Popular Posts","number":"2"},"4":{"title":"Popular Posts","number":"2"},"_multiwidget":1},"categories":{"3":{"title":"","count":0,"hierarchical":0,"dropdown":0},"_multiwidget":1},"recent_posts-widget":{"4":{"title":"Recent Posts","number":"2"},"5":{"title":"Recent Posts","number":"3"},"_multiwidget":1},"tag_cloud":{"3":{"title":"Tag cloud","count":0,"taxonomy":"post_tag"},"4":{"title":"","count":0,"taxonomy":"post_tag"},"_multiwidget":1},"search":{"3":{"title":"Search"},"5":{"title":""},"4":{"title":""},"_multiwidget":1},"socials-widget":{"10":{"title":"Socialize with us"},"6":{"title":""},"9":{"title":""},"_multiwidget":1},"text":{"58":{"title":"VIDEO TUTORIALS","text":"","filter":true,"visual":true},"50":{"title":"","text":"<img class=\"alignnone size-full wp-image-8713\" src=\"http:\/\/tolarcek.premiumcoding.com\/wp-content\/uploads\/2018\/01\/tolarcek-bitcoin.png\" alt=\"\" width=\"150\" height=\"26\" \/>\r\n\r\nTolarcek is a blog about cryptocurrency, especially about Bitcoin. All you need to know about blockchain tech, crypto-trading, mining, and more.","filter":true,"visual":true},"_multiwidget":1},"videos-widget":{"6":{"title":"Understand the Blockchain in Two Minutes","video":"https:\/\/www.youtube.com\/watch?v=r43LhSUUGTQ","link":"","text":"Tolarcek Video Text","text-top":"200px","display_text":null,"self_video":null,"auto_play":null,"image":""},"5":{"title":"19 Industries The Blockchain Will Disrupt","video":"https:\/\/www.youtube.com\/watch?v=G3psxs3gyf8","link":"","text":"Tolarcek Video Text","text-top":"200px","display_text":null,"self_video":null,"auto_play":null,"image":""},"4":{"title":"Tolarcek Video","video":"https:\/\/www.youtube.com\/watch?v=XDWSIKwdLfk","link":"","text":"Tolarcek Video Text","text-top":"200px","display_text":null,"self_video":null,"auto_play":null,"image":""},"_multiwidget":1}}]