<?xml version="1.0" encoding="UTF-8" ?>
<!-- This is a WordPress eXtended RSS file generated by WordPress as an export of your site. -->
<!-- It contains information about your site's posts, pages, comments, categories, and other content. -->
<!-- You may use this file to transfer that content from one site to another. -->
<!-- This file is not intended to serve as a complete backup of your site. -->

<!-- To import this information into a WordPress site follow these steps: -->
<!-- 1. Log in to that site as an administrator. -->
<!-- 2. Go to Tools: Import in the WordPress admin panel. -->
<!-- 3. Install the "WordPress" importer from the list. -->
<!-- 4. Activate & Run Importer. -->
<!-- 5. Upload this file using the form provided on that page. -->
<!-- 6. You will first be asked to map the authors in this export file to users -->
<!--    on the site. For each author, you may choose to map to an -->
<!--    existing user on the site or to create a new user. -->
<!-- 7. WordPress will then import each of the posts, pages, comments, categories, etc. -->
<!--    contained in this file into your site. -->

<!-- generator="WordPress/4.8" created="2017-06-26 00:38" -->
<rss version="2.0"
	xmlns:excerpt="http://wordpress.org/export/1.2/excerpt/"
	xmlns:content="http://purl.org/rss/1.0/modules/content/"
	xmlns:wfw="http://wellformedweb.org/CommentAPI/"
	xmlns:dc="http://purl.org/dc/elements/1.1/"
	xmlns:wp="http://wordpress.org/export/1.2/"
>

<channel>
	<title>LIFE</title>
	<link>http://themes.pixelwars.org/life</link>
	<description>Just another WordPress site</description>
	<pubDate>Mon, 26 Jun 2017 00:38:24 +0000</pubDate>
	<language>en-US</language>
	<wp:wxr_version>1.2</wp:wxr_version>
	<wp:base_site_url>http://themes.pixelwars.org/life</wp:base_site_url>
	<wp:base_blog_url>http://themes.pixelwars.org/life</wp:base_blog_url>

	<wp:author><wp:author_id>1</wp:author_id><wp:author_login><![CDATA[pixelwars]]></wp:author_login><wp:author_email><![CDATA[mehmetsali@gmail.com]]></wp:author_email><wp:author_display_name><![CDATA[Developer]]></wp:author_display_name><wp:author_first_name><![CDATA[Developer]]></wp:author_first_name><wp:author_last_name><![CDATA[]]></wp:author_last_name></wp:author>


	<generator>https://wordpress.org/?v=4.8</generator>

	<item>
		<title>Planet Unknown</title>
		<link>http://themes.pixelwars.org/life/portfolio/planet-unknown/</link>
		<pubDate>Wed, 22 Feb 2017 15:24:42 +0000</pubDate>
		<dc:creator><![CDATA[pixelwars]]></dc:creator>
		<guid isPermaLink="false">http://themes.pixelwars.org/theblogger/default/?post_type=portfolio&#038;p=333</guid>
		<description></description>
		<content:encoded><![CDATA[<p style="text-align: center;">At the end of 21st century, mankind were facing global resource depletion. Space Rovers were sent out to find potential inhabitable planets.</p>
<p style="text-align: center;"><a class="button" href="https://vimeo.com/183577091">Launch Project</a></p>
https://vimeo.com/183577091

<a href="http://themes.pixelwars.org/theblogger/default/wp-content/uploads/sites/12/2017/02/01.jpg"><img class="aligncenter size-full wp-image-338" src="http://themes.pixelwars.org/theblogger/default/wp-content/uploads/sites/12/2017/02/01.jpg" alt="" width="1400" height="595" /></a>

<a href="http://themes.pixelwars.org/theblogger/default/wp-content/uploads/sites/12/2017/02/02.jpg"><img class="aligncenter size-full wp-image-337" src="http://themes.pixelwars.org/theblogger/default/wp-content/uploads/sites/12/2017/02/02.jpg" alt="" width="1400" height="595" /></a>

<a href="http://themes.pixelwars.org/theblogger/default/wp-content/uploads/sites/12/2017/02/03.jpg"><img class="aligncenter size-full wp-image-336" src="http://themes.pixelwars.org/theblogger/default/wp-content/uploads/sites/12/2017/02/03.jpg" alt="" width="1400" height="595" /></a>
<p style="text-align: center;">a project designed by <a href="https://www.behance.net/gallery/43158829/Planet-Unknown-(Short-film)">Shawn Wang</a></p>]]></content:encoded>
		<excerpt:encoded><![CDATA[Shawn Wang]]></excerpt:encoded>
		<wp:post_id>333</wp:post_id>
		<wp:post_date><![CDATA[2017-02-22 15:24:42]]></wp:post_date>
		<wp:post_date_gmt><![CDATA[2017-02-22 15:24:42]]></wp:post_date_gmt>
		<wp:comment_status><![CDATA[open]]></wp:comment_status>
		<wp:ping_status><![CDATA[closed]]></wp:ping_status>
		<wp:post_name><![CDATA[planet-unknown]]></wp:post_name>
		<wp:status><![CDATA[publish]]></wp:status>
		<wp:post_parent>0</wp:post_parent>
		<wp:menu_order>0</wp:menu_order>
		<wp:post_type><![CDATA[portfolio]]></wp:post_type>
		<wp:post_password><![CDATA[]]></wp:post_password>
		<wp:is_sticky>0</wp:is_sticky>
		<category domain="portfolio-category" nicename="movie"><![CDATA[Movie]]></category>
		<wp:postmeta>
			<wp:meta_key><![CDATA[_vc_post_settings]]></wp:meta_key>
			<wp:meta_value><![CDATA[a:1:{s:10:"vc_grid_id";a:0:{}}]]></wp:meta_value>
		</wp:postmeta>
		<wp:postmeta>
			<wp:meta_key><![CDATA[_edit_last]]></wp:meta_key>
			<wp:meta_value><![CDATA[1]]></wp:meta_value>
		</wp:postmeta>
		<wp:postmeta>
			<wp:meta_key><![CDATA[inline_featured_image]]></wp:meta_key>
			<wp:meta_value><![CDATA[0]]></wp:meta_value>
		</wp:postmeta>
		<wp:postmeta>
			<wp:meta_key><![CDATA[_wpb_vc_js_status]]></wp:meta_key>
			<wp:meta_value><![CDATA[false]]></wp:meta_value>
		</wp:postmeta>
		<wp:postmeta>
			<wp:meta_key><![CDATA[_oembed_time_575bd1518f3654994e321714951bb7aa]]></wp:meta_key>
			<wp:meta_value><![CDATA[1494625788]]></wp:meta_value>
		</wp:postmeta>
		<wp:postmeta>
			<wp:meta_key><![CDATA[_oembed_575bd1518f3654994e321714951bb7aa]]></wp:meta_key>
			<wp:meta_value><![CDATA[<iframe src="https://player.vimeo.com/video/183577091" width="710" height="302" frameborder="0" title="Planet Unknown" webkitallowfullscreen mozallowfullscreen allowfullscreen></iframe>]]></wp:meta_value>
		</wp:postmeta>
		<wp:postmeta>
			<wp:meta_key><![CDATA[_recommended]]></wp:meta_key>
			<wp:meta_value><![CDATA[0]]></wp:meta_value>
		</wp:postmeta>
		<wp:postmeta>
			<wp:meta_key><![CDATA[_wxr_import_has_attachment_refs]]></wp:meta_key>
			<wp:meta_value><![CDATA[1]]></wp:meta_value>
		</wp:postmeta>
		<wp:postmeta>
			<wp:meta_key><![CDATA[_thumbnail_id]]></wp:meta_key>
			<wp:meta_value><![CDATA[1987]]></wp:meta_value>
		</wp:postmeta>
		<wp:postmeta>
			<wp:meta_key><![CDATA[_vc_post_settings]]></wp:meta_key>
			<wp:meta_value><![CDATA[a:1:{s:10:"vc_grid_id";a:0:{}}]]></wp:meta_value>
		</wp:postmeta>
		<wp:postmeta>
			<wp:meta_key><![CDATA[inline_featured_image]]></wp:meta_key>
			<wp:meta_value><![CDATA[0]]></wp:meta_value>
		</wp:postmeta>
	</item>
	<item>
		<title>L&#039;Envers des Contes</title>
		<link>http://themes.pixelwars.org/life/portfolio/lenvers-des-contes/</link>
		<pubDate>Wed, 22 Feb 2017 15:44:20 +0000</pubDate>
		<dc:creator><![CDATA[pixelwars]]></dc:creator>
		<guid isPermaLink="false">http://themes.pixelwars.org/theblogger/default/?post_type=portfolio&#038;p=342</guid>
		<description></description>
		<content:encoded><![CDATA[<p style="text-align: center;">Comic book adaptation from "L'Envers des Contes", a serie of children's book by Catherine Girard-Audet and Claire Pyatt. Scenario: Gihef, editor: Kennes.</p>
<p style="text-align: center;"><a class="button" href="https://www.behance.net/gallery/36488785/LEnvers-des-Contes-(comic-book)">Launch Project</a></p>
<p style="text-align: center;"><a href="http://themes.pixelwars.org/theblogger/default/wp-content/uploads/sites/12/2017/02/kennes1.jpg">
</a><a href="http://themes.pixelwars.org/theblogger/default/wp-content/uploads/sites/12/2017/02/kennes2.jpg"><img class="aligncenter size-full wp-image-344" src="http://themes.pixelwars.org/theblogger/default/wp-content/uploads/sites/12/2017/02/kennes2.jpg" alt="" width="1200" height="1652" /></a><a href="http://themes.pixelwars.org/theblogger/default/wp-content/uploads/sites/12/2017/02/kennes3.jpg"><img class="aligncenter size-full wp-image-345" src="http://themes.pixelwars.org/theblogger/default/wp-content/uploads/sites/12/2017/02/kennes3.jpg" alt="" width="1200" height="1652" /></a></p>
<p style="text-align: center;"><a href="http://themes.pixelwars.org/theblogger/default/wp-content/uploads/sites/12/2017/02/kennes4.jpg"><img class="aligncenter size-full wp-image-346" src="http://themes.pixelwars.org/theblogger/default/wp-content/uploads/sites/12/2017/02/kennes4.jpg" alt="" width="1200" height="1652" /></a></p>
<p style="text-align: center;">a project designed by <a href="https://www.behance.net/gallery/36488785/LEnvers-des-Contes-(comic-book)">Rachel Zimra</a></p>]]></content:encoded>
		<excerpt:encoded><![CDATA[Rachel Zimra]]></excerpt:encoded>
		<wp:post_id>342</wp:post_id>
		<wp:post_date><![CDATA[2017-02-22 15:44:20]]></wp:post_date>
		<wp:post_date_gmt><![CDATA[2017-02-22 15:44:20]]></wp:post_date_gmt>
		<wp:comment_status><![CDATA[open]]></wp:comment_status>
		<wp:ping_status><![CDATA[closed]]></wp:ping_status>
		<wp:post_name><![CDATA[lenvers-des-contes]]></wp:post_name>
		<wp:status><![CDATA[publish]]></wp:status>
		<wp:post_parent>0</wp:post_parent>
		<wp:menu_order>0</wp:menu_order>
		<wp:post_type><![CDATA[portfolio]]></wp:post_type>
		<wp:post_password><![CDATA[]]></wp:post_password>
		<wp:is_sticky>0</wp:is_sticky>
		<category domain="portfolio-category" nicename="movie"><![CDATA[Movie]]></category>
		<wp:postmeta>
			<wp:meta_key><![CDATA[inline_featured_image]]></wp:meta_key>
			<wp:meta_value><![CDATA[0]]></wp:meta_value>
		</wp:postmeta>
		<wp:postmeta>
			<wp:meta_key><![CDATA[_edit_last]]></wp:meta_key>
			<wp:meta_value><![CDATA[1]]></wp:meta_value>
		</wp:postmeta>
		<wp:postmeta>
			<wp:meta_key><![CDATA[_thumbnail_id]]></wp:meta_key>
			<wp:meta_value><![CDATA[1986]]></wp:meta_value>
		</wp:postmeta>
		<wp:postmeta>
			<wp:meta_key><![CDATA[_wxr_import_has_attachment_refs]]></wp:meta_key>
			<wp:meta_value><![CDATA[1]]></wp:meta_value>
		</wp:postmeta>
		<wp:postmeta>
			<wp:meta_key><![CDATA[_vc_post_settings]]></wp:meta_key>
			<wp:meta_value><![CDATA[a:1:{s:10:"vc_grid_id";a:0:{}}]]></wp:meta_value>
		</wp:postmeta>
		<wp:postmeta>
			<wp:meta_key><![CDATA[inline_featured_image]]></wp:meta_key>
			<wp:meta_value><![CDATA[0]]></wp:meta_value>
		</wp:postmeta>
		<wp:postmeta>
			<wp:meta_key><![CDATA[_wpb_vc_js_status]]></wp:meta_key>
			<wp:meta_value><![CDATA[false]]></wp:meta_value>
		</wp:postmeta>
		<wp:postmeta>
			<wp:meta_key><![CDATA[_vc_post_settings]]></wp:meta_key>
			<wp:meta_value><![CDATA[a:1:{s:10:"vc_grid_id";a:0:{}}]]></wp:meta_value>
		</wp:postmeta>
		<wp:postmeta>
			<wp:meta_key><![CDATA[_recommended]]></wp:meta_key>
			<wp:meta_value><![CDATA[0]]></wp:meta_value>
		</wp:postmeta>
	</item>
	<item>
		<title>Toothbrush</title>
		<link>http://themes.pixelwars.org/life/portfolio/toothbrush/</link>
		<pubDate>Wed, 22 Feb 2017 15:57:43 +0000</pubDate>
		<dc:creator><![CDATA[pixelwars]]></dc:creator>
		<guid isPermaLink="false">http://themes.pixelwars.org/theblogger/default/?post_type=portfolio&#038;p=347</guid>
		<description></description>
		<content:encoded><![CDATA[<p style="text-align: center;">After Minimalist toothbrush for those who aspire to live with less distraction but more thoughtful objects. No overmolds or rubber grips, just a simple toothbrush.</p>
<p style="text-align: center;"><a class="button" href="https://www.behance.net/gallery/51770881/Toothbrush?tracking_source=curated_galleries_list">Launch Project</a></p>
[gallery link="file" size="large" ids="2174,2175,2176,2177,2178"]
<p style="text-align: center;">a project designed by <a href="https://www.behance.net/pascalruelle">Pascal RUELLE</a> and <a href="https://www.behance.net/Ishadams">Ishmael Adams</a></p>]]></content:encoded>
		<excerpt:encoded><![CDATA[by Pascal RUELLE and Ishmael Adams]]></excerpt:encoded>
		<wp:post_id>347</wp:post_id>
		<wp:post_date><![CDATA[2017-02-22 15:57:43]]></wp:post_date>
		<wp:post_date_gmt><![CDATA[2017-02-22 15:57:43]]></wp:post_date_gmt>
		<wp:comment_status><![CDATA[open]]></wp:comment_status>
		<wp:ping_status><![CDATA[closed]]></wp:ping_status>
		<wp:post_name><![CDATA[toothbrush]]></wp:post_name>
		<wp:status><![CDATA[publish]]></wp:status>
		<wp:post_parent>0</wp:post_parent>
		<wp:menu_order>0</wp:menu_order>
		<wp:post_type><![CDATA[portfolio]]></wp:post_type>
		<wp:post_password><![CDATA[]]></wp:post_password>
		<wp:is_sticky>0</wp:is_sticky>
		<category domain="portfolio-category" nicename="design"><![CDATA[Design]]></category>
		<wp:postmeta>
			<wp:meta_key><![CDATA[inline_featured_image]]></wp:meta_key>
			<wp:meta_value><![CDATA[0]]></wp:meta_value>
		</wp:postmeta>
		<wp:postmeta>
			<wp:meta_key><![CDATA[_vc_post_settings]]></wp:meta_key>
			<wp:meta_value><![CDATA[a:1:{s:10:"vc_grid_id";a:0:{}}]]></wp:meta_value>
		</wp:postmeta>
		<wp:postmeta>
			<wp:meta_key><![CDATA[_thumbnail_id]]></wp:meta_key>
			<wp:meta_value><![CDATA[2176]]></wp:meta_value>
		</wp:postmeta>
		<wp:postmeta>
			<wp:meta_key><![CDATA[_recommended]]></wp:meta_key>
			<wp:meta_value><![CDATA[0]]></wp:meta_value>
		</wp:postmeta>
		<wp:postmeta>
			<wp:meta_key><![CDATA[inline_featured_image]]></wp:meta_key>
			<wp:meta_value><![CDATA[0]]></wp:meta_value>
		</wp:postmeta>
		<wp:postmeta>
			<wp:meta_key><![CDATA[_edit_last]]></wp:meta_key>
			<wp:meta_value><![CDATA[1]]></wp:meta_value>
		</wp:postmeta>
		<wp:postmeta>
			<wp:meta_key><![CDATA[_wp_old_slug]]></wp:meta_key>
			<wp:meta_value><![CDATA[matin-ordinaire]]></wp:meta_value>
		</wp:postmeta>
		<wp:postmeta>
			<wp:meta_key><![CDATA[_wpb_vc_js_status]]></wp:meta_key>
			<wp:meta_value><![CDATA[false]]></wp:meta_value>
		</wp:postmeta>
		<wp:postmeta>
			<wp:meta_key><![CDATA[_vc_post_settings]]></wp:meta_key>
			<wp:meta_value><![CDATA[a:1:{s:10:"vc_grid_id";a:0:{}}]]></wp:meta_value>
		</wp:postmeta>
	</item>
	<item>
		<title>Blank Space</title>
		<link>http://themes.pixelwars.org/life/portfolio/blank-space/</link>
		<pubDate>Thu, 23 Feb 2017 08:46:42 +0000</pubDate>
		<dc:creator><![CDATA[pixelwars]]></dc:creator>
		<guid isPermaLink="false">http://themes.pixelwars.org/theblogger/default/?post_type=portfolio&#038;p=354</guid>
		<description></description>
		<content:encoded><![CDATA[<p style="text-align: center;">Photographic project inspired by pioneers of space. Blank Space were sent out to find potential inhabitable planets.</p>
<p style="text-align: center;"><a class="button" href="https://www.behance.net/gallery/43768649/Blank-Space">Launch Project</a></p>
<p style="text-align: center;"><a href="http://themes.pixelwars.org/theblogger/default/wp-content/uploads/sites/12/2017/02/blank2.jpg"><img class="aligncenter size-full wp-image-355" src="http://themes.pixelwars.org/theblogger/default/wp-content/uploads/sites/12/2017/02/blank2.jpg" alt="" width="1600" height="1067" /></a></p>
<p style="text-align: center;"><a href="http://themes.pixelwars.org/theblogger/default/wp-content/uploads/sites/12/2017/02/blank3.jpg"><img class="aligncenter size-full wp-image-356" src="http://themes.pixelwars.org/theblogger/default/wp-content/uploads/sites/12/2017/02/blank3.jpg" alt="" width="1600" height="1067" /></a></p>
<p style="text-align: center;"><a href="http://themes.pixelwars.org/theblogger/default/wp-content/uploads/sites/12/2017/02/blank4.jpg"><img class="aligncenter size-full wp-image-357" src="http://themes.pixelwars.org/theblogger/default/wp-content/uploads/sites/12/2017/02/blank4.jpg" alt="" width="1600" height="1067" /></a></p>
<p style="text-align: center;">a project designed by <a href="https://www.behance.net/gallery/43768649/Blank-Space">Robert Cybulski</a></p>]]></content:encoded>
		<excerpt:encoded><![CDATA[Robert Cybulski]]></excerpt:encoded>
		<wp:post_id>354</wp:post_id>
		<wp:post_date><![CDATA[2017-02-23 08:46:42]]></wp:post_date>
		<wp:post_date_gmt><![CDATA[2017-02-23 08:46:42]]></wp:post_date_gmt>
		<wp:comment_status><![CDATA[open]]></wp:comment_status>
		<wp:ping_status><![CDATA[closed]]></wp:ping_status>
		<wp:post_name><![CDATA[blank-space]]></wp:post_name>
		<wp:status><![CDATA[publish]]></wp:status>
		<wp:post_parent>0</wp:post_parent>
		<wp:menu_order>0</wp:menu_order>
		<wp:post_type><![CDATA[portfolio]]></wp:post_type>
		<wp:post_password><![CDATA[]]></wp:post_password>
		<wp:is_sticky>0</wp:is_sticky>
		<category domain="portfolio-category" nicename="movie"><![CDATA[Movie]]></category>
		<wp:postmeta>
			<wp:meta_key><![CDATA[inline_featured_image]]></wp:meta_key>
			<wp:meta_value><![CDATA[0]]></wp:meta_value>
		</wp:postmeta>
		<wp:postmeta>
			<wp:meta_key><![CDATA[_vc_post_settings]]></wp:meta_key>
			<wp:meta_value><![CDATA[a:1:{s:10:"vc_grid_id";a:0:{}}]]></wp:meta_value>
		</wp:postmeta>
		<wp:postmeta>
			<wp:meta_key><![CDATA[_thumbnail_id]]></wp:meta_key>
			<wp:meta_value><![CDATA[1980]]></wp:meta_value>
		</wp:postmeta>
		<wp:postmeta>
			<wp:meta_key><![CDATA[_wxr_import_has_attachment_refs]]></wp:meta_key>
			<wp:meta_value><![CDATA[1]]></wp:meta_value>
		</wp:postmeta>
		<wp:postmeta>
			<wp:meta_key><![CDATA[_edit_last]]></wp:meta_key>
			<wp:meta_value><![CDATA[1]]></wp:meta_value>
		</wp:postmeta>
		<wp:postmeta>
			<wp:meta_key><![CDATA[inline_featured_image]]></wp:meta_key>
			<wp:meta_value><![CDATA[0]]></wp:meta_value>
		</wp:postmeta>
		<wp:postmeta>
			<wp:meta_key><![CDATA[_wpb_vc_js_status]]></wp:meta_key>
			<wp:meta_value><![CDATA[false]]></wp:meta_value>
		</wp:postmeta>
		<wp:postmeta>
			<wp:meta_key><![CDATA[_vc_post_settings]]></wp:meta_key>
			<wp:meta_value><![CDATA[a:1:{s:10:"vc_grid_id";a:0:{}}]]></wp:meta_value>
		</wp:postmeta>
		<wp:postmeta>
			<wp:meta_key><![CDATA[_recommended]]></wp:meta_key>
			<wp:meta_value><![CDATA[0]]></wp:meta_value>
		</wp:postmeta>
	</item>
	<item>
		<title>Soccer Art</title>
		<link>http://themes.pixelwars.org/life/portfolio/soccer-art/</link>
		<pubDate>Thu, 23 Feb 2017 11:40:05 +0000</pubDate>
		<dc:creator><![CDATA[pixelwars]]></dc:creator>
		<guid isPermaLink="false">http://themes.pixelwars.org/theblogger/default/?post_type=portfolio&#038;p=359</guid>
		<description></description>
		<content:encoded><![CDATA[<p style="text-align: center;">Illustrations of soccer players by Denis Gonchar.</p>
<p style="text-align: center;"><a class="button" href="https://www.behance.net/gallery/53207617/Soccer-Art" target="_blank" rel="noopener">Launch Project</a></p>
<p style="text-align: center;"></p>


[caption id="attachment_2298" align="aligncenter" width="1920"]<img class="wp-image-2298 size-full" src="http://themes.pixelwars.org/life/wp-content/uploads/2017/02/00-1.jpg" alt="" width="1920" height="1920" /> Aron Gunnarsson[/caption]

[caption id="attachment_2299" align="aligncenter" width="1920"]<img class="wp-image-2299 size-full" src="http://themes.pixelwars.org/life/wp-content/uploads/2017/02/01-2.jpg" alt="" width="1920" height="1920" /> Zlatan Ibrahimovic[/caption]

[caption id="attachment_2300" align="aligncenter" width="1920"]<img class="wp-image-2300 size-full" src="http://themes.pixelwars.org/life/wp-content/uploads/2017/02/02-1.jpg" alt="" width="1920" height="1920" /> Cristiano Ronaldo[/caption]

[caption id="attachment_2301" align="aligncenter" width="1920"]<img class="wp-image-2301 size-full" src="http://themes.pixelwars.org/life/wp-content/uploads/2017/02/03-1.jpg" alt="" width="1920" height="1920" /> Wayne Rooney[/caption]
<p style="text-align: center;">a project designed by <a class="normal-link js-mini-profile" href="https://www.behance.net/denisgonchar" target="_blank" rel="noopener" data-id="107441">Denis Gonchar</a>.</p>]]></content:encoded>
		<excerpt:encoded><![CDATA[Denis Gonchar]]></excerpt:encoded>
		<wp:post_id>359</wp:post_id>
		<wp:post_date><![CDATA[2017-02-23 11:40:05]]></wp:post_date>
		<wp:post_date_gmt><![CDATA[2017-02-23 11:40:05]]></wp:post_date_gmt>
		<wp:comment_status><![CDATA[open]]></wp:comment_status>
		<wp:ping_status><![CDATA[closed]]></wp:ping_status>
		<wp:post_name><![CDATA[soccer-art]]></wp:post_name>
		<wp:status><![CDATA[publish]]></wp:status>
		<wp:post_parent>0</wp:post_parent>
		<wp:menu_order>0</wp:menu_order>
		<wp:post_type><![CDATA[portfolio]]></wp:post_type>
		<wp:post_password><![CDATA[]]></wp:post_password>
		<wp:is_sticky>0</wp:is_sticky>
		<category domain="portfolio-category" nicename="design"><![CDATA[Design]]></category>
		<wp:postmeta>
			<wp:meta_key><![CDATA[inline_featured_image]]></wp:meta_key>
			<wp:meta_value><![CDATA[0]]></wp:meta_value>
		</wp:postmeta>
		<wp:postmeta>
			<wp:meta_key><![CDATA[_vc_post_settings]]></wp:meta_key>
			<wp:meta_value><![CDATA[a:1:{s:10:"vc_grid_id";a:0:{}}]]></wp:meta_value>
		</wp:postmeta>
		<wp:postmeta>
			<wp:meta_key><![CDATA[_thumbnail_id]]></wp:meta_key>
			<wp:meta_value><![CDATA[2298]]></wp:meta_value>
		</wp:postmeta>
		<wp:postmeta>
			<wp:meta_key><![CDATA[_wxr_import_has_attachment_refs]]></wp:meta_key>
			<wp:meta_value><![CDATA[1]]></wp:meta_value>
		</wp:postmeta>
		<wp:postmeta>
			<wp:meta_key><![CDATA[_recommended]]></wp:meta_key>
			<wp:meta_value><![CDATA[1]]></wp:meta_value>
		</wp:postmeta>
		<wp:postmeta>
			<wp:meta_key><![CDATA[inline_featured_image]]></wp:meta_key>
			<wp:meta_value><![CDATA[0]]></wp:meta_value>
		</wp:postmeta>
		<wp:postmeta>
			<wp:meta_key><![CDATA[_edit_last]]></wp:meta_key>
			<wp:meta_value><![CDATA[1]]></wp:meta_value>
		</wp:postmeta>
		<wp:postmeta>
			<wp:meta_key><![CDATA[_wp_old_slug]]></wp:meta_key>
			<wp:meta_value><![CDATA[stages]]></wp:meta_value>
		</wp:postmeta>
		<wp:postmeta>
			<wp:meta_key><![CDATA[_wpb_vc_js_status]]></wp:meta_key>
			<wp:meta_value><![CDATA[false]]></wp:meta_value>
		</wp:postmeta>
		<wp:postmeta>
			<wp:meta_key><![CDATA[_vc_post_settings]]></wp:meta_key>
			<wp:meta_value><![CDATA[a:1:{s:10:"vc_grid_id";a:0:{}}]]></wp:meta_value>
		</wp:postmeta>
		<wp:postmeta>
			<wp:meta_key><![CDATA[_wp_old_slug]]></wp:meta_key>
			<wp:meta_value><![CDATA[effervescent-series]]></wp:meta_value>
		</wp:postmeta>
	</item>
	<item>
		<title>Lens - Frank Ocean W/ Travis Scott</title>
		<link>http://themes.pixelwars.org/life/portfolio/lens-frank-ocean-w-travis-scott/</link>
		<pubDate>Thu, 23 Feb 2017 09:00:59 +0000</pubDate>
		<dc:creator><![CDATA[pixelwars]]></dc:creator>
		<guid isPermaLink="false">http://themes.pixelwars.org/theblogger/default/?post_type=portfolio&#038;p=365</guid>
		<description></description>
		<content:encoded><![CDATA[Follow <a href="https://soundcloud.com/travisscott-2">Travis Scott</a> and others on SoundCloud.]]></content:encoded>
		<excerpt:encoded><![CDATA[Travis Scott]]></excerpt:encoded>
		<wp:post_id>365</wp:post_id>
		<wp:post_date><![CDATA[2017-02-23 09:00:59]]></wp:post_date>
		<wp:post_date_gmt><![CDATA[2017-02-23 09:00:59]]></wp:post_date_gmt>
		<wp:comment_status><![CDATA[open]]></wp:comment_status>
		<wp:ping_status><![CDATA[closed]]></wp:ping_status>
		<wp:post_name><![CDATA[lens-frank-ocean-w-travis-scott]]></wp:post_name>
		<wp:status><![CDATA[publish]]></wp:status>
		<wp:post_parent>0</wp:post_parent>
		<wp:menu_order>0</wp:menu_order>
		<wp:post_type><![CDATA[portfolio]]></wp:post_type>
		<wp:post_password><![CDATA[]]></wp:post_password>
		<wp:is_sticky>0</wp:is_sticky>
		<category domain="portfolio-category" nicename="music"><![CDATA[Music]]></category>
		<wp:postmeta>
			<wp:meta_key><![CDATA[inline_featured_image]]></wp:meta_key>
			<wp:meta_value><![CDATA[0]]></wp:meta_value>
		</wp:postmeta>
		<wp:postmeta>
			<wp:meta_key><![CDATA[_vc_post_settings]]></wp:meta_key>
			<wp:meta_value><![CDATA[a:1:{s:10:"vc_grid_id";a:0:{}}]]></wp:meta_value>
		</wp:postmeta>
		<wp:postmeta>
			<wp:meta_key><![CDATA[_thumbnail_id]]></wp:meta_key>
			<wp:meta_value><![CDATA[2172]]></wp:meta_value>
		</wp:postmeta>
		<wp:postmeta>
			<wp:meta_key><![CDATA[_edit_last]]></wp:meta_key>
			<wp:meta_value><![CDATA[1]]></wp:meta_value>
		</wp:postmeta>
		<wp:postmeta>
			<wp:meta_key><![CDATA[_wp_old_slug]]></wp:meta_key>
			<wp:meta_value><![CDATA[chemistry-ft-blackbear]]></wp:meta_value>
		</wp:postmeta>
		<wp:postmeta>
			<wp:meta_key><![CDATA[inline_featured_image]]></wp:meta_key>
			<wp:meta_value><![CDATA[0]]></wp:meta_value>
		</wp:postmeta>
		<wp:postmeta>
			<wp:meta_key><![CDATA[_wpb_vc_js_status]]></wp:meta_key>
			<wp:meta_value><![CDATA[false]]></wp:meta_value>
		</wp:postmeta>
		<wp:postmeta>
			<wp:meta_key><![CDATA[_vc_post_settings]]></wp:meta_key>
			<wp:meta_value><![CDATA[a:1:{s:10:"vc_grid_id";a:0:{}}]]></wp:meta_value>
		</wp:postmeta>
		<wp:postmeta>
			<wp:meta_key><![CDATA[_recommended]]></wp:meta_key>
			<wp:meta_value><![CDATA[0]]></wp:meta_value>
		</wp:postmeta>
	</item>
	<item>
		<title>Disclosure - You &amp; Me</title>
		<link>http://themes.pixelwars.org/life/portfolio/disclosure-you-me/</link>
		<pubDate>Thu, 23 Feb 2017 09:11:15 +0000</pubDate>
		<dc:creator><![CDATA[pixelwars]]></dc:creator>
		<guid isPermaLink="false">http://themes.pixelwars.org/theblogger/default/?post_type=portfolio&#038;p=367</guid>
		<description></description>
		<content:encoded><![CDATA[My official remix for @<a class="g-link-user" href="https://soundcloud.com/Disclosuremusic">Disclosuremusic</a> "You &amp; Me"

Get this in VINYL: smarturl.it/SpaceCadetBundle]]></content:encoded>
		<excerpt:encoded><![CDATA[Flume]]></excerpt:encoded>
		<wp:post_id>367</wp:post_id>
		<wp:post_date><![CDATA[2017-02-23 09:11:15]]></wp:post_date>
		<wp:post_date_gmt><![CDATA[2017-02-23 09:11:15]]></wp:post_date_gmt>
		<wp:comment_status><![CDATA[open]]></wp:comment_status>
		<wp:ping_status><![CDATA[closed]]></wp:ping_status>
		<wp:post_name><![CDATA[disclosure-you-me]]></wp:post_name>
		<wp:status><![CDATA[publish]]></wp:status>
		<wp:post_parent>0</wp:post_parent>
		<wp:menu_order>0</wp:menu_order>
		<wp:post_type><![CDATA[portfolio]]></wp:post_type>
		<wp:post_password><![CDATA[]]></wp:post_password>
		<wp:is_sticky>0</wp:is_sticky>
		<category domain="portfolio-category" nicename="music"><![CDATA[Music]]></category>
		<wp:postmeta>
			<wp:meta_key><![CDATA[inline_featured_image]]></wp:meta_key>
			<wp:meta_value><![CDATA[0]]></wp:meta_value>
		</wp:postmeta>
		<wp:postmeta>
			<wp:meta_key><![CDATA[_vc_post_settings]]></wp:meta_key>
			<wp:meta_value><![CDATA[a:1:{s:10:"vc_grid_id";a:0:{}}]]></wp:meta_value>
		</wp:postmeta>
		<wp:postmeta>
			<wp:meta_key><![CDATA[_thumbnail_id]]></wp:meta_key>
			<wp:meta_value><![CDATA[1978]]></wp:meta_value>
		</wp:postmeta>
		<wp:postmeta>
			<wp:meta_key><![CDATA[_edit_last]]></wp:meta_key>
			<wp:meta_value><![CDATA[1]]></wp:meta_value>
		</wp:postmeta>
		<wp:postmeta>
			<wp:meta_key><![CDATA[inline_featured_image]]></wp:meta_key>
			<wp:meta_value><![CDATA[0]]></wp:meta_value>
		</wp:postmeta>
		<wp:postmeta>
			<wp:meta_key><![CDATA[_wpb_vc_js_status]]></wp:meta_key>
			<wp:meta_value><![CDATA[false]]></wp:meta_value>
		</wp:postmeta>
		<wp:postmeta>
			<wp:meta_key><![CDATA[_vc_post_settings]]></wp:meta_key>
			<wp:meta_value><![CDATA[a:1:{s:10:"vc_grid_id";a:0:{}}]]></wp:meta_value>
		</wp:postmeta>
		<wp:postmeta>
			<wp:meta_key><![CDATA[_recommended]]></wp:meta_key>
			<wp:meta_value><![CDATA[0]]></wp:meta_value>
		</wp:postmeta>
	</item>
	<item>
		<title>Changes</title>
		<link>http://themes.pixelwars.org/life/portfolio/changes/</link>
		<pubDate>Thu, 23 Feb 2017 09:14:03 +0000</pubDate>
		<dc:creator><![CDATA[pixelwars]]></dc:creator>
		<guid isPermaLink="false">http://themes.pixelwars.org/theblogger/default/?post_type=portfolio&#038;p=369</guid>
		<description></description>
		<content:encoded><![CDATA[They might make me take this down but u need to hear this. i love u.

alone together coming soon.

Produced by Michael Keenan]]></content:encoded>
		<excerpt:encoded><![CDATA[Skizzy Mars]]></excerpt:encoded>
		<wp:post_id>369</wp:post_id>
		<wp:post_date><![CDATA[2017-02-23 09:14:03]]></wp:post_date>
		<wp:post_date_gmt><![CDATA[2017-02-23 09:14:03]]></wp:post_date_gmt>
		<wp:comment_status><![CDATA[open]]></wp:comment_status>
		<wp:ping_status><![CDATA[closed]]></wp:ping_status>
		<wp:post_name><![CDATA[changes]]></wp:post_name>
		<wp:status><![CDATA[publish]]></wp:status>
		<wp:post_parent>0</wp:post_parent>
		<wp:menu_order>0</wp:menu_order>
		<wp:post_type><![CDATA[portfolio]]></wp:post_type>
		<wp:post_password><![CDATA[]]></wp:post_password>
		<wp:is_sticky>0</wp:is_sticky>
		<category domain="portfolio-category" nicename="music"><![CDATA[Music]]></category>
		<wp:postmeta>
			<wp:meta_key><![CDATA[inline_featured_image]]></wp:meta_key>
			<wp:meta_value><![CDATA[0]]></wp:meta_value>
		</wp:postmeta>
		<wp:postmeta>
			<wp:meta_key><![CDATA[_vc_post_settings]]></wp:meta_key>
			<wp:meta_value><![CDATA[a:1:{s:10:"vc_grid_id";a:0:{}}]]></wp:meta_value>
		</wp:postmeta>
		<wp:postmeta>
			<wp:meta_key><![CDATA[_thumbnail_id]]></wp:meta_key>
			<wp:meta_value><![CDATA[1977]]></wp:meta_value>
		</wp:postmeta>
		<wp:postmeta>
			<wp:meta_key><![CDATA[_recommended]]></wp:meta_key>
			<wp:meta_value><![CDATA[0]]></wp:meta_value>
		</wp:postmeta>
		<wp:postmeta>
			<wp:meta_key><![CDATA[_edit_last]]></wp:meta_key>
			<wp:meta_value><![CDATA[1]]></wp:meta_value>
		</wp:postmeta>
		<wp:postmeta>
			<wp:meta_key><![CDATA[inline_featured_image]]></wp:meta_key>
			<wp:meta_value><![CDATA[0]]></wp:meta_value>
		</wp:postmeta>
		<wp:postmeta>
			<wp:meta_key><![CDATA[_wpb_vc_js_status]]></wp:meta_key>
			<wp:meta_value><![CDATA[false]]></wp:meta_value>
		</wp:postmeta>
		<wp:postmeta>
			<wp:meta_key><![CDATA[_vc_post_settings]]></wp:meta_key>
			<wp:meta_value><![CDATA[a:1:{s:10:"vc_grid_id";a:0:{}}]]></wp:meta_value>
		</wp:postmeta>
	</item>
	<item>
		<title>Collapse</title>
		<link>http://themes.pixelwars.org/life/portfolio/collapse/</link>
		<pubDate>Thu, 23 Feb 2017 09:16:44 +0000</pubDate>
		<dc:creator><![CDATA[pixelwars]]></dc:creator>
		<guid isPermaLink="false">http://themes.pixelwars.org/theblogger/default/?post_type=portfolio&#038;p=371</guid>
		<description></description>
		<content:encoded><![CDATA[Experimental short film.
Design and animation: Selfburning.
Sound design: CypherAudio]]></content:encoded>
		<excerpt:encoded><![CDATA[from Selfburning]]></excerpt:encoded>
		<wp:post_id>371</wp:post_id>
		<wp:post_date><![CDATA[2017-02-23 09:16:44]]></wp:post_date>
		<wp:post_date_gmt><![CDATA[2017-02-23 09:16:44]]></wp:post_date_gmt>
		<wp:comment_status><![CDATA[open]]></wp:comment_status>
		<wp:ping_status><![CDATA[closed]]></wp:ping_status>
		<wp:post_name><![CDATA[collapse]]></wp:post_name>
		<wp:status><![CDATA[publish]]></wp:status>
		<wp:post_parent>0</wp:post_parent>
		<wp:menu_order>0</wp:menu_order>
		<wp:post_type><![CDATA[portfolio]]></wp:post_type>
		<wp:post_password><![CDATA[]]></wp:post_password>
		<wp:is_sticky>0</wp:is_sticky>
		<category domain="portfolio-category" nicename="movie"><![CDATA[Movie]]></category>
		<wp:postmeta>
			<wp:meta_key><![CDATA[inline_featured_image]]></wp:meta_key>
			<wp:meta_value><![CDATA[0]]></wp:meta_value>
		</wp:postmeta>
		<wp:postmeta>
			<wp:meta_key><![CDATA[_vc_post_settings]]></wp:meta_key>
			<wp:meta_value><![CDATA[a:1:{s:10:"vc_grid_id";a:0:{}}]]></wp:meta_value>
		</wp:postmeta>
		<wp:postmeta>
			<wp:meta_key><![CDATA[_thumbnail_id]]></wp:meta_key>
			<wp:meta_value><![CDATA[2171]]></wp:meta_value>
		</wp:postmeta>
		<wp:postmeta>
			<wp:meta_key><![CDATA[_edit_last]]></wp:meta_key>
			<wp:meta_value><![CDATA[1]]></wp:meta_value>
		</wp:postmeta>
		<wp:postmeta>
			<wp:meta_key><![CDATA[_wp_old_slug]]></wp:meta_key>
			<wp:meta_value><![CDATA[makeba-jain]]></wp:meta_value>
		</wp:postmeta>
		<wp:postmeta>
			<wp:meta_key><![CDATA[inline_featured_image]]></wp:meta_key>
			<wp:meta_value><![CDATA[0]]></wp:meta_value>
		</wp:postmeta>
		<wp:postmeta>
			<wp:meta_key><![CDATA[_wpb_vc_js_status]]></wp:meta_key>
			<wp:meta_value><![CDATA[false]]></wp:meta_value>
		</wp:postmeta>
		<wp:postmeta>
			<wp:meta_key><![CDATA[_vc_post_settings]]></wp:meta_key>
			<wp:meta_value><![CDATA[a:1:{s:10:"vc_grid_id";a:0:{}}]]></wp:meta_value>
		</wp:postmeta>
		<wp:postmeta>
			<wp:meta_key><![CDATA[_recommended]]></wp:meta_key>
			<wp:meta_value><![CDATA[0]]></wp:meta_value>
		</wp:postmeta>
	</item>
	<item>
		<title>Artwork : Early 2017</title>
		<link>http://themes.pixelwars.org/life/portfolio/artwork-early-2017/</link>
		<pubDate>Thu, 23 Feb 2017 09:19:02 +0000</pubDate>
		<dc:creator><![CDATA[pixelwars]]></dc:creator>
		<guid isPermaLink="false">http://themes.pixelwars.org/theblogger/default/?post_type=portfolio&#038;p=373</guid>
		<description></description>
		<content:encoded><![CDATA[NEOW MDSKB : ART WORK : EARLY 2017]]></content:encoded>
		<excerpt:encoded><![CDATA[Neow Goddown]]></excerpt:encoded>
		<wp:post_id>373</wp:post_id>
		<wp:post_date><![CDATA[2017-02-23 09:19:02]]></wp:post_date>
		<wp:post_date_gmt><![CDATA[2017-02-23 09:19:02]]></wp:post_date_gmt>
		<wp:comment_status><![CDATA[open]]></wp:comment_status>
		<wp:ping_status><![CDATA[closed]]></wp:ping_status>
		<wp:post_name><![CDATA[artwork-early-2017]]></wp:post_name>
		<wp:status><![CDATA[publish]]></wp:status>
		<wp:post_parent>0</wp:post_parent>
		<wp:menu_order>0</wp:menu_order>
		<wp:post_type><![CDATA[portfolio]]></wp:post_type>
		<wp:post_password><![CDATA[]]></wp:post_password>
		<wp:is_sticky>0</wp:is_sticky>
		<category domain="portfolio-category" nicename="design"><![CDATA[Design]]></category>
		<wp:postmeta>
			<wp:meta_key><![CDATA[inline_featured_image]]></wp:meta_key>
			<wp:meta_value><![CDATA[0]]></wp:meta_value>
		</wp:postmeta>
		<wp:postmeta>
			<wp:meta_key><![CDATA[_vc_post_settings]]></wp:meta_key>
			<wp:meta_value><![CDATA[a:1:{s:10:"vc_grid_id";a:0:{}}]]></wp:meta_value>
		</wp:postmeta>
		<wp:postmeta>
			<wp:meta_key><![CDATA[_recommended]]></wp:meta_key>
			<wp:meta_value><![CDATA[0]]></wp:meta_value>
		</wp:postmeta>
		<wp:postmeta>
			<wp:meta_key><![CDATA[inline_featured_image]]></wp:meta_key>
			<wp:meta_value><![CDATA[0]]></wp:meta_value>
		</wp:postmeta>
		<wp:postmeta>
			<wp:meta_key><![CDATA[_edit_last]]></wp:meta_key>
			<wp:meta_value><![CDATA[1]]></wp:meta_value>
		</wp:postmeta>
		<wp:postmeta>
			<wp:meta_key><![CDATA[_thumbnail_id]]></wp:meta_key>
			<wp:meta_value><![CDATA[2169]]></wp:meta_value>
		</wp:postmeta>
		<wp:postmeta>
			<wp:meta_key><![CDATA[_wpb_vc_js_status]]></wp:meta_key>
			<wp:meta_value><![CDATA[false]]></wp:meta_value>
		</wp:postmeta>
		<wp:postmeta>
			<wp:meta_key><![CDATA[_vc_post_settings]]></wp:meta_key>
			<wp:meta_value><![CDATA[a:1:{s:10:"vc_grid_id";a:0:{}}]]></wp:meta_value>
		</wp:postmeta>
		<wp:postmeta>
			<wp:meta_key><![CDATA[_wp_old_slug]]></wp:meta_key>
			<wp:meta_value><![CDATA[the-kitchens]]></wp:meta_value>
		</wp:postmeta>
	</item>
	<item>
		<title>Portraits</title>
		<link>http://themes.pixelwars.org/life/portfolio/portarits/</link>
		<pubDate>Thu, 23 Feb 2017 11:23:07 +0000</pubDate>
		<dc:creator><![CDATA[pixelwars]]></dc:creator>
		<guid isPermaLink="false">http://themes.pixelwars.org/theblogger/default/?post_type=portfolio&#038;p=375</guid>
		<description></description>
		<content:encoded><![CDATA[[gallery link="file" size="large" ids="2294,2293,2296,2292,2295"]]]></content:encoded>
		<excerpt:encoded><![CDATA[Mercedes deBellard]]></excerpt:encoded>
		<wp:post_id>375</wp:post_id>
		<wp:post_date><![CDATA[2017-02-23 11:23:07]]></wp:post_date>
		<wp:post_date_gmt><![CDATA[2017-02-23 11:23:07]]></wp:post_date_gmt>
		<wp:comment_status><![CDATA[open]]></wp:comment_status>
		<wp:ping_status><![CDATA[closed]]></wp:ping_status>
		<wp:post_name><![CDATA[portarits]]></wp:post_name>
		<wp:status><![CDATA[publish]]></wp:status>
		<wp:post_parent>0</wp:post_parent>
		<wp:menu_order>0</wp:menu_order>
		<wp:post_type><![CDATA[portfolio]]></wp:post_type>
		<wp:post_password><![CDATA[]]></wp:post_password>
		<wp:is_sticky>0</wp:is_sticky>
		<category domain="portfolio-category" nicename="design"><![CDATA[Design]]></category>
		<wp:postmeta>
			<wp:meta_key><![CDATA[inline_featured_image]]></wp:meta_key>
			<wp:meta_value><![CDATA[0]]></wp:meta_value>
		</wp:postmeta>
		<wp:postmeta>
			<wp:meta_key><![CDATA[_vc_post_settings]]></wp:meta_key>
			<wp:meta_value><![CDATA[a:1:{s:10:"vc_grid_id";a:0:{}}]]></wp:meta_value>
		</wp:postmeta>
		<wp:postmeta>
			<wp:meta_key><![CDATA[_thumbnail_id]]></wp:meta_key>
			<wp:meta_value><![CDATA[2294]]></wp:meta_value>
		</wp:postmeta>
		<wp:postmeta>
			<wp:meta_key><![CDATA[_recommended]]></wp:meta_key>
			<wp:meta_value><![CDATA[0]]></wp:meta_value>
		</wp:postmeta>
		<wp:postmeta>
			<wp:meta_key><![CDATA[inline_featured_image]]></wp:meta_key>
			<wp:meta_value><![CDATA[0]]></wp:meta_value>
		</wp:postmeta>
		<wp:postmeta>
			<wp:meta_key><![CDATA[_edit_last]]></wp:meta_key>
			<wp:meta_value><![CDATA[1]]></wp:meta_value>
		</wp:postmeta>
		<wp:postmeta>
			<wp:meta_key><![CDATA[_wpb_vc_js_status]]></wp:meta_key>
			<wp:meta_value><![CDATA[false]]></wp:meta_value>
		</wp:postmeta>
		<wp:postmeta>
			<wp:meta_key><![CDATA[_vc_post_settings]]></wp:meta_key>
			<wp:meta_value><![CDATA[a:1:{s:10:"vc_grid_id";a:0:{}}]]></wp:meta_value>
		</wp:postmeta>
		<wp:postmeta>
			<wp:meta_key><![CDATA[_wp_old_slug]]></wp:meta_key>
			<wp:meta_value><![CDATA[various-illustrations-2016]]></wp:meta_value>
		</wp:postmeta>
	</item>
	<item>
		<title>Fruit Snacks</title>
		<link>http://themes.pixelwars.org/life/portfolio/branding-exploration/</link>
		<pubDate>Thu, 23 Feb 2017 11:37:30 +0000</pubDate>
		<dc:creator><![CDATA[pixelwars]]></dc:creator>
		<guid isPermaLink="false">http://themes.pixelwars.org/theblogger/default/?post_type=portfolio&#038;p=380</guid>
		<description></description>
		<content:encoded><![CDATA[<p class="first">An experimental project based on my collage artworks.you can see more on brittle.gr</p>
The song is Lalu Lalu by Niobe.]]></content:encoded>
		<excerpt:encoded><![CDATA[Daniel Oeffinger]]></excerpt:encoded>
		<wp:post_id>380</wp:post_id>
		<wp:post_date><![CDATA[2017-02-23 11:37:30]]></wp:post_date>
		<wp:post_date_gmt><![CDATA[2017-02-23 11:37:30]]></wp:post_date_gmt>
		<wp:comment_status><![CDATA[open]]></wp:comment_status>
		<wp:ping_status><![CDATA[closed]]></wp:ping_status>
		<wp:post_name><![CDATA[branding-exploration]]></wp:post_name>
		<wp:status><![CDATA[publish]]></wp:status>
		<wp:post_parent>0</wp:post_parent>
		<wp:menu_order>0</wp:menu_order>
		<wp:post_type><![CDATA[portfolio]]></wp:post_type>
		<wp:post_password><![CDATA[]]></wp:post_password>
		<wp:is_sticky>0</wp:is_sticky>
		<category domain="portfolio-category" nicename="movie"><![CDATA[Movie]]></category>
		<wp:postmeta>
			<wp:meta_key><![CDATA[inline_featured_image]]></wp:meta_key>
			<wp:meta_value><![CDATA[0]]></wp:meta_value>
		</wp:postmeta>
		<wp:postmeta>
			<wp:meta_key><![CDATA[_vc_post_settings]]></wp:meta_key>
			<wp:meta_value><![CDATA[a:1:{s:10:"vc_grid_id";a:0:{}}]]></wp:meta_value>
		</wp:postmeta>
		<wp:postmeta>
			<wp:meta_key><![CDATA[_recommended]]></wp:meta_key>
			<wp:meta_value><![CDATA[0]]></wp:meta_value>
		</wp:postmeta>
		<wp:postmeta>
			<wp:meta_key><![CDATA[inline_featured_image]]></wp:meta_key>
			<wp:meta_value><![CDATA[0]]></wp:meta_value>
		</wp:postmeta>
		<wp:postmeta>
			<wp:meta_key><![CDATA[_edit_last]]></wp:meta_key>
			<wp:meta_value><![CDATA[1]]></wp:meta_value>
		</wp:postmeta>
		<wp:postmeta>
			<wp:meta_key><![CDATA[_wpb_vc_js_status]]></wp:meta_key>
			<wp:meta_value><![CDATA[false]]></wp:meta_value>
		</wp:postmeta>
		<wp:postmeta>
			<wp:meta_key><![CDATA[_vc_post_settings]]></wp:meta_key>
			<wp:meta_value><![CDATA[a:1:{s:10:"vc_grid_id";a:0:{}}]]></wp:meta_value>
		</wp:postmeta>
		<wp:postmeta>
			<wp:meta_key><![CDATA[_thumbnail_id]]></wp:meta_key>
			<wp:meta_value><![CDATA[2304]]></wp:meta_value>
		</wp:postmeta>
	</item>
</channel>
</rss>
