<?xml version="1.0" encoding="UTF-8" ?>
<!-- This is a WordPress eXtended RSS file generated by WordPress as an export of your site. -->
<!-- It contains information about your site's posts, pages, comments, categories, and other content. -->
<!-- You may use this file to transfer that content from one site to another. -->
<!-- This file is not intended to serve as a complete backup of your site. -->

<!-- To import this information into a WordPress site follow these steps: -->
<!-- 1. Log in to that site as an administrator. -->
<!-- 2. Go to Tools: Import in the WordPress admin panel. -->
<!-- 3. Install the "WordPress" importer from the list. -->
<!-- 4. Activate & Run Importer. -->
<!-- 5. Upload this file using the form provided on that page. -->
<!-- 6. You will first be asked to map the authors in this export file to users -->
<!--    on the site. For each author, you may choose to map to an -->
<!--    existing user on the site or to create a new user. -->
<!-- 7. WordPress will then import each of the posts, pages, comments, categories, etc. -->
<!--    contained in this file into your site. -->

<!-- generator="WordPress/4.9.7" created="2018-07-21 03:26" -->
<rss version="2.0"
	xmlns:excerpt="http://wordpress.org/export/1.2/excerpt/"
	xmlns:content="http://purl.org/rss/1.0/modules/content/"
	xmlns:wfw="http://wellformedweb.org/CommentAPI/"
	xmlns:dc="http://purl.org/dc/elements/1.1/"
	xmlns:wp="http://wordpress.org/export/1.2/"
>

<channel>
	<title>Devita Pet Market</title>
	<link>http://demo.roadthemes.com/devita/petmarket</link>
	<description>Just another WordPress site</description>
	<pubDate>Sat, 21 Jul 2018 03:26:32 +0000</pubDate>
	<language>en-US</language>
	<wp:wxr_version>1.2</wp:wxr_version>
	<wp:base_site_url>http://demo.roadthemes.com/devita/petmarket</wp:base_site_url>
	<wp:base_blog_url>http://demo.roadthemes.com/devita/petmarket</wp:base_blog_url>

	<wp:author><wp:author_id>1</wp:author_id><wp:author_login><![CDATA[admin]]></wp:author_login><wp:author_email><![CDATA[demo@roadthemes.com]]></wp:author_email><wp:author_display_name><![CDATA[admin]]></wp:author_display_name><wp:author_first_name><![CDATA[]]></wp:author_first_name><wp:author_last_name><![CDATA[]]></wp:author_last_name></wp:author>


	<generator>https://wordpress.org/?v=4.9.7</generator>

	<item>
		<title>PetMarket Home 1</title>
		<link>http://demo.roadthemes.com/devita/petmarket/</link>
		<pubDate>Fri, 20 Jul 2018 07:28:09 +0000</pubDate>
		<dc:creator><![CDATA[admin]]></dc:creator>
		<guid isPermaLink="false">http://demo.roadthemes.com/devita/petmarket/?page_id=9628</guid>
		<description></description>
		<content:encoded><![CDATA[<p>[vc_row el_class="home-slider full-width" css=".vc_custom_1525941583913{margin-bottom: 30px !important;}"][vc_column][rev_slider_vc alias="home_slider_1"][/vc_column][/vc_row][vc_row el_class="home-static-1"][vc_column width="1/3" el_class="box box1"][vc_single_image image="9638" img_size="full" onclick="custom_link" el_class="box-inner" css=".vc_custom_1532073874009{margin-bottom: 0px !important;}" link="http://demo.roadthemes.com/devita/petmarket/shop/"][/vc_column][vc_column width="1/3" el_class="box box2"][vc_single_image image="9638" img_size="full" onclick="custom_link" el_class="box-inner" css=".vc_custom_1532073885227{margin-bottom: 0px !important;}" link="http://demo.roadthemes.com/devita/petmarket/shop/"][/vc_column][vc_column width="1/3" el_class="box box3"][vc_single_image image="9638" img_size="full" onclick="custom_link" el_class="box-inner" css=".vc_custom_1532073894879{margin-bottom: 0px !important;}" link="http://demo.roadthemes.com/devita/petmarket/shop/"][/vc_column][/vc_row][vc_row el_class="products-carousel"][vc_column][vc_column_text el_class="title1"]</p>
<h3>Featured Products</h3>
<p>[/vc_column_text][featured_products_r per_page="6" columns="1" orderby="" order="" enable_slider="true" items="5" item_desktop="4" item_small="3" item_tablet="2" item_mobile="1" navigation="1" pagination="" speed="500" loop="true" effect="fade"][/vc_column][/vc_row][vc_row el_class="testimonials-container" css=".vc_custom_1532073589638{margin-bottom: 0px !important;background: #243141 url(http://roadthemes.com/api/devita/uploads/2018/07/pet_img4.jpg?id=9640) !important;background-position: center !important;background-repeat: no-repeat !important;background-size: cover !important;}"][vc_column el_class="col-md-7 offset-md-5"][woothemes_testimonials limit="3" display_url="false"][/vc_column][/vc_row][vc_row el_class="box-bg products-style2 layout2" css=".vc_custom_1526436474980{padding-top: 65px !important;padding-bottom: 65px !important;background-color: #f8f9f9 !important;}"][vc_column][vc_column_text el_class="title1"]</p>
<h3>Best Selling Products</h3>
<p>[/vc_column_text][vc_column_text el_class="category-links"]</p>
<ul>
<li><a href="#">Smart Phones &amp; Tablets</a></li>
<li><a href="#">Laptops &amp; Computers</a></li>
<li><a href="#">Video Cameras</a></li>
</ul>
<p>[/vc_column_text][/vc_column][vc_column width="2/3" el_class="special-product"][list_products_r per_page="1" columns="1" orderby="" order="" enable_slider="" items="5" item_desktop="4" item_small="3" item_tablet="2" item_mobile="1" navigation="" pagination="" speed="500" effect="" ids="8285"][/vc_column][vc_column width="1/3"][bestselling_products_r per_page="2" columns="2" enable_slider="" items="5" item_desktop="4" item_small="3" item_tablet="2" item_mobile="1" navigation="" pagination="" speed="500" effect=""][/vc_column][/vc_row][vc_row el_class="products-carousel"][vc_column][vc_column_text el_class="title1"]</p>
<h3>On Sale Products</h3>
<p>[/vc_column_text][sale_products_r per_page="6" columns="1" orderby="" order="" enable_slider="true" items="5" item_desktop="4" item_small="3" item_tablet="2" item_mobile="1" navigation="1" pagination="" speed="500" effect=""][/vc_column][/vc_row][vc_row el_class="latest-posts style3"][vc_column el_class="box"][vc_column_text el_class="title1"]</p>
<h3>From Our Blog</h3>
<p>[/vc_column_text][latestposts colsnumber="1" enable_slider="true" items="3" item_desktop="3" item_small="2" item_tablet="2" item_mobile="1" navigation="1" pagination="" speed="500" effect=""][/vc_column][/vc_row]</p>
]]></content:encoded>
		<excerpt:encoded><![CDATA[]]></excerpt:encoded>
		<wp:post_id>9628</wp:post_id>
		<wp:post_date><![CDATA[2018-07-20 07:28:09]]></wp:post_date>
		<wp:post_date_gmt><![CDATA[2018-07-20 07:28:09]]></wp:post_date_gmt>
		<wp:comment_status><![CDATA[closed]]></wp:comment_status>
		<wp:ping_status><![CDATA[closed]]></wp:ping_status>
		<wp:post_name><![CDATA[petmarket-home-1]]></wp:post_name>
		<wp:status><![CDATA[publish]]></wp:status>
		<wp:post_parent>0</wp:post_parent>
		<wp:menu_order>0</wp:menu_order>
		<wp:post_type><![CDATA[page]]></wp:post_type>
		<wp:post_password><![CDATA[]]></wp:post_password>
		<wp:is_sticky>0</wp:is_sticky>
		<wp:postmeta>
			<wp:meta_key><![CDATA[_vc_post_settings]]></wp:meta_key>
			<wp:meta_value><![CDATA[a:1:{s:10:"vc_grid_id";a:0:{}}]]></wp:meta_value>
		</wp:postmeta>
		<wp:postmeta>
			<wp:meta_key><![CDATA[_edit_last]]></wp:meta_key>
			<wp:meta_value><![CDATA[1]]></wp:meta_value>
		</wp:postmeta>
		<wp:postmeta>
			<wp:meta_key><![CDATA[_wp_page_template]]></wp:meta_key>
			<wp:meta_value><![CDATA[page-templates/front-page.php]]></wp:meta_value>
		</wp:postmeta>
		<wp:postmeta>
			<wp:meta_key><![CDATA[slide_template]]></wp:meta_key>
			<wp:meta_value><![CDATA[default]]></wp:meta_value>
		</wp:postmeta>
		<wp:postmeta>
			<wp:meta_key><![CDATA[_devita_post_intro]]></wp:meta_key>
			<wp:meta_value><![CDATA[]]></wp:meta_value>
		</wp:postmeta>
		<wp:postmeta>
			<wp:meta_key><![CDATA[_devita_custom_sidebar]]></wp:meta_key>
			<wp:meta_value><![CDATA[]]></wp:meta_value>
		</wp:postmeta>
		<wp:postmeta>
			<wp:meta_key><![CDATA[_devita_custom_sidebar_pos]]></wp:meta_key>
			<wp:meta_value><![CDATA[left]]></wp:meta_value>
		</wp:postmeta>
		<wp:postmeta>
			<wp:meta_key><![CDATA[_wpb_vc_js_status]]></wp:meta_key>
			<wp:meta_value><![CDATA[true]]></wp:meta_value>
		</wp:postmeta>
		<wp:postmeta>
			<wp:meta_key><![CDATA[_wpb_shortcodes_custom_css]]></wp:meta_key>
			<wp:meta_value><![CDATA[.vc_custom_1525941583913{margin-bottom: 30px !important;}.vc_custom_1532073589638{margin-bottom: 0px !important;background: #243141 url(http://roadthemes.com/api/devita/uploads/2018/07/pet_img4.jpg?id=9640) !important;background-position: center !important;background-repeat: no-repeat !important;background-size: cover !important;}.vc_custom_1526436474980{padding-top: 65px !important;padding-bottom: 65px !important;background-color: #f8f9f9 !important;}.vc_custom_1532073874009{margin-bottom: 0px !important;}.vc_custom_1532073885227{margin-bottom: 0px !important;}.vc_custom_1532073894879{margin-bottom: 0px !important;}]]></wp:meta_value>
		</wp:postmeta>
	</item>
	<item>
		<title>Header PetMarket 1</title>
		<link>http://demo.roadthemes.com/devita/petmarket/templatera/header-petmarket-1/</link>
		<pubDate>Fri, 20 Jul 2018 07:30:56 +0000</pubDate>
		<dc:creator><![CDATA[admin]]></dc:creator>
		<guid isPermaLink="false">http://demo.roadthemes.com/devita/petmarket/?post_type=templatera&#038;p=9630</guid>
		<description></description>
		<content:encoded><![CDATA[[vc_row el_class="top-bar"][vc_column width="1/2" el_class="language-area"][vc_wp_custommenu title="Language:" nav_menu="48" el_class="language switcher"][vc_wp_custommenu title="Currency:" nav_menu="47" el_class="currency switcher"][/vc_column][vc_column width="1/2"][vc_wp_custommenu nav_menu="46" el_class="top-menu"][/vc_column][/vc_row][vc_row el_class="header-middle" css=".vc_custom_1532072616252{background-color: #873964 !important;}"][vc_column width="1/4"][vc_single_image image="9618" img_size="full" onclick="custom_link" el_class="logo" link="http://demo.roadthemes.com/devita/petmarket/"][/vc_column][vc_column width="3/4"][vc_row_inner el_class="header-inner-content" css=".vc_custom_1523073138462{margin-right: -15px !important;margin-left: -15px !important;}"][vc_column_inner width="5/12"][vc_column_text el_class="header-phone"]
<div class="image"><img class="alignnone size-full wp-image-9620" src="http://roadthemes.com/api/devita/uploads/2018/04/headphone_icon.png" alt="" width="32" height="32" /></div>
<div class="text">

Call us

Free Support: (012) 800 456 789

</div>
[/vc_column_text][/vc_column_inner][vc_column_inner width="5/12"][roadproductssearch][/vc_column_inner][vc_column_inner width="1/6"][roadminicart][/vc_column_inner][/vc_row_inner][/vc_column][/vc_row][vc_row el_class="header-bottom" css=".vc_custom_1525857033504{background-color: #ffffff !important;}"][vc_column][roadmainmenu][/vc_column][/vc_row]]]></content:encoded>
		<excerpt:encoded><![CDATA[]]></excerpt:encoded>
		<wp:post_id>9630</wp:post_id>
		<wp:post_date><![CDATA[2018-07-20 07:30:56]]></wp:post_date>
		<wp:post_date_gmt><![CDATA[2018-07-20 07:30:56]]></wp:post_date_gmt>
		<wp:comment_status><![CDATA[closed]]></wp:comment_status>
		<wp:ping_status><![CDATA[closed]]></wp:ping_status>
		<wp:post_name><![CDATA[header-petmarket-1]]></wp:post_name>
		<wp:status><![CDATA[publish]]></wp:status>
		<wp:post_parent>0</wp:post_parent>
		<wp:menu_order>0</wp:menu_order>
		<wp:post_type><![CDATA[templatera]]></wp:post_type>
		<wp:post_password><![CDATA[]]></wp:post_password>
		<wp:is_sticky>0</wp:is_sticky>
		<wp:postmeta>
			<wp:meta_key><![CDATA[_vc_post_settings]]></wp:meta_key>
			<wp:meta_value><![CDATA[a:1:{s:10:"vc_grid_id";a:0:{}}]]></wp:meta_value>
		</wp:postmeta>
		<wp:postmeta>
			<wp:meta_key><![CDATA[_edit_last]]></wp:meta_key>
			<wp:meta_value><![CDATA[1]]></wp:meta_value>
		</wp:postmeta>
		<wp:postmeta>
			<wp:meta_key><![CDATA[slide_template]]></wp:meta_key>
			<wp:meta_value><![CDATA[default]]></wp:meta_value>
		</wp:postmeta>
		<wp:postmeta>
			<wp:meta_key><![CDATA[_wpb_vc_js_status]]></wp:meta_key>
			<wp:meta_value><![CDATA[false]]></wp:meta_value>
		</wp:postmeta>
		<wp:postmeta>
			<wp:meta_key><![CDATA[_wpb_shortcodes_custom_css]]></wp:meta_key>
			<wp:meta_value><![CDATA[.vc_custom_1532072616252{background-color: #873964 !important;}.vc_custom_1525857033504{background-color: #ffffff !important;}.vc_custom_1523073138462{margin-right: -15px !important;margin-left: -15px !important;}]]></wp:meta_value>
		</wp:postmeta>
	</item>
	<item>
		<title>Footer PetMarket 1</title>
		<link>http://demo.roadthemes.com/devita/petmarket/templatera/footer-petmarket-1/</link>
		<pubDate>Fri, 20 Jul 2018 07:32:11 +0000</pubDate>
		<dc:creator><![CDATA[admin]]></dc:creator>
		<guid isPermaLink="false">http://demo.roadthemes.com/devita/petmarket/?post_type=templatera&#038;p=9631</guid>
		<description></description>
		<content:encoded><![CDATA[<p>[vc_row el_class="brands-logo" css=".vc_custom_1532073219474{padding-top: 30px !important;padding-bottom: 30px !important;background-color: #ffffff !important;}"][vc_column][ourbrands enable_slider="true" items="5" item_desktop="4" item_small="3" item_tablet="2" item_mobile="1" navigation="" pagination="" speed="500" effect=""][/vc_column][/vc_row][vc_row el_class="footer-top"][vc_column width="1/3" el_class="f-col"][vc_column_text el_class="footer-title"]</p>
<h3>About Us</h3>
<p>[/vc_column_text][vc_column_text el_class="footer-content about-us"]We are a team of designers and developers that create high quality Magento, Prestashop, Opencart [...].</p>
<div class="address">Address: 123 Main Street, Anytown, CA 12345 - USA.<br />
Telephone Enquiry: (012) 800 456 789-987<br />
Email: Contact@plazathemes.com</div>
<div class="social-icons">
<ul>
<li class="facebook"><a title="facebook" href="#"><i class="icon-facebook"></i>face</a></li>
<li class="twitter"><a title="twitter" href="#"><i class="icon-twitter2"></i>twitter</a></li>
<li class="instagram"><a title="instagram" href="#"><i class="icon-instagram2"></i>instagram</a></li>
<li class="google"><a title="google" href="#"><i class="icon-google"></i>google</a></li>
<li class="rss"><a title="rss" href="#"><i class="icon-rss"></i>rss</a></li>
<li class="dribbble"><a title="dribbble" href="#"><i class="icon-dribbble"></i>dribbble</a></li>
</ul>
</div>
<p>[/vc_column_text][/vc_column][vc_column width="1/6" el_class="f-col"][vc_column_text el_class="footer-title"]</p>
<h3>Information</h3>
<p>[/vc_column_text][vc_wp_custommenu nav_menu="49" el_class="footer-content"][/vc_column][vc_column width="1/6" el_class="f-col"][vc_column_text el_class="footer-title"]</p>
<h3>My Account</h3>
<p>[/vc_column_text][vc_wp_custommenu nav_menu="50" el_class="footer-content"][/vc_column][vc_column width="1/3" el_class="f-col"][vc_column_text el_class="footer-title"]</p>
<h3>Join Our Newsletter Now</h3>
<p>[/vc_column_text][vc_column_text el_class="footer-content newsletter"]Get E-mail updates about our latest shop and special offers.<br />
[mc4wp_form id="9116"][/vc_column_text][/vc_column][/vc_row][vc_row el_class="footer-middle"][vc_column][vc_wp_custommenu nav_menu="51" el_class="footer-menu-links"][vc_wp_custommenu nav_menu="52" el_class="footer-menu-links"][vc_single_image image="9306" img_size="full" alignment="center" el_class="payment"][/vc_column][/vc_row][vc_row el_class="footer-bottom" css=".vc_custom_1532073173988{background-color: #ffffff !important;}"][vc_column][vc_column_text el_class="copy-right"]Copyright © 2018 PlazaThemes. All Right Reserved.[/vc_column_text][/vc_column][/vc_row]</p>
]]></content:encoded>
		<excerpt:encoded><![CDATA[]]></excerpt:encoded>
		<wp:post_id>9631</wp:post_id>
		<wp:post_date><![CDATA[2018-07-20 07:32:11]]></wp:post_date>
		<wp:post_date_gmt><![CDATA[2018-07-20 07:32:11]]></wp:post_date_gmt>
		<wp:comment_status><![CDATA[closed]]></wp:comment_status>
		<wp:ping_status><![CDATA[closed]]></wp:ping_status>
		<wp:post_name><![CDATA[footer-petmarket-1]]></wp:post_name>
		<wp:status><![CDATA[publish]]></wp:status>
		<wp:post_parent>0</wp:post_parent>
		<wp:menu_order>0</wp:menu_order>
		<wp:post_type><![CDATA[templatera]]></wp:post_type>
		<wp:post_password><![CDATA[]]></wp:post_password>
		<wp:is_sticky>0</wp:is_sticky>
		<wp:postmeta>
			<wp:meta_key><![CDATA[_vc_post_settings]]></wp:meta_key>
			<wp:meta_value><![CDATA[a:1:{s:10:"vc_grid_id";a:0:{}}]]></wp:meta_value>
		</wp:postmeta>
		<wp:postmeta>
			<wp:meta_key><![CDATA[_edit_last]]></wp:meta_key>
			<wp:meta_value><![CDATA[1]]></wp:meta_value>
		</wp:postmeta>
		<wp:postmeta>
			<wp:meta_key><![CDATA[slide_template]]></wp:meta_key>
			<wp:meta_value><![CDATA[default]]></wp:meta_value>
		</wp:postmeta>
		<wp:postmeta>
			<wp:meta_key><![CDATA[_wpb_vc_js_status]]></wp:meta_key>
			<wp:meta_value><![CDATA[true]]></wp:meta_value>
		</wp:postmeta>
		<wp:postmeta>
			<wp:meta_key><![CDATA[_wpb_shortcodes_custom_css]]></wp:meta_key>
			<wp:meta_value><![CDATA[.vc_custom_1532073219474{padding-top: 30px !important;padding-bottom: 30px !important;background-color: #ffffff !important;}.vc_custom_1532073173988{background-color: #ffffff !important;}]]></wp:meta_value>
		</wp:postmeta>
	</item>
	<item>
		<title>Kathy Young</title>
		<link>http://demo.roadthemes.com/devita/coffee/testimonial/kathy-young/</link>
		<pubDate>Thu, 10 May 2018 08:57:32 +0000</pubDate>
		<dc:creator><![CDATA[admin]]></dc:creator>
		<guid isPermaLink="false">http://demo.roadthemes.com/devita/coffee/?post_type=testimonial&#038;p=9445</guid>
		<description></description>
		<content:encoded><![CDATA[RoadThemes support and response has been amazing, helping me with several issues I came across and got them solved almost the same day. A pleasure to work with them!]]></content:encoded>
		<excerpt:encoded><![CDATA[]]></excerpt:encoded>
		<wp:post_id>9445</wp:post_id>
		<wp:post_date><![CDATA[2018-05-10 08:57:32]]></wp:post_date>
		<wp:post_date_gmt><![CDATA[2018-05-10 08:57:32]]></wp:post_date_gmt>
		<wp:comment_status><![CDATA[closed]]></wp:comment_status>
		<wp:ping_status><![CDATA[closed]]></wp:ping_status>
		<wp:post_name><![CDATA[kathy-young]]></wp:post_name>
		<wp:status><![CDATA[publish]]></wp:status>
		<wp:post_parent>0</wp:post_parent>
		<wp:menu_order>0</wp:menu_order>
		<wp:post_type><![CDATA[testimonial]]></wp:post_type>
		<wp:post_password><![CDATA[]]></wp:post_password>
		<wp:is_sticky>0</wp:is_sticky>
		<category domain="testimonial-category" nicename="wordpress"><![CDATA[Wordpress]]></category>
		<wp:postmeta>
			<wp:meta_key><![CDATA[_vc_post_settings]]></wp:meta_key>
			<wp:meta_value><![CDATA[a:1:{s:10:"vc_grid_id";a:0:{}}]]></wp:meta_value>
		</wp:postmeta>
		<wp:postmeta>
			<wp:meta_key><![CDATA[_edit_last]]></wp:meta_key>
			<wp:meta_value><![CDATA[1]]></wp:meta_value>
		</wp:postmeta>
		<wp:postmeta>
			<wp:meta_key><![CDATA[slide_template]]></wp:meta_key>
			<wp:meta_value><![CDATA[default]]></wp:meta_value>
		</wp:postmeta>
		<wp:postmeta>
			<wp:meta_key><![CDATA[_byline]]></wp:meta_key>
			<wp:meta_value><![CDATA[CEO of SunPark]]></wp:meta_value>
		</wp:postmeta>
		<wp:postmeta>
			<wp:meta_key><![CDATA[_url]]></wp:meta_key>
			<wp:meta_value><![CDATA[http://roadthemes.com/]]></wp:meta_value>
		</wp:postmeta>
	</item>
	<item>
		<title>Jenifer Brown</title>
		<link>http://demo.roadthemes.com/devita/coffee/testimonial/jenifer-brown/</link>
		<pubDate>Thu, 10 May 2018 08:58:21 +0000</pubDate>
		<dc:creator><![CDATA[admin]]></dc:creator>
		<guid isPermaLink="false">http://demo.roadthemes.com/devita/coffee/?post_type=testimonial&#038;p=9446</guid>
		<description></description>
		<content:encoded><![CDATA[Code, template and others are very good. The support has served me immediately and solved my problems when I need help. Are to be congratulated.]]></content:encoded>
		<excerpt:encoded><![CDATA[]]></excerpt:encoded>
		<wp:post_id>9446</wp:post_id>
		<wp:post_date><![CDATA[2018-05-10 08:58:21]]></wp:post_date>
		<wp:post_date_gmt><![CDATA[2018-05-10 08:58:21]]></wp:post_date_gmt>
		<wp:comment_status><![CDATA[closed]]></wp:comment_status>
		<wp:ping_status><![CDATA[closed]]></wp:ping_status>
		<wp:post_name><![CDATA[jenifer-brown]]></wp:post_name>
		<wp:status><![CDATA[publish]]></wp:status>
		<wp:post_parent>0</wp:post_parent>
		<wp:menu_order>0</wp:menu_order>
		<wp:post_type><![CDATA[testimonial]]></wp:post_type>
		<wp:post_password><![CDATA[]]></wp:post_password>
		<wp:is_sticky>0</wp:is_sticky>
		<category domain="testimonial-category" nicename="wordpress"><![CDATA[Wordpress]]></category>
		<wp:postmeta>
			<wp:meta_key><![CDATA[_vc_post_settings]]></wp:meta_key>
			<wp:meta_value><![CDATA[a:1:{s:10:"vc_grid_id";a:0:{}}]]></wp:meta_value>
		</wp:postmeta>
		<wp:postmeta>
			<wp:meta_key><![CDATA[_edit_last]]></wp:meta_key>
			<wp:meta_value><![CDATA[1]]></wp:meta_value>
		</wp:postmeta>
		<wp:postmeta>
			<wp:meta_key><![CDATA[slide_template]]></wp:meta_key>
			<wp:meta_value><![CDATA[default]]></wp:meta_value>
		</wp:postmeta>
		<wp:postmeta>
			<wp:meta_key><![CDATA[_byline]]></wp:meta_key>
			<wp:meta_value><![CDATA[Manager of AZ]]></wp:meta_value>
		</wp:postmeta>
		<wp:postmeta>
			<wp:meta_key><![CDATA[_url]]></wp:meta_key>
			<wp:meta_value><![CDATA[http://roadthemes.com/]]></wp:meta_value>
		</wp:postmeta>
	</item>
	<item>
		<title>Katherine Sullivan</title>
		<link>http://demo.roadthemes.com/devita/coffee/testimonial/katherine-sullivan/</link>
		<pubDate>Thu, 10 May 2018 09:07:56 +0000</pubDate>
		<dc:creator><![CDATA[admin]]></dc:creator>
		<guid isPermaLink="false">http://demo.roadthemes.com/devita/coffee/?post_type=testimonial&#038;p=9447</guid>
		<description></description>
		<content:encoded><![CDATA[These guys have been absolutely outstanding. Perfect Themes and the best of all that you have many options to choose! Best Support team ever! Very fast responding!  ]]></content:encoded>
		<excerpt:encoded><![CDATA[]]></excerpt:encoded>
		<wp:post_id>9447</wp:post_id>
		<wp:post_date><![CDATA[2018-05-10 09:07:56]]></wp:post_date>
		<wp:post_date_gmt><![CDATA[2018-05-10 09:07:56]]></wp:post_date_gmt>
		<wp:comment_status><![CDATA[closed]]></wp:comment_status>
		<wp:ping_status><![CDATA[closed]]></wp:ping_status>
		<wp:post_name><![CDATA[katherine-sullivan]]></wp:post_name>
		<wp:status><![CDATA[publish]]></wp:status>
		<wp:post_parent>0</wp:post_parent>
		<wp:menu_order>0</wp:menu_order>
		<wp:post_type><![CDATA[testimonial]]></wp:post_type>
		<wp:post_password><![CDATA[]]></wp:post_password>
		<wp:is_sticky>0</wp:is_sticky>
		<category domain="testimonial-category" nicename="wordpress"><![CDATA[Wordpress]]></category>
		<wp:postmeta>
			<wp:meta_key><![CDATA[_vc_post_settings]]></wp:meta_key>
			<wp:meta_value><![CDATA[a:1:{s:10:"vc_grid_id";a:0:{}}]]></wp:meta_value>
		</wp:postmeta>
		<wp:postmeta>
			<wp:meta_key><![CDATA[_edit_last]]></wp:meta_key>
			<wp:meta_value><![CDATA[1]]></wp:meta_value>
		</wp:postmeta>
		<wp:postmeta>
			<wp:meta_key><![CDATA[slide_template]]></wp:meta_key>
			<wp:meta_value><![CDATA[default]]></wp:meta_value>
		</wp:postmeta>
		<wp:postmeta>
			<wp:meta_key><![CDATA[_byline]]></wp:meta_key>
			<wp:meta_value><![CDATA[Customer]]></wp:meta_value>
		</wp:postmeta>
		<wp:postmeta>
			<wp:meta_key><![CDATA[_url]]></wp:meta_key>
			<wp:meta_value><![CDATA[http://roadthemes.com/]]></wp:meta_value>
		</wp:postmeta>
	</item>
</channel>
</rss>
