{"last_tab":"0","background_opt":{"background-color":"#ebebeb","background-repeat":"no-repeat","background-size":"cover","background-attachment":"fixed","background-position":"center center","background-image":"http:\/\/demo.roadthemes.com\/devita\/underwear\/wp-content\/uploads\/2018\/08\/bg_page.jpg","media":{"id":"9686","height":"960","width":"1920","thumbnail":"http:\/\/demo.roadthemes.com\/devita\/underwear\/wp-content\/uploads\/2018\/08\/bg_page-150x150.jpg"}},"page_wrapper_background":{"background-color":"#ffffff","background-repeat":"","background-size":"","background-attachment":"","background-position":"","background-image":"","media":{"id":"","height":"","width":"","thumbnail":""}},"page_content_background":{"background-color":"#ffffff","background-repeat":"","background-size":"","background-attachment":"","background-position":"","background-image":"","media":{"id":"","height":"","width":"","thumbnail":""}},"menu_sidebar":"none-menu-sidebar","border_color":{"border-top":"","border-right":"","border-bottom":"","border-left":"","border-style":"solid","border-color":"#ebebeb"},"back_to_top":"1","primary_color":"#ee3875","sale_color":"#ee3875","saletext_color":"#ffffff","rate_color":"#ee3875","link_color":{"regular":"#ee3875","hover":"#292560","active":"#292560"},"text_selected_bg":"#91b2c3","text_selected_color":"#ffffff","header_layout":"Header Underwear 1","header_bg":{"background-color":"#ffffff","background-repeat":"","background-size":"","background-attachment":"","background-position":"","background-image":"","media":{"id":"","height":"","width":"","thumbnail":""}},"header_color":"#242424","header_link_color":{"regular":"#242424","hover":"#ee3875","active":"#ee3875"},"header_border_color":{"color":"#ebebeb","alpha":"1","rgba":"rgba(235,235,235,1)"},"sticky_header":"1","header_sticky_bg":{"color":"#ffffff","alpha":"0.91","rgba":"rgba(255,255,255,0.91)"},"topbar_color":"#242424","topbar_link_color":{"regular":"#242424","hover":"#ee3875","active":"#ee3875"},"mobile_menu_label":"Menu","sub_menu_bg":"#ffffff","sub_menu_color":"#7a7a7a","vsub_menu_bg":"#ffffff","categories_menu_label":"CATEGORIES","categories_menu_items":"8","categories_more_label":"More Categories","categories_less_label":"Less Categories","categories_menu_home":"0","categories_menu_sub":"","social_icons":{"facebook":"https:\/\/www.facebook.com\/","twitter":"https:\/\/twitter.com\/","instagram":"","tumblr":"","pinterest":"https:\/\/www.pinterest.com\/","google-plus":"","linkedin":"https:\/\/www.linkedin.com\/","behance":"","dribbble":"","youtube":"","vimeo":"https:\/\/vimeo.com\/","rss":""},"footer_layout":"Footer Underwear 1","footer_bg":{"background-color":"#222222","background-repeat":"","background-size":"","background-attachment":"","background-position":"","background-image":"","media":{"id":"","height":"","width":"","thumbnail":""}},"footer_border_color":{"color":"#ebebeb","alpha":"0.1","rgba":"rgba(235,235,235,0.1)"},"footer_color":"#757575","footer_link_color":{"regular":"#757575","hover":"#ee3875","active":"#ee3875"},"bodyfont":{"font-family":"Rubik","font-options":"","google":"1","font-backup":"","font-weight":"400","font-style":"","font-size":"14px","line-height":"24px","color":"#a4a4a4"},"headingfont":{"font-family":"Rubik","font-options":"","google":"1","font-weight":"500","font-style":"","color":"#242424"},"menufont":{"font-family":"Rubik","font-options":"","google":"1","font-weight":"500","font-style":"","font-size":"14px","color":"#242424"},"pricefont":{"font-family":"Rubik","font-options":"","google":"1","font-weight":"400","font-style":"","font-size":"14px","color":"#a4a4a4"},"page_layout":"box","box_layout_width":"1290","preset_option":"1","enable_sswitcher":"","brand_logos":[{"title":"","description":"","url":"","sort":"0","attachment_id":"9631","thumb":"http:\/\/roadthemes.com\/api\/devita\/uploads\/2018\/06\/br-150x85.png","image":"http:\/\/roadthemes.com\/api\/devita\/uploads\/2018\/06\/br.png","height":"85","width":"170"},{"title":"","description":"","url":"","sort":"1","attachment_id":"9631","thumb":"http:\/\/roadthemes.com\/api\/devita\/uploads\/2018\/06\/br-150x85.png","image":"http:\/\/roadthemes.com\/api\/devita\/uploads\/2018\/06\/br.png","height":"85","width":"170"},{"title":"","description":"","url":"","sort":"2","attachment_id":"9631","thumb":"http:\/\/roadthemes.com\/api\/devita\/uploads\/2018\/06\/br-150x85.png","image":"http:\/\/roadthemes.com\/api\/devita\/uploads\/2018\/06\/br.png","height":"85","width":"170"},{"title":"","description":"","url":"","sort":"3","attachment_id":"9631","thumb":"http:\/\/roadthemes.com\/api\/devita\/uploads\/2018\/06\/br-150x85.png","image":"http:\/\/roadthemes.com\/api\/devita\/uploads\/2018\/06\/br.png","height":"85","width":"170"},{"title":"","description":"","url":"","sort":"4","attachment_id":"9631","thumb":"http:\/\/roadthemes.com\/api\/devita\/uploads\/2018\/06\/br-150x85.png","image":"http:\/\/roadthemes.com\/api\/devita\/uploads\/2018\/06\/br.png","height":"85","width":"170"},{"title":"","description":"","url":"","sort":"5","attachment_id":"9631","thumb":"http:\/\/roadthemes.com\/api\/devita\/uploads\/2018\/06\/br-150x85.png","image":"http:\/\/roadthemes.com\/api\/devita\/uploads\/2018\/06\/br.png","height":"85","width":"170"}],"sidebarshop_pos":"left","sidebarse_pos":"left","sidebarblog_pos":"right","custom-sidebars":[""],"shop_layout":"","default_view":"grid-view","product_per_page":"12","product_per_row":"4","product_per_row_fw":"4","second_image":"","upsells_title":"Up-Sells","crosssells_title":"Cross-Sells","bg_shop":{"url":"","id":"","height":"","width":"","thumbnail":"","title":"","caption":"","alt":"","description":""},"related_title":"Related Products","related_amount":"4","share_head_code":"","share_code":"","detail_link_text":"Quick View","quickview_link_text":"See all features","quickview":"0","blog_header_text":"Blog","blog_layout":"sidebar","blog_style":"style_v1","width_cate_thumb":"1170","height_cate_thumb":"700","readmore_text":"read more","excerpt_length":"22","width_thumb":"370","height_thumb":"220","testiscroll":"1","testianimate":"2000","background_error":{"background-color":"#f2f2f2","background-repeat":"","background-size":"","background-attachment":"","background-position":"","background-image":"","media":{"id":"","height":"","width":"","thumbnail":""}},"enable_less":"1","redux-backup":"1"}