{"blog-sidebar":{"search-2":{"title":""},"categories-3":{"title":"Categories","count":0,"hierarchical":0,"dropdown":0},"bdevs-latest-posts-2":{"title":"Latest post","count":"3","posts_order":"DESC"},"tag_cloud-2":{"title":"Tags","count":0,"taxonomy":"post_tag"},"media_image-3":{"size":"full","width":371,"height":634,"caption":"","alt":"","link_type":"custom","link_url":"#","image_classes":"","link_classes":"","link_rel":"","link_target_blank":false,"image_title":"","attachment_id":120,"url":"http:\/\/themepure.net\/wp\/pixeen\/wp-content\/uploads\/2021\/03\/banner-01.png","title":""}},"footer-1":{"custom_html-7":{"title":"","content":"<div class=\"footer-log mb-30\">\r\n<a href=\"index.html\" class=\"footer-logo mb-30\"><img src=\"http:\/\/themepure.net\/wp\/pixeen\/wp-content\/uploads\/2021\/03\/logo-white-1.png\" alt=\"logo\"><\/a>\r\n<\/div>\r\n<div class=\"newslater-2\">\r\n    <p>Sign up to get new exclusive offers<\/p>\r\n    <div class=\"newslater__form-2\">\r\n        <form action=\"#\">\r\n            <input type=\"email\" name=\"email\" id=\"email\" placeholder=\"Enter Email\">\r\n            <button type=\"submit\"><i class=\"far fa-paper-plane\"><\/i> <\/button>\r\n        <\/form>\r\n    <\/div>\r\n<\/div>\r\n<ul class=\"social-links clearfix\">\r\n    <li><h6>Connect:<\/h6><\/li>\r\n    <li><a href=\"index.html\"><i class=\"fab fa-twitter\"><\/i><\/a><\/li>\r\n    <li><a href=\"index.html\"><i class=\"fab fa-facebook-square\"><\/i><\/a><\/li>\r\n    <li><a href=\"index.html\"><i class=\"fab fa-pinterest-p\"><\/i><\/a><\/li>\r\n    <li><a href=\"index.html\"><i class=\"fab fa-instagram\"><\/i><\/a><\/li>\r\n<\/ul>\r\n"}},"footer-2":{"nav_menu-3":{"title":"Our Services","nav_menu":11}},"footer-3":{"bdevs-latest-posts-footer-3":{"title":"Recent Post","count":"2","posts_order":"ASC"}},"footer-4":{"custom_html-6":{"title":"Contact Info","content":"<p class=\"mb-10\">Perspi ciatis unde omnis iste nat\r\n    error sit voluptatem accusan<\/p>\r\n\r\n<ul class=\"fot-list address-list\">\r\n    <li><a href=\"#\"><i class=\"far fa-map-marker-alt\"><\/i> 250 Main Street, 2nd Floor, USA<\/a><\/li>\r\n    <li><a href=\"#\"><i class=\"far fa-envelope\"><\/i> support@gmail.com<\/a><\/li>\r\n    <li><a href=\"#\"><i class=\"far fa-phone-volume\"><\/i> 888 (0123) 456 79<\/a><\/li>\r\n<\/ul>"}},"footer-2-1":{"custom_html-2":{"title":"","content":"<a href=\"#\" class=\"footer__logo mb-20\">\r\n    <img src=\"http:\/\/themepure.net\/wp\/pixeen\/wp-content\/uploads\/2021\/03\/logo-white-1.png\" alt=\"\">\r\n<\/a>\r\n<p>Pulvinar seneictus morbi to quisque nunc tos towa faucibus netus etiam mone lestie nice disease<\/p>\r\n<div class=\"footer-social\">\r\n    <span>Follow us:<\/span>\r\n    <a href=\"#0\"><i class=\"fab fa-facebook-f\"><\/i><\/a>\r\n    <a href=\"#0\"><i class=\"fab fa-twitter\"><\/i><\/a>\r\n    <a href=\"#0\"><i class=\"fab fa-pinterest-p\"><\/i><\/a>\r\n    <a href=\"#0\"><i class=\"fab fa-linkedin-in\"><\/i><\/a>\r\n<\/div>"}},"footer-2-2":{"nav_menu-2":{"title":"Our Services","nav_menu":11}},"footer-2-3":{"bdevs-latest-posts-footer-2":{"title":"Recent News","count":"2","posts_order":"DESC"}},"footer-2-4":{"custom_html-3":{"title":"Newsletter","content":"<div class=\"newslater-2\">\r\n    <p>Sign up to get new exclusive offers<\/p>\r\n    <div class=\"newslater__form-2\">\r\n        <form action=\"#\">\r\n            <input type=\"email\" name=\"email\" id=\"email\" placeholder=\"Enter Email\">\r\n            <button class=\"site-btn site-btn__2\" type=\"submit\"><i class=\"far fa-paper-plane\"><\/i> Subscribe<\/button>\r\n        <\/form>\r\n    <\/div>\r\n<\/div>"}},"services-sidebar":{"bdevs-services-cats-2":{"title":"Services List","count":"6","posts_order":"DESC"},"bdevs_services_form_widget-2":{"title":"Quick Contact ","subscribe_style":"","mailchimp_shortcode":"[contact-form-7 id=\"1241\" title=\"Services Form\"]"},"custom_html-8":{"title":"Design Guideline","content":"<div class=\"design mt-none-20\">\r\n    <div class=\"design-item mt-20\">\r\n        <div class=\"design-item--icon\">\r\n            <i class=\"fal fa-file-pdf\"><\/i>\r\n        <\/div>\r\n        <div class=\"design-item--content\">\r\n            <a href=\"#\"><h4>Photoshop File<\/h4><\/a>\r\n        <\/div>\r\n    <\/div>\r\n    <div class=\"design-item mt-20\">\r\n        <div class=\"design-item--icon\">\r\n            <i class=\"fal fa-download\"><\/i>\r\n        <\/div>\r\n        <div class=\"design-item--content\">\r\n            <a href=\"#\"><h4>Illustrator File<\/h4><\/a>\r\n        <\/div>\r\n    <\/div>\r\n    <div class=\"design-item mt-20\">\r\n        <div class=\"design-item--icon\">\r\n            <i class=\"fal fa-file-image\"><\/i>\r\n        <\/div>\r\n        <div class=\"design-item--content\">\r\n            <a href=\"#\"><h4>Jpg file<\/h4><\/a> \r\n        <\/div>\r\n    <\/div>\r\n<\/div>"}},"team-sidebar":{"bdevs-services-cats-3":{"title":"More Service ","count":"4","posts_order":"DESC"},"media_image-4":{"size":"full","width":368,"height":456,"caption":"","alt":"","link_type":"custom","link_url":"#","image_classes":"","link_classes":"","link_rel":"","link_target_blank":false,"image_title":"","attachment_id":1702,"url":"http:\/\/themepure.net\/wp\/pixeen\/wp-content\/uploads\/2021\/05\/banner.png","title":""}}}