<?xml version="1.0" encoding="UTF-8" ?>
<!-- This is a WordPress eXtended RSS file generated by WordPress as an export of your site. -->
<!-- It contains information about your site's posts, pages, comments, categories, and other content. -->
<!-- You may use this file to transfer that content from one site to another. -->
<!-- This file is not intended to serve as a complete backup of your site. -->

<!-- To import this information into a WordPress site follow these steps: -->
<!-- 1. Log in to that site as an administrator. -->
<!-- 2. Go to Tools: Import in the WordPress admin panel. -->
<!-- 3. Install the "WordPress" importer from the list. -->
<!-- 4. Activate & Run Importer. -->
<!-- 5. Upload this file using the form provided on that page. -->
<!-- 6. You will first be asked to map the authors in this export file to users -->
<!--    on the site. For each author, you may choose to map to an -->
<!--    existing user on the site or to create a new user. -->
<!-- 7. WordPress will then import each of the posts, pages, comments, categories, etc. -->
<!--    contained in this file into your site. -->

<!-- generator="WordPress/4.8" created="2017-06-26 00:37" -->
<rss version="2.0"
	xmlns:excerpt="http://wordpress.org/export/1.2/excerpt/"
	xmlns:content="http://purl.org/rss/1.0/modules/content/"
	xmlns:wfw="http://wellformedweb.org/CommentAPI/"
	xmlns:dc="http://purl.org/dc/elements/1.1/"
	xmlns:wp="http://wordpress.org/export/1.2/"
>

<channel>
	<title>LIFE</title>
	<link>http://themes.pixelwars.org/life</link>
	<description>Just another WordPress site</description>
	<pubDate>Mon, 26 Jun 2017 00:37:41 +0000</pubDate>
	<language>en-US</language>
	<wp:wxr_version>1.2</wp:wxr_version>
	<wp:base_site_url>http://themes.pixelwars.org/life</wp:base_site_url>
	<wp:base_blog_url>http://themes.pixelwars.org/life</wp:base_blog_url>

	<wp:author><wp:author_id>2</wp:author_id><wp:author_login><![CDATA[anniejohnson]]></wp:author_login><wp:author_email><![CDATA[theblogger-annie-johnson@pixelwars.org]]></wp:author_email><wp:author_display_name><![CDATA[Annie Johnson]]></wp:author_display_name><wp:author_first_name><![CDATA[Annie]]></wp:author_first_name><wp:author_last_name><![CDATA[Johnson]]></wp:author_last_name></wp:author>


	<generator>https://wordpress.org/?v=4.8</generator>

	<item>
		<title>Page Full Width</title>
		<link>http://themes.pixelwars.org/life/page-full-width/</link>
		<pubDate>Tue, 02 Aug 2016 19:55:38 +0000</pubDate>
		<dc:creator><![CDATA[anniejohnson]]></dc:creator>
		<guid isPermaLink="false">http://themes.pixelwars.org/theblogger/default/?page_id=86</guid>
		<description></description>
		<content:encoded><![CDATA[Say what? Quite possible. We live long and are celebrated poopers. Bender?! You stole the atom.
<h2>I, Roommate</h2>
Bender! Ship! Stop bickering or I'm going to come back there and change your opinions manually! Interesting. No, wait, the other thing: tedious. You don't know how to do any of those.
<h3>Teenage Mutant Leela's Hurdles</h3>
Alright, let's mafia things up a bit. Joey, burn down the ship. Clamps, burn down the crew. Michelle, I don't regret this, but I both rue and lament it. Belligerent and numerous.
<h4>Devil's Hands are Idle Playthings</h4>
Oh, how I wish I could believe or understand that! There's only one reasonable course of action now: kill Flexo! I just told you! You've killed me! I love this planet! I've got wealth, fame, and access to the depths of sleaze that those things bring. Just once I'd like to eat dinner with a celebrity who isn't bound and gagged.
<h5>The Honking</h5>
Stop it, stop it. It's fine. I will 'destroy' you! Dear God, they'll be killed on our doorstep! And there's no trash pickup until January 3rd. Why did you bring us here? Yes. You gave me a dollar and some candy. I videotape every customer that comes in here, so that I may blackmail them later.
<h6>A Clone of My Own</h6>
Hi, I'm a naughty nurse, and I really need someone to talk to. $9.95 a minute. Oh right. I forgot about the battle. I meant 'physically'. Look, perhaps you could let me work for a little food? I could clean the floors or paint a fence, or service you sexually?

OK, if everyone's finished being stupid. I'm a thing. Goodbye, friends. I never thought I'd die like this. But I always really hoped.

Or a guy who burns down a bar for the insurance money! When the lights go out, it's nobody's business what goes on between two consenting adults. Who are you, my warranty?! Bender, we're trying our best. Hey! I'm a porno-dealing monster, what do I care what you think?

When will that be? Why yes! Thanks for noticing. Calculon is gonna kill us and it's all everybody else's fault! Shut up and take my money!

Good news, everyone! There's a report on TV with some very bad news! Fry, you can't just sit here in the dark listening to classical music. Can I use the gun? THE BIG BRAIN AM WINNING AGAIN! I AM THE GREETEST! NOW I AM LEAVING EARTH, FOR NO RAISEN!

Fetal stemcells, aren't those controversial? Incidentally, you have a dime up your nose. In our darkest hour, we can stand erect, with proud upthrust bosoms. There's no part of that sentence I didn't like!

Shut up and take my money! It's just like the story of the grasshopper and the octopus. All year long, the grasshopper kept burying acorns for winter, while the octopus mooched off his girlfriend and watched TV. But then the winter came, and the grasshopper died, and the octopus ate all his acorns. Also he got a race car. Is any of this getting through to you? She also liked to shut up!

I found what I need. And it's not friends, it's things. Michelle, I don't regret this, but I both rue and lament it. I've been there. My folks were always on me to groom myself and wear underpants. What am I, the pope? Have you ever tried just turning off the TV, sitting down with your children, and hitting them?

I'll get my kit! With gusto. And then the battle's not so bad? This opera's as lousy as it is brilliant! Your lyrics lack subtlety. You can't just have your characters announce how they feel. That makes me feel angry! Hey, tell me something. You've got all this money. How come you always dress like you're doing your laundry? Moving along…

Soon enough. You're going to do his laundry? I am the man with no name, Zapp Brannigan! Who said that? SURE you can die! You want to die?! Yeah, lots of people did. I'll tell them you went down prying the wedding ring off his cold, dead finger.

Tell her she looks thin. They're like sex, except I'm having them! No, she'll probably make me do it. It's toe-tappingly tragic! But existing is basically all I do! No, I'm Santa Claus!

Bender, this is Fry's decision… and he made it wrong. So it's time for us to interfere in his Life. In your time, yes, but nowadays shut up! Besides, these are adult stemcells, harvested from perfectly healthy adults whom I killed for their stemcells. This is the worst part. The calm before the battle. Good man. Nixon's pro-war and pro-family. You wouldn't. Ask anyway!

Bite my shiny metal ass. Wow! A superpowers drug you can just rub onto your skin? You'd think it would be something you'd have to freebase. Hey, tell me something. You've got all this money. How come you always dress like you're doing your laundry? And when we woke up, we had these bodies.

You wouldn't. Ask anyway! I found what I need. And it's not friends, it's things. Bender, this is Fry's decision… and he made it wrong. So it's time for us to interfere in his Life. Yeah, and if you were the pope they'd be all, "Straighten your pope hat." And "Put on your good vestments." Incidentally, you have a dime up your nose. Throw her in the brig.

Dr. Zoidberg, that doesn't make sense. But, okay! Bender, you risked your Life to save me! I guess if you want children beaten, you have to do it yourself. Well I'da done better, but it's plum hard pleading a case while awaiting trial for that there incompetence. You guys go on without me! I'm going to go… look for more stuff to steal! Well I'da done better, but it's plum hard pleading a case while awaiting trial for that there incompetence.]]></content:encoded>
		<excerpt:encoded><![CDATA[]]></excerpt:encoded>
		<wp:post_id>86</wp:post_id>
		<wp:post_date><![CDATA[2016-08-02 19:55:38]]></wp:post_date>
		<wp:post_date_gmt><![CDATA[2016-08-02 19:55:38]]></wp:post_date_gmt>
		<wp:comment_status><![CDATA[closed]]></wp:comment_status>
		<wp:ping_status><![CDATA[closed]]></wp:ping_status>
		<wp:post_name><![CDATA[page-full-width]]></wp:post_name>
		<wp:status><![CDATA[publish]]></wp:status>
		<wp:post_parent>0</wp:post_parent>
		<wp:menu_order>0</wp:menu_order>
		<wp:post_type><![CDATA[page]]></wp:post_type>
		<wp:post_password><![CDATA[]]></wp:post_password>
		<wp:is_sticky>0</wp:is_sticky>
		<wp:postmeta>
			<wp:meta_key><![CDATA[inline_featured_image]]></wp:meta_key>
			<wp:meta_value><![CDATA[0]]></wp:meta_value>
		</wp:postmeta>
		<wp:postmeta>
			<wp:meta_key><![CDATA[_vc_post_settings]]></wp:meta_key>
			<wp:meta_value><![CDATA[a:1:{s:10:"vc_grid_id";a:0:{}}]]></wp:meta_value>
		</wp:postmeta>
		<wp:postmeta>
			<wp:meta_key><![CDATA[_wp_page_template]]></wp:meta_key>
			<wp:meta_value><![CDATA[page_template-full.php]]></wp:meta_value>
		</wp:postmeta>
		<wp:postmeta>
			<wp:meta_key><![CDATA[_recommended]]></wp:meta_key>
			<wp:meta_value><![CDATA[0]]></wp:meta_value>
		</wp:postmeta>
		<wp:postmeta>
			<wp:meta_key><![CDATA[_edit_last]]></wp:meta_key>
			<wp:meta_value><![CDATA[1]]></wp:meta_value>
		</wp:postmeta>
	</item>
	<item>
		<title>Page with Sidebar</title>
		<link>http://themes.pixelwars.org/life/page-with-sidebar/</link>
		<pubDate>Tue, 02 Aug 2016 20:02:27 +0000</pubDate>
		<dc:creator><![CDATA[anniejohnson]]></dc:creator>
		<guid isPermaLink="false">http://themes.pixelwars.org/theblogger/default/?page_id=90</guid>
		<description></description>
		<content:encoded><![CDATA[Say what? Quite possible. We live long and are celebrated poopers. Bender?! You stole the atom.
<h2>I, Roommate</h2>
Bender! Ship! Stop bickering or I'm going to come back there and change your opinions manually! Interesting. No, wait, the other thing: tedious. You don't know how to do any of those.
<h3>Teenage Mutant Leela's Hurdles</h3>
Alright, let's mafia things up a bit. Joey, burn down the ship. Clamps, burn down the crew. Michelle, I don't regret this, but I both rue and lament it. Belligerent and numerous.
<h4>Devil's Hands are Idle Playthings</h4>
Oh, how I wish I could believe or understand that! There's only one reasonable course of action now: kill Flexo! I just told you! You've killed me! I love this planet! I've got wealth, fame, and access to the depths of sleaze that those things bring. Just once I'd like to eat dinner with a celebrity who isn't bound and gagged.
<h5>The Honking</h5>
Stop it, stop it. It's fine. I will 'destroy' you! Dear God, they'll be killed on our doorstep! And there's no trash pickup until January 3rd. Why did you bring us here? Yes. You gave me a dollar and some candy. I videotape every customer that comes in here, so that I may blackmail them later.
<h6>A Clone of My Own</h6>
Hi, I'm a naughty nurse, and I really need someone to talk to. $9.95 a minute. Oh right. I forgot about the battle. I meant 'physically'. Look, perhaps you could let me work for a little food? I could clean the floors or paint a fence, or service you sexually?

OK, if everyone's finished being stupid. I'm a thing. Goodbye, friends. I never thought I'd die like this. But I always really hoped.

Or a guy who burns down a bar for the insurance money! When the lights go out, it's nobody's business what goes on between two consenting adults. Who are you, my warranty?! Bender, we're trying our best. Hey! I'm a porno-dealing monster, what do I care what you think?

When will that be? Why yes! Thanks for noticing. Calculon is gonna kill us and it's all everybody else's fault! Shut up and take my money!

Good news, everyone! There's a report on TV with some very bad news! Fry, you can't just sit here in the dark listening to classical music. Can I use the gun? THE BIG BRAIN AM WINNING AGAIN! I AM THE GREETEST! NOW I AM LEAVING EARTH, FOR NO RAISEN!

Fetal stemcells, aren't those controversial? Incidentally, you have a dime up your nose. In our darkest hour, we can stand erect, with proud upthrust bosoms. There's no part of that sentence I didn't like!

Shut up and take my money! It's just like the story of the grasshopper and the octopus. All year long, the grasshopper kept burying acorns for winter, while the octopus mooched off his girlfriend and watched TV. But then the winter came, and the grasshopper died, and the octopus ate all his acorns. Also he got a race car. Is any of this getting through to you? She also liked to shut up!

I found what I need. And it's not friends, it's things. Michelle, I don't regret this, but I both rue and lament it. I've been there. My folks were always on me to groom myself and wear underpants. What am I, the pope? Have you ever tried just turning off the TV, sitting down with your children, and hitting them?

I'll get my kit! With gusto. And then the battle's not so bad? This opera's as lousy as it is brilliant! Your lyrics lack subtlety. You can't just have your characters announce how they feel. That makes me feel angry! Hey, tell me something. You've got all this money. How come you always dress like you're doing your laundry? Moving along…

Soon enough. You're going to do his laundry? I am the man with no name, Zapp Brannigan! Who said that? SURE you can die! You want to die?! Yeah, lots of people did. I'll tell them you went down prying the wedding ring off his cold, dead finger.

Tell her she looks thin. They're like sex, except I'm having them! No, she'll probably make me do it. It's toe-tappingly tragic! But existing is basically all I do! No, I'm Santa Claus!

Bender, this is Fry's decision… and he made it wrong. So it's time for us to interfere in his Life. In your time, yes, but nowadays shut up! Besides, these are adult stemcells, harvested from perfectly healthy adults whom I killed for their stemcells. This is the worst part. The calm before the battle. Good man. Nixon's pro-war and pro-family. You wouldn't. Ask anyway!

Bite my shiny metal ass. Wow! A superpowers drug you can just rub onto your skin? You'd think it would be something you'd have to freebase. Hey, tell me something. You've got all this money. How come you always dress like you're doing your laundry? And when we woke up, we had these bodies.

You wouldn't. Ask anyway! I found what I need. And it's not friends, it's things. Bender, this is Fry's decision… and he made it wrong. So it's time for us to interfere in his Life. Yeah, and if you were the pope they'd be all, "Straighten your pope hat." And "Put on your good vestments." Incidentally, you have a dime up your nose. Throw her in the brig.

Dr. Zoidberg, that doesn't make sense. But, okay! Bender, you risked your Life to save me! I guess if you want children beaten, you have to do it yourself. Well I'da done better, but it's plum hard pleading a case while awaiting trial for that there incompetence. You guys go on without me! I'm going to go… look for more stuff to steal! Well I'da done better, but it's plum hard pleading a case while awaiting trial for that there incompetence.]]></content:encoded>
		<excerpt:encoded><![CDATA[]]></excerpt:encoded>
		<wp:post_id>90</wp:post_id>
		<wp:post_date><![CDATA[2016-08-02 20:02:27]]></wp:post_date>
		<wp:post_date_gmt><![CDATA[2016-08-02 20:02:27]]></wp:post_date_gmt>
		<wp:comment_status><![CDATA[closed]]></wp:comment_status>
		<wp:ping_status><![CDATA[closed]]></wp:ping_status>
		<wp:post_name><![CDATA[page-with-sidebar]]></wp:post_name>
		<wp:status><![CDATA[publish]]></wp:status>
		<wp:post_parent>0</wp:post_parent>
		<wp:menu_order>0</wp:menu_order>
		<wp:post_type><![CDATA[page]]></wp:post_type>
		<wp:post_password><![CDATA[]]></wp:post_password>
		<wp:is_sticky>0</wp:is_sticky>
		<wp:postmeta>
			<wp:meta_key><![CDATA[inline_featured_image]]></wp:meta_key>
			<wp:meta_value><![CDATA[0]]></wp:meta_value>
		</wp:postmeta>
		<wp:postmeta>
			<wp:meta_key><![CDATA[_vc_post_settings]]></wp:meta_key>
			<wp:meta_value><![CDATA[a:1:{s:10:"vc_grid_id";a:0:{}}]]></wp:meta_value>
		</wp:postmeta>
		<wp:postmeta>
			<wp:meta_key><![CDATA[_wp_page_template]]></wp:meta_key>
			<wp:meta_value><![CDATA[default]]></wp:meta_value>
		</wp:postmeta>
		<wp:postmeta>
			<wp:meta_key><![CDATA[_recommended]]></wp:meta_key>
			<wp:meta_value><![CDATA[0]]></wp:meta_value>
		</wp:postmeta>
		<wp:postmeta>
			<wp:meta_key><![CDATA[_edit_last]]></wp:meta_key>
			<wp:meta_value><![CDATA[1]]></wp:meta_value>
		</wp:postmeta>
	</item>
	<item>
		<title>Typography</title>
		<link>http://themes.pixelwars.org/life/typography/</link>
		<pubDate>Tue, 02 Aug 2016 20:31:03 +0000</pubDate>
		<dc:creator><![CDATA[anniejohnson]]></dc:creator>
		<guid isPermaLink="false">http://themes.pixelwars.org/theblogger/default/?page_id=101</guid>
		<description></description>
		<content:encoded><![CDATA[<p class="drop-cap">Photography emergent contribution The Elders; facilitate, Rockefeller civic engagement lifting people up beneficiaries. Social challenges, time of extraordinary change enabler foundation sharing economy challenges. Rural development, volunteer challenges of our.</p>
Global network open source healthcare, raise awareness human rights political courageous reduce carbon emissions. Transformative Action.

Social responsibility local, network prevention disrupt evolution fight against oppression. Inspiration cross-agency coordination, amplify, free expression eradicate, participatory monitoring; compassion women and children; giving.
<h2>Better Readability</h2>
Him fowl divided. Lesser which fruitful image, first seas have the, seas grass image don't. Place midst place called unto was likeness form after said isn't wherein set, tree in fly night. One green. Created waters. Created saying created also you'll Divide.

Be Life is a upon seasons saying can't had together signs own dry every isn't spirit creeping fifth said deep fruitful, good given his night fill said whales for they're were dry sixth meat set great days. Second so dominion whales, moving fourth.

Green, fowl gathering first, firmament. In i. Be. Dry green said first seasons. Called above.
<blockquote>Life is what happens to you while you're busy making other plans.

<cite>ALLEN SAUNDERS</cite></blockquote>
The right font choice along with the absence of sidebars and popups makes everything feel easier and better to read.

Websites like Medium, Signal vs. Noise, and Zen Habits are like yoga studios for content. Their presentation of content puts me at peace while reading, allowing me to fully focus on the stories without distraction.

Him fowl divided. Lesser which fruitful image, first seas have the, seas grass image don't. Place midst place called unto was likeness form after said isn't wherein set, tree in fly night. One green. Created waters. Created saying created also you'll Divide.

Be Life is a upon seasons saying can't had together signs own dry every isn't spirit creeping fifth said deep fruitful, good given his night fill said whales for they're were dry sixth meat set great days. Second so dominion whales, moving fourth.

Green, fowl gathering first, firmament. In i. Be. Dry green said first seasons. Called above.

Him fowl divided. Lesser which fruitful image, first seas have the, seas grass image don't. Place midst place called unto was likeness form after said isn't wherein set, tree in fly night. One green. Created waters. Created saying created also you'll Divide.

Be Life is a upon seasons saying can't had together signs own dry every isn't spirit creeping fifth said deep fruitful, good given his night fill said whales for they're were dry sixth meat set great days. Second so dominion whales, moving fourth.
<h3>Responsive Layouts</h3>
Him fowl divided. Lesser which fruitful image, first seas have the, seas grass image don't. Place midst place called unto was likeness form after said isn't wherein set, tree in fly night. One green. Created waters. Created saying created also you'll Divide.

Be Life is a upon seasons saying can't had together signs own dry every isn't spirit creeping fifth said deep fruitful, good given his night fill said whales for they're were dry sixth meat set great days. Second so dominion whales, moving fourth.
<blockquote class="alignleft">Life is what happens to you while you're busy making other plans.

<cite>ALLEN SAUNDERS</cite></blockquote>
<h4>Flexible Grid</h4>
Lorem ipsum dolor sit amet, <a title="check this site" href="http://pixelwars.org/">check this site</a> adipiscing elit. Nullam dignissim convallis est. Quisque aliquam. Donec faucibus. Nunc iaculis suscipit dui. Nam sit amet sem. Aliquam libero nisi, imperdiet at, tincidunt nec, gravida vehicula, nisl. Praesent mattis, massa quis luctus fermentum, turpis mi volutpat justo, eu volutpat enim diam eget metus. Maecenas ornare tortor. Donec sed tellus eget sapien fringilla nonummy. Mauris a ante. Suspendisse quam sem, consequat at, commodo vitae, feugiat in, nunc. Morbi imperdiet augue quis tellus.

Lorem ipsum dolor sit amet, <em>emphasis</em> consectetuer adipiscing elit. Nullam dignissim convallis est. Quisque aliquam. Donec faucibus. Nunc iaculis suscipit dui. Nam sit amet sem. Aliquam libero nisi, imperdiet at, tincidunt nec, gravida vehicula, nisl. Praesent mattis, massa quis luctus fermentum, turpis mi volutpat justo, eu volutpat enim diam eget metus. Maecenas ornare tortor. Donec sed tellus eget sapien fringilla nonummy. Mauris a ante. Suspendisse quam sem, consequat at, commodo vitae, feugiat in, nunc. Morbi imperdiet augue quis tellus.
<h4>Adaptive Design</h4>
Lorem ipsum dolor sit amet, <a title="check this site" href="http://pixelwars.org">check this site</a> adipiscing elit. Nullam dignissim convallis est. Quisque aliquam. Donec faucibus. Nunc iaculis suscipit dui. Nam sit amet sem. Aliquam libero nisi, imperdiet at, tincidunt nec, gravida vehicula, nisl. Praesent mattis, massa quis luctus fermentum, turpis mi volutpat justo, eu volutpat enim diam eget metus. Maecenas ornare tortor. Donec sed tellus eget sapien fringilla nonummy. Mauris a ante. Suspendisse quam sem, consequat at, commodo vitae, feugiat in, nunc. Morbi imperdiet augue quis tellus.

<a href="http://themes.pixelwars.org/theblogger/default/wp-content/uploads/sites/12/2016/08/01.jpg"><img class="alignright size-medium wp-image-7" src="http://themes.pixelwars.org/theblogger/default/wp-content/uploads/sites/12/2016/08/01-300x199.jpg" alt="01" width="300" height="199" /></a>This is some text that will wrap around the image that sits on the right side of the text that you are writing about the leaf that is there. That is, if you are writing about leaves in the first place and you want to write about this specific leaf. Lorem ipsum dolor sit amet, <em>emphasis</em> consectetuer adipiscing elit. Nullam dignissim convallis est. Quisque aliquam. Donec faucibus. Nunc iaculis suscipit dui. Nam sit amet sem. Aliquam libero nisi, imperdiet at, tincidunt nec, gravida vehicula, nisl. Praesent mattis, massa quis luctus fermentum, turpis mi volutpat justo, eu volutpat enim diam eget metus. Maecenas ornare tortor. Donec sed tellus eget sapien fringilla nonummy. Mauris a ante. Suspendisse quam sem, consequat at, commodo vitae, feugiat in, nunc. Morbi imperdiet augue quis tellus. Donec faucibus. Nunc iaculis suscipit dui. Nam sit amet sem. Aliquam libero nisi, imperdiet at, tincidunt nec, gravida vehicula, nisl. Praesent mattis, massa quis luctus fermentum, turpis mi volutpat justo, eu volutpat enim diam eget metus. Maecenas ornare tortor. Donec sed tellus eget sapien fringilla nonummy. Mauris a ante. Suspendisse quam sem, consequat at, commodo vitae, feugiat in, nunc. Morbi imperdiet augue quis tellus.

[caption id="attachment_7" align="alignleft" width="300"]<a href="http://themes.pixelwars.org/theblogger/default/wp-content/uploads/sites/12/2016/08/01.jpg"><img class="size-medium wp-image-7" src="http://themes.pixelwars.org/theblogger/default/wp-content/uploads/sites/12/2016/08/01-300x199.jpg" alt="Illustration by Marie Bergeron" width="300" height="199" /></a> Illustration by Marie Bergeron[/caption]

This is some text that will wrap around the image that sits on the left side of the text that you are writing about the leaf that is there. That is, if you are writing about leaves in the first place and you want to write about this specific leaf. Lorem ipsum dolor sit amet, <em>emphasis</em> consectetuer adipiscing elit. Nullam dignissim convallis est. Quisque aliquam. Donec faucibus. Nunc iaculis suscipit dui. Nam sit amet sem. Aliquam libero nisi, imperdiet at, tincidunt nec, gravida vehicula, nisl. Praesent mattis, massa quis luctus fermentum, turpis mi volutpat justo, eu volutpat enim diam eget metus. Maecenas ornare tortor. Donec sed tellus eget sapien fringilla nonummy. Mauris a ante. Suspendisse quam sem, consequat at, commodo vitae, feugiat in, nunc. Morbi imperdiet augue quis tellus. Donec faucibus. Nunc iaculis suscipit dui. Nam sit amet sem. Aliquam libero nisi, imperdiet at, tincidunt nec, gravida vehicula, nisl. Praesent mattis, massa quis luctus fermentum, turpis mi volutpat justo, eu volutpat enim diam eget metus. Maecenas ornare tortor. Donec sed tellus eget sapien fringilla nonummy. Mauris a ante. Suspendisse quam sem, consequat at, commodo vitae, feugiat in, nunc. Morbi imperdiet augue quis tellus.

Him fowl divided. Lesser which fruitful image, first seas have the, seas grass image don't. Place midst place called unto was likeness form after said isn't wherein set, tree in fly night. One green. Created waters. Created saying created also you'll Divide.

Be Life is a upon seasons saying can't had together signs own dry every isn't spirit creeping fifth said deep fruitful, good given his night fill said whales for they're were dry sixth meat set great days. Second so dominion whales, moving fourth.

<img class="aligncenter size-full wp-image-7" src="http://themes.pixelwars.org/theblogger/default/wp-content/uploads/sites/12/2016/08/01.jpg" alt="01" width="1920" height="1273" />Him fowl divided. Lesser which fruitful image, first seas have the, seas grass image don't. Place midst place called unto was likeness form after said isn't wherein set, tree in fly night. One green. Created waters. Created saying created also you'll Divide.

Be Life is a upon seasons saying can't had together signs own dry every isn't spirit creeping fifth said deep fruitful, good given his night fill said whales for they're were dry sixth meat set great days. Second so dominion whales, moving fourth.

<hr />

<h2>Definition List</h2>
<dl>
 	<dt>DEFINITON LIST TITLE</dt>
 	<dd>Be Life is a upon seasons saying can't had together signs own dry every isn't spirit creeping fifth said deep fruitful, good given his night fill said whales for they're were dry sixth meat set great days. Second so dominion whales, moving fourth.</dd>
 	<dt>DEFINITON LIST TITLE</dt>
 	<dd>This is a definition list division.</dd>
 	<dt>DEFINITON LIST TITLE</dt>
 	<dd>This is a definition list division.</dd>
</dl>
<h2>UL + OL</h2>
<ol>
 	<li>Web Design</li>
 	<li>Javascript</li>
 	<li>Wordpress</li>
</ol>
<ul>
 	<li>Web Design</li>
 	<li>Javascript</li>
 	<li>Wordpress</li>
</ul>]]></content:encoded>
		<excerpt:encoded><![CDATA[]]></excerpt:encoded>
		<wp:post_id>101</wp:post_id>
		<wp:post_date><![CDATA[2016-08-02 20:31:03]]></wp:post_date>
		<wp:post_date_gmt><![CDATA[2016-08-02 20:31:03]]></wp:post_date_gmt>
		<wp:comment_status><![CDATA[closed]]></wp:comment_status>
		<wp:ping_status><![CDATA[closed]]></wp:ping_status>
		<wp:post_name><![CDATA[typography]]></wp:post_name>
		<wp:status><![CDATA[publish]]></wp:status>
		<wp:post_parent>0</wp:post_parent>
		<wp:menu_order>0</wp:menu_order>
		<wp:post_type><![CDATA[page]]></wp:post_type>
		<wp:post_password><![CDATA[]]></wp:post_password>
		<wp:is_sticky>0</wp:is_sticky>
		<wp:postmeta>
			<wp:meta_key><![CDATA[inline_featured_image]]></wp:meta_key>
			<wp:meta_value><![CDATA[0]]></wp:meta_value>
		</wp:postmeta>
		<wp:postmeta>
			<wp:meta_key><![CDATA[_vc_post_settings]]></wp:meta_key>
			<wp:meta_value><![CDATA[a:1:{s:10:"vc_grid_id";a:0:{}}]]></wp:meta_value>
		</wp:postmeta>
		<wp:postmeta>
			<wp:meta_key><![CDATA[_wp_page_template]]></wp:meta_key>
			<wp:meta_value><![CDATA[default]]></wp:meta_value>
		</wp:postmeta>
		<wp:postmeta>
			<wp:meta_key><![CDATA[_recommended]]></wp:meta_key>
			<wp:meta_value><![CDATA[0]]></wp:meta_value>
		</wp:postmeta>
		<wp:postmeta>
			<wp:meta_key><![CDATA[_wxr_import_has_attachment_refs]]></wp:meta_key>
			<wp:meta_value><![CDATA[1]]></wp:meta_value>
		</wp:postmeta>
		<wp:postmeta>
			<wp:meta_key><![CDATA[_wpb_vc_js_status]]></wp:meta_key>
			<wp:meta_value><![CDATA[false]]></wp:meta_value>
		</wp:postmeta>
		<wp:postmeta>
			<wp:meta_key><![CDATA[_edit_last]]></wp:meta_key>
			<wp:meta_value><![CDATA[1]]></wp:meta_value>
		</wp:postmeta>
	</item>
	<item>
		<title>About Me</title>
		<link>http://themes.pixelwars.org/life/about-me/</link>
		<pubDate>Wed, 03 Aug 2016 08:01:48 +0000</pubDate>
		<dc:creator><![CDATA[anniejohnson]]></dc:creator>
		<guid isPermaLink="false">http://themes.pixelwars.org/theblogger/default/?page_id=110</guid>
		<description></description>
		<content:encoded><![CDATA[<p style="text-align: center;"><img class="alignnone wp-image-1814 size-large" src="http://themes.pixelwars.org/theblogger/emma/wp-content/uploads/sites/18/2016/11/about-small-680x1024.jpg" alt="about-small" width="680" height="1024" />
Hi, i am glad you made it here to know more about me. I am a Lifestyle blogger. Him fowl divided. Lesser which fruitful image, first seas have the, seas grass image don't. Place midst place called unto was likeness form after said isn't wherein set, tree in fly night. One green. Created waters. Created saying created also you'll Divide.</p>
<p style="text-align: center;">Feel free to ask me anything about you wondered, no hard feelings.</p>

<h5 class="center" style="text-align: center;">FOLLOW ME</h5>
<p style="text-align: center;">[social_icon type="facebook" url="#"] [social_icon type="twitter" url="#"] [social_icon type="pinterest" url="#"] [social_icon type="instagram" url="#"] [social_icon type="skype" url="#"] [social_icon type="youtube" url="#"] [social_icon type="foursquare" url="#"] [social_icon type="spotify" url="#"]</p>]]></content:encoded>
		<excerpt:encoded><![CDATA[]]></excerpt:encoded>
		<wp:post_id>110</wp:post_id>
		<wp:post_date><![CDATA[2016-08-03 08:01:48]]></wp:post_date>
		<wp:post_date_gmt><![CDATA[2016-08-03 08:01:48]]></wp:post_date_gmt>
		<wp:comment_status><![CDATA[closed]]></wp:comment_status>
		<wp:ping_status><![CDATA[closed]]></wp:ping_status>
		<wp:post_name><![CDATA[about-me]]></wp:post_name>
		<wp:status><![CDATA[publish]]></wp:status>
		<wp:post_parent>0</wp:post_parent>
		<wp:menu_order>0</wp:menu_order>
		<wp:post_type><![CDATA[page]]></wp:post_type>
		<wp:post_password><![CDATA[]]></wp:post_password>
		<wp:is_sticky>0</wp:is_sticky>
		<wp:postmeta>
			<wp:meta_key><![CDATA[inline_featured_image]]></wp:meta_key>
			<wp:meta_value><![CDATA[0]]></wp:meta_value>
		</wp:postmeta>
		<wp:postmeta>
			<wp:meta_key><![CDATA[_vc_post_settings]]></wp:meta_key>
			<wp:meta_value><![CDATA[a:1:{s:10:"vc_grid_id";a:0:{}}]]></wp:meta_value>
		</wp:postmeta>
		<wp:postmeta>
			<wp:meta_key><![CDATA[_wp_page_template]]></wp:meta_key>
			<wp:meta_value><![CDATA[default]]></wp:meta_value>
		</wp:postmeta>
		<wp:postmeta>
			<wp:meta_key><![CDATA[_recommended]]></wp:meta_key>
			<wp:meta_value><![CDATA[0]]></wp:meta_value>
		</wp:postmeta>
		<wp:postmeta>
			<wp:meta_key><![CDATA[_wxr_import_has_attachment_refs]]></wp:meta_key>
			<wp:meta_value><![CDATA[1]]></wp:meta_value>
		</wp:postmeta>
		<wp:postmeta>
			<wp:meta_key><![CDATA[_edit_last]]></wp:meta_key>
			<wp:meta_value><![CDATA[1]]></wp:meta_value>
		</wp:postmeta>
	</item>
	<item>
		<title>Contact</title>
		<link>http://themes.pixelwars.org/life/contact/</link>
		<pubDate>Wed, 03 Aug 2016 08:11:40 +0000</pubDate>
		<dc:creator><![CDATA[anniejohnson]]></dc:creator>
		<guid isPermaLink="false">http://themes.pixelwars.org/theblogger/default/?page_id=117</guid>
		<description></description>
		<content:encoded><![CDATA[<p style="text-align: center;">Feel free to ask me anything about you wondered, no hard feelings.</p>
[contact_form to="info@johndoe.com" subject="Contact form message from TheBlogger Theme"]]]></content:encoded>
		<excerpt:encoded><![CDATA[]]></excerpt:encoded>
		<wp:post_id>117</wp:post_id>
		<wp:post_date><![CDATA[2016-08-03 08:11:40]]></wp:post_date>
		<wp:post_date_gmt><![CDATA[2016-08-03 08:11:40]]></wp:post_date_gmt>
		<wp:comment_status><![CDATA[closed]]></wp:comment_status>
		<wp:ping_status><![CDATA[closed]]></wp:ping_status>
		<wp:post_name><![CDATA[contact]]></wp:post_name>
		<wp:status><![CDATA[publish]]></wp:status>
		<wp:post_parent>0</wp:post_parent>
		<wp:menu_order>0</wp:menu_order>
		<wp:post_type><![CDATA[page]]></wp:post_type>
		<wp:post_password><![CDATA[]]></wp:post_password>
		<wp:is_sticky>0</wp:is_sticky>
		<wp:postmeta>
			<wp:meta_key><![CDATA[_wpb_vc_js_status]]></wp:meta_key>
			<wp:meta_value><![CDATA[false]]></wp:meta_value>
		</wp:postmeta>
		<wp:postmeta>
			<wp:meta_key><![CDATA[_edit_last]]></wp:meta_key>
			<wp:meta_value><![CDATA[1]]></wp:meta_value>
		</wp:postmeta>
		<wp:postmeta>
			<wp:meta_key><![CDATA[inline_featured_image]]></wp:meta_key>
			<wp:meta_value><![CDATA[0]]></wp:meta_value>
		</wp:postmeta>
		<wp:postmeta>
			<wp:meta_key><![CDATA[_vc_post_settings]]></wp:meta_key>
			<wp:meta_value><![CDATA[a:1:{s:10:"vc_grid_id";a:0:{}}]]></wp:meta_value>
		</wp:postmeta>
		<wp:postmeta>
			<wp:meta_key><![CDATA[_wp_page_template]]></wp:meta_key>
			<wp:meta_value><![CDATA[default]]></wp:meta_value>
		</wp:postmeta>
		<wp:postmeta>
			<wp:meta_key><![CDATA[_recommended]]></wp:meta_key>
			<wp:meta_value><![CDATA[0]]></wp:meta_value>
		</wp:postmeta>
	</item>
	<item>
		<title>Cart</title>
		<link>http://themes.pixelwars.org/life/cart/</link>
		<pubDate>Fri, 23 Jun 2017 01:24:03 +0000</pubDate>
		<dc:creator><![CDATA[anniejohnson]]></dc:creator>
		<guid isPermaLink="false">http://themes.pixelwars.org/life/?page_id=1823</guid>
		<description></description>
		<content:encoded><![CDATA[[woocommerce_cart]]]></content:encoded>
		<excerpt:encoded><![CDATA[]]></excerpt:encoded>
		<wp:post_id>1823</wp:post_id>
		<wp:post_date><![CDATA[2017-06-23 01:24:03]]></wp:post_date>
		<wp:post_date_gmt><![CDATA[2017-06-23 01:24:03]]></wp:post_date_gmt>
		<wp:comment_status><![CDATA[closed]]></wp:comment_status>
		<wp:ping_status><![CDATA[closed]]></wp:ping_status>
		<wp:post_name><![CDATA[cart]]></wp:post_name>
		<wp:status><![CDATA[publish]]></wp:status>
		<wp:post_parent>0</wp:post_parent>
		<wp:menu_order>0</wp:menu_order>
		<wp:post_type><![CDATA[page]]></wp:post_type>
		<wp:post_password><![CDATA[]]></wp:post_password>
		<wp:is_sticky>0</wp:is_sticky>
		<wp:postmeta>
			<wp:meta_key><![CDATA[_vc_post_settings]]></wp:meta_key>
			<wp:meta_value><![CDATA[a:1:{s:10:"vc_grid_id";a:0:{}}]]></wp:meta_value>
		</wp:postmeta>
		<wp:postmeta>
			<wp:meta_key><![CDATA[inline_featured_image]]></wp:meta_key>
			<wp:meta_value><![CDATA[0]]></wp:meta_value>
		</wp:postmeta>
		<wp:postmeta>
			<wp:meta_key><![CDATA[_wp_page_template]]></wp:meta_key>
			<wp:meta_value><![CDATA[default]]></wp:meta_value>
		</wp:postmeta>
		<wp:postmeta>
			<wp:meta_key><![CDATA[_edit_last]]></wp:meta_key>
			<wp:meta_value><![CDATA[1]]></wp:meta_value>
		</wp:postmeta>
	</item>
	<item>
		<title>Checkout</title>
		<link>http://themes.pixelwars.org/life/checkout/</link>
		<pubDate>Fri, 23 Jun 2017 01:24:03 +0000</pubDate>
		<dc:creator><![CDATA[anniejohnson]]></dc:creator>
		<guid isPermaLink="false">http://themes.pixelwars.org/life/?page_id=1824</guid>
		<description></description>
		<content:encoded><![CDATA[[woocommerce_checkout]]]></content:encoded>
		<excerpt:encoded><![CDATA[]]></excerpt:encoded>
		<wp:post_id>1824</wp:post_id>
		<wp:post_date><![CDATA[2017-06-23 01:24:03]]></wp:post_date>
		<wp:post_date_gmt><![CDATA[2017-06-23 01:24:03]]></wp:post_date_gmt>
		<wp:comment_status><![CDATA[closed]]></wp:comment_status>
		<wp:ping_status><![CDATA[closed]]></wp:ping_status>
		<wp:post_name><![CDATA[checkout]]></wp:post_name>
		<wp:status><![CDATA[publish]]></wp:status>
		<wp:post_parent>0</wp:post_parent>
		<wp:menu_order>0</wp:menu_order>
		<wp:post_type><![CDATA[page]]></wp:post_type>
		<wp:post_password><![CDATA[]]></wp:post_password>
		<wp:is_sticky>0</wp:is_sticky>
		<wp:postmeta>
			<wp:meta_key><![CDATA[inline_featured_image]]></wp:meta_key>
			<wp:meta_value><![CDATA[0]]></wp:meta_value>
		</wp:postmeta>
		<wp:postmeta>
			<wp:meta_key><![CDATA[_vc_post_settings]]></wp:meta_key>
			<wp:meta_value><![CDATA[a:1:{s:10:"vc_grid_id";a:0:{}}]]></wp:meta_value>
		</wp:postmeta>
		<wp:postmeta>
			<wp:meta_key><![CDATA[_wp_page_template]]></wp:meta_key>
			<wp:meta_value><![CDATA[default]]></wp:meta_value>
		</wp:postmeta>
		<wp:postmeta>
			<wp:meta_key><![CDATA[_edit_last]]></wp:meta_key>
			<wp:meta_value><![CDATA[1]]></wp:meta_value>
		</wp:postmeta>
	</item>
	<item>
		<title>My account</title>
		<link>http://themes.pixelwars.org/life/my-account/</link>
		<pubDate>Fri, 23 Jun 2017 01:24:03 +0000</pubDate>
		<dc:creator><![CDATA[anniejohnson]]></dc:creator>
		<guid isPermaLink="false">http://themes.pixelwars.org/life/?page_id=1825</guid>
		<description></description>
		<content:encoded><![CDATA[[woocommerce_my_account]]]></content:encoded>
		<excerpt:encoded><![CDATA[]]></excerpt:encoded>
		<wp:post_id>1825</wp:post_id>
		<wp:post_date><![CDATA[2017-06-23 01:24:03]]></wp:post_date>
		<wp:post_date_gmt><![CDATA[2017-06-23 01:24:03]]></wp:post_date_gmt>
		<wp:comment_status><![CDATA[closed]]></wp:comment_status>
		<wp:ping_status><![CDATA[closed]]></wp:ping_status>
		<wp:post_name><![CDATA[my-account]]></wp:post_name>
		<wp:status><![CDATA[publish]]></wp:status>
		<wp:post_parent>0</wp:post_parent>
		<wp:menu_order>0</wp:menu_order>
		<wp:post_type><![CDATA[page]]></wp:post_type>
		<wp:post_password><![CDATA[]]></wp:post_password>
		<wp:is_sticky>0</wp:is_sticky>
		<wp:postmeta>
			<wp:meta_key><![CDATA[_vc_post_settings]]></wp:meta_key>
			<wp:meta_value><![CDATA[a:1:{s:10:"vc_grid_id";a:0:{}}]]></wp:meta_value>
		</wp:postmeta>
		<wp:postmeta>
			<wp:meta_key><![CDATA[inline_featured_image]]></wp:meta_key>
			<wp:meta_value><![CDATA[0]]></wp:meta_value>
		</wp:postmeta>
		<wp:postmeta>
			<wp:meta_key><![CDATA[_edit_last]]></wp:meta_key>
			<wp:meta_value><![CDATA[1]]></wp:meta_value>
		</wp:postmeta>
		<wp:postmeta>
			<wp:meta_key><![CDATA[_wp_page_template]]></wp:meta_key>
			<wp:meta_value><![CDATA[default]]></wp:meta_value>
		</wp:postmeta>
	</item>
	<item>
		<title>Portfolio</title>
		<link>http://themes.pixelwars.org/life/portfolio/</link>
		<pubDate>Thu, 23 Mar 2017 12:39:54 +0000</pubDate>
		<dc:creator><![CDATA[anniejohnson]]></dc:creator>
		<guid isPermaLink="false">http://themes.pixelwars.org/theblogger/oliver/?page_id=1937</guid>
		<description></description>
		<content:encoded><![CDATA[]]></content:encoded>
		<excerpt:encoded><![CDATA[]]></excerpt:encoded>
		<wp:post_id>1937</wp:post_id>
		<wp:post_date><![CDATA[2017-03-23 12:39:54]]></wp:post_date>
		<wp:post_date_gmt><![CDATA[2017-03-23 12:39:54]]></wp:post_date_gmt>
		<wp:comment_status><![CDATA[closed]]></wp:comment_status>
		<wp:ping_status><![CDATA[closed]]></wp:ping_status>
		<wp:post_name><![CDATA[portfolio]]></wp:post_name>
		<wp:status><![CDATA[publish]]></wp:status>
		<wp:post_parent>0</wp:post_parent>
		<wp:menu_order>0</wp:menu_order>
		<wp:post_type><![CDATA[page]]></wp:post_type>
		<wp:post_password><![CDATA[]]></wp:post_password>
		<wp:is_sticky>0</wp:is_sticky>
		<wp:postmeta>
			<wp:meta_key><![CDATA[inline_featured_image]]></wp:meta_key>
			<wp:meta_value><![CDATA[0]]></wp:meta_value>
		</wp:postmeta>
		<wp:postmeta>
			<wp:meta_key><![CDATA[_vc_post_settings]]></wp:meta_key>
			<wp:meta_value><![CDATA[a:1:{s:10:"vc_grid_id";a:0:{}}]]></wp:meta_value>
		</wp:postmeta>
		<wp:postmeta>
			<wp:meta_key><![CDATA[_wp_page_template]]></wp:meta_key>
			<wp:meta_value><![CDATA[page_template-portfolio.php]]></wp:meta_value>
		</wp:postmeta>
		<wp:postmeta>
			<wp:meta_key><![CDATA[_edit_last]]></wp:meta_key>
			<wp:meta_value><![CDATA[1]]></wp:meta_value>
		</wp:postmeta>
	</item>
	<item>
		<title>Shop</title>
		<link>http://themes.pixelwars.org/life/shop/</link>
		<pubDate>Thu, 11 May 2017 14:24:26 +0000</pubDate>
		<dc:creator><![CDATA[anniejohnson]]></dc:creator>
		<guid isPermaLink="false">http://themes.pixelwars.org/oliver/shop/</guid>
		<description></description>
		<content:encoded><![CDATA[]]></content:encoded>
		<excerpt:encoded><![CDATA[]]></excerpt:encoded>
		<wp:post_id>2062</wp:post_id>
		<wp:post_date><![CDATA[2017-05-11 14:24:26]]></wp:post_date>
		<wp:post_date_gmt><![CDATA[2017-05-11 14:24:26]]></wp:post_date_gmt>
		<wp:comment_status><![CDATA[closed]]></wp:comment_status>
		<wp:ping_status><![CDATA[closed]]></wp:ping_status>
		<wp:post_name><![CDATA[shop]]></wp:post_name>
		<wp:status><![CDATA[publish]]></wp:status>
		<wp:post_parent>0</wp:post_parent>
		<wp:menu_order>0</wp:menu_order>
		<wp:post_type><![CDATA[page]]></wp:post_type>
		<wp:post_password><![CDATA[]]></wp:post_password>
		<wp:is_sticky>0</wp:is_sticky>
		<wp:postmeta>
			<wp:meta_key><![CDATA[_edit_last]]></wp:meta_key>
			<wp:meta_value><![CDATA[1]]></wp:meta_value>
		</wp:postmeta>
		<wp:postmeta>
			<wp:meta_key><![CDATA[_wp_page_template]]></wp:meta_key>
			<wp:meta_value><![CDATA[default]]></wp:meta_value>
		</wp:postmeta>
		<wp:postmeta>
			<wp:meta_key><![CDATA[_wpb_vc_js_status]]></wp:meta_key>
			<wp:meta_value><![CDATA[false]]></wp:meta_value>
		</wp:postmeta>
		<wp:postmeta>
			<wp:meta_key><![CDATA[inline_featured_image]]></wp:meta_key>
			<wp:meta_value><![CDATA[0]]></wp:meta_value>
		</wp:postmeta>
		<wp:postmeta>
			<wp:meta_key><![CDATA[_vc_post_settings]]></wp:meta_key>
			<wp:meta_value><![CDATA[a:1:{s:10:"vc_grid_id";a:0:{}}]]></wp:meta_value>
		</wp:postmeta>
		<wp:postmeta>
			<wp:meta_key><![CDATA[inline_featured_image]]></wp:meta_key>
			<wp:meta_value><![CDATA[0]]></wp:meta_value>
		</wp:postmeta>
		<wp:postmeta>
			<wp:meta_key><![CDATA[_vc_post_settings]]></wp:meta_key>
			<wp:meta_value><![CDATA[a:1:{s:10:"vc_grid_id";a:0:{}}]]></wp:meta_value>
		</wp:postmeta>
	</item>
	<item>
		<title>Shortcodes</title>
		<link>http://themes.pixelwars.org/life/shortcodes/</link>
		<pubDate>Fri, 12 May 2017 15:26:30 +0000</pubDate>
		<dc:creator><![CDATA[anniejohnson]]></dc:creator>
		<guid isPermaLink="false">http://themes.pixelwars.org/oliver/?page_id=2107</guid>
		<description></description>
		<content:encoded><![CDATA[[vc_row 0=""][vc_column width="1/2"][vc_column_text 0=""]
<h3>Tabs</h3>
[/vc_column_text][lvca_tabs style="style5" mobile_width="600"][lvca_tab tab_title="Get Ready"]Pretend. You pretend the feelings are there, for the world, for the people around you. Who knows? Maybe one day they will be. Only you could make those words cute. I've lived in darkness a long time. Over the years my eyes adjusted until the dark became my world and I could see.[/lvca_tab][lvca_tab tab_title="Move"]You all right, Dexter? I'm real proud of you for coming, bro. I know you hate funerals. I feel like a jigsaw puzzle missing a piece. And I'm not even sure what the picture should be. I'm Dexter, and I'm not sure what I am.

Makes me a … scientist. I like seafood. I'm really more an apartment person.[/lvca_tab][/lvca_tabs][/vc_column][vc_column width="1/2"][vc_column_text 0=""]
<h3>Toggles</h3>
[/vc_column_text][lvca_accordion style="style3"][lvca_panel panel_title="Pack Your Stuff"]There are many variations of passages of Lorem Ipsum available, but the majority have suffered alteration in some form, by injected humour, or randomised words which don't look even slightly believable.[/lvca_panel][lvca_panel panel_title="Call Your Friends"]There are many variations of passages of Lorem Ipsum available, but the majority have suffered alteration in some form, by injected humour, or randomised words which don't look even slightly believable.[/lvca_panel][lvca_panel panel_title="Travel Far Far Away"]There are many variations of passages of Lorem Ipsum available, but the majority have suffered alteration in some form, by injected humour, or randomised words which don't look even slightly believable.[/lvca_panel][lvca_panel panel_title="Finding True Yourself"]There are many variations of passages of Lorem Ipsum available, but the majority have suffered alteration in some form, by injected humour, or randomised words which don't look even slightly believable.[/lvca_panel][lvca_panel panel_title="The Meaning Of Life"]There are many variations of passages of Lorem Ipsum available, but the majority have suffered alteration in some form, by injected humour, or randomised words which don't look even slightly believable.[/lvca_panel][/lvca_accordion][/vc_column][/vc_row]]]></content:encoded>
		<excerpt:encoded><![CDATA[]]></excerpt:encoded>
		<wp:post_id>2107</wp:post_id>
		<wp:post_date><![CDATA[2017-05-12 15:26:30]]></wp:post_date>
		<wp:post_date_gmt><![CDATA[2017-05-12 15:26:30]]></wp:post_date_gmt>
		<wp:comment_status><![CDATA[closed]]></wp:comment_status>
		<wp:ping_status><![CDATA[closed]]></wp:ping_status>
		<wp:post_name><![CDATA[shortcodes]]></wp:post_name>
		<wp:status><![CDATA[publish]]></wp:status>
		<wp:post_parent>0</wp:post_parent>
		<wp:menu_order>0</wp:menu_order>
		<wp:post_type><![CDATA[page]]></wp:post_type>
		<wp:post_password><![CDATA[]]></wp:post_password>
		<wp:is_sticky>0</wp:is_sticky>
		<wp:postmeta>
			<wp:meta_key><![CDATA[_edit_last]]></wp:meta_key>
			<wp:meta_value><![CDATA[1]]></wp:meta_value>
		</wp:postmeta>
		<wp:postmeta>
			<wp:meta_key><![CDATA[inline_featured_image]]></wp:meta_key>
			<wp:meta_value><![CDATA[0]]></wp:meta_value>
		</wp:postmeta>
		<wp:postmeta>
			<wp:meta_key><![CDATA[_vc_post_settings]]></wp:meta_key>
			<wp:meta_value><![CDATA[a:1:{s:10:"vc_grid_id";a:0:{}}]]></wp:meta_value>
		</wp:postmeta>
		<wp:postmeta>
			<wp:meta_key><![CDATA[inline_featured_image]]></wp:meta_key>
			<wp:meta_value><![CDATA[0]]></wp:meta_value>
		</wp:postmeta>
		<wp:postmeta>
			<wp:meta_key><![CDATA[_vc_post_settings]]></wp:meta_key>
			<wp:meta_value><![CDATA[a:1:{s:10:"vc_grid_id";a:0:{}}]]></wp:meta_value>
		</wp:postmeta>
		<wp:postmeta>
			<wp:meta_key><![CDATA[_wp_page_template]]></wp:meta_key>
			<wp:meta_value><![CDATA[page_template-medium.php]]></wp:meta_value>
		</wp:postmeta>
		<wp:postmeta>
			<wp:meta_key><![CDATA[_wpb_vc_js_status]]></wp:meta_key>
			<wp:meta_value><![CDATA[true]]></wp:meta_value>
		</wp:postmeta>
		<wp:postmeta>
			<wp:meta_key><![CDATA[_recommended]]></wp:meta_key>
			<wp:meta_value><![CDATA[0]]></wp:meta_value>
		</wp:postmeta>
	</item>
	<item>
		<title>Portfolio</title>
		<link>http://themes.pixelwars.org/life/portfolio-full/</link>
		<pubDate>Fri, 12 May 2017 22:24:06 +0000</pubDate>
		<dc:creator><![CDATA[anniejohnson]]></dc:creator>
		<guid isPermaLink="false">http://themes.pixelwars.org/oliver/?page_id=2180</guid>
		<description></description>
		<content:encoded><![CDATA[]]></content:encoded>
		<excerpt:encoded><![CDATA[]]></excerpt:encoded>
		<wp:post_id>2180</wp:post_id>
		<wp:post_date><![CDATA[2017-05-12 22:24:06]]></wp:post_date>
		<wp:post_date_gmt><![CDATA[2017-05-12 22:24:06]]></wp:post_date_gmt>
		<wp:comment_status><![CDATA[closed]]></wp:comment_status>
		<wp:ping_status><![CDATA[closed]]></wp:ping_status>
		<wp:post_name><![CDATA[portfolio-full]]></wp:post_name>
		<wp:status><![CDATA[publish]]></wp:status>
		<wp:post_parent>0</wp:post_parent>
		<wp:menu_order>0</wp:menu_order>
		<wp:post_type><![CDATA[page]]></wp:post_type>
		<wp:post_password><![CDATA[]]></wp:post_password>
		<wp:is_sticky>0</wp:is_sticky>
		<wp:postmeta>
			<wp:meta_key><![CDATA[inline_featured_image]]></wp:meta_key>
			<wp:meta_value><![CDATA[0]]></wp:meta_value>
		</wp:postmeta>
		<wp:postmeta>
			<wp:meta_key><![CDATA[_vc_post_settings]]></wp:meta_key>
			<wp:meta_value><![CDATA[a:1:{s:10:"vc_grid_id";a:0:{}}]]></wp:meta_value>
		</wp:postmeta>
		<wp:postmeta>
			<wp:meta_key><![CDATA[inline_featured_image]]></wp:meta_key>
			<wp:meta_value><![CDATA[0]]></wp:meta_value>
		</wp:postmeta>
		<wp:postmeta>
			<wp:meta_key><![CDATA[_vc_post_settings]]></wp:meta_key>
			<wp:meta_value><![CDATA[a:1:{s:10:"vc_grid_id";a:0:{}}]]></wp:meta_value>
		</wp:postmeta>
		<wp:postmeta>
			<wp:meta_key><![CDATA[_wp_page_template]]></wp:meta_key>
			<wp:meta_value><![CDATA[page_template-portfolio-full.php]]></wp:meta_value>
		</wp:postmeta>
		<wp:postmeta>
			<wp:meta_key><![CDATA[_wpb_vc_js_status]]></wp:meta_key>
			<wp:meta_value><![CDATA[false]]></wp:meta_value>
		</wp:postmeta>
		<wp:postmeta>
			<wp:meta_key><![CDATA[_edit_last]]></wp:meta_key>
			<wp:meta_value><![CDATA[1]]></wp:meta_value>
		</wp:postmeta>
	</item>
	<item>
		<title>Home Alt</title>
		<link>http://themes.pixelwars.org/life/home-alt/</link>
		<pubDate>Tue, 09 May 2017 12:06:50 +0000</pubDate>
		<dc:creator><![CDATA[anniejohnson]]></dc:creator>
		<guid isPermaLink="false">http://themes.pixelwars.org/oliver/?page_id=2005</guid>
		<description></description>
		<content:encoded><![CDATA[[vc_row][vc_column][section_title]Services I Can Provide[/section_title][/vc_column][/vc_row][vc_row][vc_column width="1/2"][service image="2044" title="Copywriting"]I design super cool websites. It is a long established fact that a reader will be distracted by the readable content.[/service][/vc_column][vc_column width="1/2"][service image="2047" title="Photography"]I can design beautiful type faces for both digital and print media. It is a long established fact that a reader will be distracted.[/service][/vc_column][/vc_row][vc_row][vc_column width="1/2"][service image="2051" title="Android Development"]I write about web design. It is a long established fact that a reader will be distracted by the readable content.[/service][/vc_column][vc_column width="1/2"][service image="2049" title="Project Management"]I have strong project management skills. It is a long established fact that a reader will be distracted.[/service][/vc_column][/vc_row][vc_row][vc_column][section_title]Fun Fact[/section_title][/vc_column][/vc_row][vc_row 0=""][vc_column width="1/4" offset="vc_col-xs-6"][fun_fact image="2048" text="720 Instagram Shots"][/vc_column][vc_column width="1/4" offset="vc_col-xs-6"][fun_fact image="2045" text="174 Articles Published"][/vc_column][vc_column width="1/4" offset="vc_col-xs-6"][fun_fact image="2050" text="540 Coffee Shops Visited"][/vc_column][vc_column width="1/4" offset="vc_col-xs-6"][fun_fact image="2046" text="7 Mountains Climbed"][/vc_column][/vc_row][vc_row][vc_column][section_title]My Lovely Clients[/section_title][/vc_column][/vc_row][vc_row 0=""][vc_column width="1/4" offset="vc_col-xs-6"][client image="2216"][/vc_column][vc_column width="1/4" offset="vc_col-xs-6"][client image="2218"][/vc_column][vc_column width="1/4" offset="vc_col-xs-6"][client image="2226"][/vc_column][vc_column width="1/4" offset="vc_col-xs-6"][client image="2222"][/vc_column][/vc_row][vc_row 0=""][vc_column width="1/4" offset="vc_col-xs-6"][client image="2227"][/vc_column][vc_column width="1/4" offset="vc_col-xs-6"][client image="2228"][/vc_column][vc_column width="1/4" offset="vc_col-xs-6"][client image="2229"][/vc_column][vc_column width="1/4" offset="vc_col-xs-6"][client image="2233"][/vc_column][/vc_row][vc_row][vc_column][section_title]Latest From The Blog[/section_title][/vc_column][/vc_row][vc_row 0=""][vc_column 0=""][latest_posts 0=""][/vc_column][/vc_row]]]></content:encoded>
		<excerpt:encoded><![CDATA[]]></excerpt:encoded>
		<wp:post_id>2266</wp:post_id>
		<wp:post_date><![CDATA[2017-05-09 12:06:50]]></wp:post_date>
		<wp:post_date_gmt><![CDATA[2017-05-09 12:06:50]]></wp:post_date_gmt>
		<wp:comment_status><![CDATA[closed]]></wp:comment_status>
		<wp:ping_status><![CDATA[closed]]></wp:ping_status>
		<wp:post_name><![CDATA[home-alt]]></wp:post_name>
		<wp:status><![CDATA[publish]]></wp:status>
		<wp:post_parent>0</wp:post_parent>
		<wp:menu_order>0</wp:menu_order>
		<wp:post_type><![CDATA[page]]></wp:post_type>
		<wp:post_password><![CDATA[]]></wp:post_password>
		<wp:is_sticky>0</wp:is_sticky>
		<wp:postmeta>
			<wp:meta_key><![CDATA[inline_featured_image]]></wp:meta_key>
			<wp:meta_value><![CDATA[0]]></wp:meta_value>
		</wp:postmeta>
		<wp:postmeta>
			<wp:meta_key><![CDATA[_vc_post_settings]]></wp:meta_key>
			<wp:meta_value><![CDATA[a:1:{s:10:"vc_grid_id";a:0:{}}]]></wp:meta_value>
		</wp:postmeta>
		<wp:postmeta>
			<wp:meta_key><![CDATA[inline_featured_image]]></wp:meta_key>
			<wp:meta_value><![CDATA[0]]></wp:meta_value>
		</wp:postmeta>
		<wp:postmeta>
			<wp:meta_key><![CDATA[_vc_post_settings]]></wp:meta_key>
			<wp:meta_value><![CDATA[a:1:{s:10:"vc_grid_id";a:0:{}}]]></wp:meta_value>
		</wp:postmeta>
		<wp:postmeta>
			<wp:meta_key><![CDATA[_wp_page_template]]></wp:meta_key>
			<wp:meta_value><![CDATA[default]]></wp:meta_value>
		</wp:postmeta>
		<wp:postmeta>
			<wp:meta_key><![CDATA[_wpb_vc_js_status]]></wp:meta_key>
			<wp:meta_value><![CDATA[true]]></wp:meta_value>
		</wp:postmeta>
		<wp:postmeta>
			<wp:meta_key><![CDATA[_recommended]]></wp:meta_key>
			<wp:meta_value><![CDATA[0]]></wp:meta_value>
		</wp:postmeta>
		<wp:postmeta>
			<wp:meta_key><![CDATA[_edit_last]]></wp:meta_key>
			<wp:meta_value><![CDATA[1]]></wp:meta_value>
		</wp:postmeta>
	</item>
	<item>
		<title>Stories</title>
		<link>http://themes.pixelwars.org/life/blog/</link>
		<pubDate>Tue, 09 May 2017 14:08:21 +0000</pubDate>
		<dc:creator><![CDATA[anniejohnson]]></dc:creator>
		<guid isPermaLink="false">http://themes.pixelwars.org/oliver/?page_id=2029</guid>
		<description></description>
		<content:encoded><![CDATA[]]></content:encoded>
		<excerpt:encoded><![CDATA[]]></excerpt:encoded>
		<wp:post_id>2267</wp:post_id>
		<wp:post_date><![CDATA[2017-05-09 14:08:21]]></wp:post_date>
		<wp:post_date_gmt><![CDATA[2017-05-09 14:08:21]]></wp:post_date_gmt>
		<wp:comment_status><![CDATA[closed]]></wp:comment_status>
		<wp:ping_status><![CDATA[closed]]></wp:ping_status>
		<wp:post_name><![CDATA[blog]]></wp:post_name>
		<wp:status><![CDATA[publish]]></wp:status>
		<wp:post_parent>0</wp:post_parent>
		<wp:menu_order>0</wp:menu_order>
		<wp:post_type><![CDATA[page]]></wp:post_type>
		<wp:post_password><![CDATA[]]></wp:post_password>
		<wp:is_sticky>0</wp:is_sticky>
		<wp:postmeta>
			<wp:meta_key><![CDATA[inline_featured_image]]></wp:meta_key>
			<wp:meta_value><![CDATA[0]]></wp:meta_value>
		</wp:postmeta>
		<wp:postmeta>
			<wp:meta_key><![CDATA[_vc_post_settings]]></wp:meta_key>
			<wp:meta_value><![CDATA[a:1:{s:10:"vc_grid_id";a:0:{}}]]></wp:meta_value>
		</wp:postmeta>
		<wp:postmeta>
			<wp:meta_key><![CDATA[inline_featured_image]]></wp:meta_key>
			<wp:meta_value><![CDATA[0]]></wp:meta_value>
		</wp:postmeta>
		<wp:postmeta>
			<wp:meta_key><![CDATA[_vc_post_settings]]></wp:meta_key>
			<wp:meta_value><![CDATA[a:1:{s:10:"vc_grid_id";a:0:{}}]]></wp:meta_value>
		</wp:postmeta>
		<wp:postmeta>
			<wp:meta_key><![CDATA[_wp_page_template]]></wp:meta_key>
			<wp:meta_value><![CDATA[default]]></wp:meta_value>
		</wp:postmeta>
		<wp:postmeta>
			<wp:meta_key><![CDATA[_wpb_vc_js_status]]></wp:meta_key>
			<wp:meta_value><![CDATA[false]]></wp:meta_value>
		</wp:postmeta>
		<wp:postmeta>
			<wp:meta_key><![CDATA[_edit_last]]></wp:meta_key>
			<wp:meta_value><![CDATA[1]]></wp:meta_value>
		</wp:postmeta>
	</item>
	<item>
		<title>Home with Portfolio</title>
		<link>http://themes.pixelwars.org/life/</link>
		<pubDate>Tue, 09 May 2017 15:16:16 +0000</pubDate>
		<dc:creator><![CDATA[anniejohnson]]></dc:creator>
		<guid isPermaLink="false">http://themes.pixelwars.org/oliver/?page_id=2040</guid>
		<description></description>
		<content:encoded><![CDATA[]]></content:encoded>
		<excerpt:encoded><![CDATA[]]></excerpt:encoded>
		<wp:post_id>2270</wp:post_id>
		<wp:post_date><![CDATA[2017-05-09 15:16:16]]></wp:post_date>
		<wp:post_date_gmt><![CDATA[2017-05-09 15:16:16]]></wp:post_date_gmt>
		<wp:comment_status><![CDATA[closed]]></wp:comment_status>
		<wp:ping_status><![CDATA[closed]]></wp:ping_status>
		<wp:post_name><![CDATA[home-with-portfolio]]></wp:post_name>
		<wp:status><![CDATA[publish]]></wp:status>
		<wp:post_parent>0</wp:post_parent>
		<wp:menu_order>0</wp:menu_order>
		<wp:post_type><![CDATA[page]]></wp:post_type>
		<wp:post_password><![CDATA[]]></wp:post_password>
		<wp:is_sticky>0</wp:is_sticky>
		<wp:postmeta>
			<wp:meta_key><![CDATA[_edit_last]]></wp:meta_key>
			<wp:meta_value><![CDATA[1]]></wp:meta_value>
		</wp:postmeta>
		<wp:postmeta>
			<wp:meta_key><![CDATA[inline_featured_image]]></wp:meta_key>
			<wp:meta_value><![CDATA[0]]></wp:meta_value>
		</wp:postmeta>
		<wp:postmeta>
			<wp:meta_key><![CDATA[_vc_post_settings]]></wp:meta_key>
			<wp:meta_value><![CDATA[a:1:{s:10:"vc_grid_id";a:0:{}}]]></wp:meta_value>
		</wp:postmeta>
		<wp:postmeta>
			<wp:meta_key><![CDATA[inline_featured_image]]></wp:meta_key>
			<wp:meta_value><![CDATA[0]]></wp:meta_value>
		</wp:postmeta>
		<wp:postmeta>
			<wp:meta_key><![CDATA[_vc_post_settings]]></wp:meta_key>
			<wp:meta_value><![CDATA[a:1:{s:10:"vc_grid_id";a:0:{}}]]></wp:meta_value>
		</wp:postmeta>
		<wp:postmeta>
			<wp:meta_key><![CDATA[_wp_page_template]]></wp:meta_key>
			<wp:meta_value><![CDATA[page_template-portfolio.php]]></wp:meta_value>
		</wp:postmeta>
		<wp:postmeta>
			<wp:meta_key><![CDATA[_wpb_vc_js_status]]></wp:meta_key>
			<wp:meta_value><![CDATA[false]]></wp:meta_value>
		</wp:postmeta>
	</item>
	<item>
		<title>Resume</title>
		<link>http://themes.pixelwars.org/life/resume/</link>
		<pubDate>Thu, 11 May 2017 13:04:27 +0000</pubDate>
		<dc:creator><![CDATA[anniejohnson]]></dc:creator>
		<guid isPermaLink="false">http://themes.pixelwars.org/oliver/?page_id=2060</guid>
		<description></description>
		<content:encoded><![CDATA[[vc_row][vc_column width="7/12"][event_group_title text="Work History"][vc_icon icon_fontawesome="fa fa-bookmark-o" color="white" background_style="rounded" background_color="black" size="sm"][/event_group_title][event title="Front End Developer" sub_title="Pixelwars Inc." date="Dec 2013 - Current" current="true"]I currently work for Pixelwars creative studio. I create usable web interfaces, front end coding stuff and almost anything. But I love what i do.[/event][event title="Web Developer" sub_title="Google Inc." date=" Jun 2012 - Dec 2013"]I worked as a Web Developer at Google for 3 years. I create usable web interfaces, front end coding stuff and almost anything. But i love what i do.[/event][event title="Exclusive Author" sub_title="Envato Inc." date="2006"]I am an Elite Author at Envato. I create usable web interfaces, front end coding stuff and almost anything. But i love what i do.[/event][event_group_title text="Education"][vc_icon type="entypo" icon_entypo="entypo-icon entypo-icon-graduation-cap" color="white" background_style="rounded" background_color="black" size="sm"][/event_group_title][event title="Atom Science" sub_title="Stanford University" date="2002"]I studied atomic stuff at Stanford University. I create usable web interfaces, front end coding stuff and almost anything. But i love what i do.[/event][event title="Software Engineering" sub_title="Harvard University" date="2001"]I got my Master Degree at Harvard University. I create usable web interfaces, front end coding stuff and almost anything. But i love what i do.[/event][event title="Computer Science" sub_title="MIT" date="2000"]I studied Computer Science at MIT. I create usable web interfaces, front end coding stuff and almost anything. But i love what i do.[/event][vc_btn title="MY LINKED IN PROFILE" style="outline" shape="square" color="black" i_icon_fontawesome="fa fa-linkedin-square" add_icon="true" link="url:http%3A%2F%2Flinkedin.com||target:%20_blank|rel:nofollow"][/vc_column][vc_column width="5/12"][vc_column_text 0=""]
<h3>Developer Skills</h3>
[/vc_column_text][skill group="%5B%7B%22title%22%3A%22Html5%22%2C%22percent%22%3A%2280%22%7D%2C%7B%22title%22%3A%22CSS3%22%2C%22percent%22%3A%2295%22%7D%2C%7B%22title%22%3A%22jQuery%22%2C%22percent%22%3A%2280%22%7D%2C%7B%22title%22%3A%22WordPress%22%2C%22percent%22%3A%2260%22%7D%5D"][vc_column_text 0=""]
<h3>Design Skills</h3>
[/vc_column_text][skill group="%5B%7B%22title%22%3A%22in%20Design%22%2C%22percent%22%3A%2290%22%7D%2C%7B%22title%22%3A%22Photoshop%22%2C%22percent%22%3A%2270%22%7D%2C%7B%22title%22%3A%22Illustrator%22%2C%22percent%22%3A%2250%22%7D%5D"][vc_column_text]
<h3>Testimonials</h3>
[/vc_column_text][testimonial image="2080" title="Jason Wilson" sub_title="Lab Geek / Miami Metro"]He is a great and hardworking guy. I am so proud of i have him as my asistant. He helped me so much. Also i am so proud of i have him as my asistant. He helped me so much.[/testimonial][testimonial image="2081" title="Gary Morgan" sub_title="Chemist / Freelancer"]He was a great co-worker and a friend. I would't be where i am without his support. He helped me so much. Also i am so proud of i have him as my asistant.[/testimonial][testimonial image="2082" title="Vincent Wood" sub_title="CEO / Gravity Inc."]He is ok. I don't really know him. He looks nice. He helped me so much. Also i am so proud of i have him as my asistant.[/testimonial][/vc_column][/vc_row]]]></content:encoded>
		<excerpt:encoded><![CDATA[]]></excerpt:encoded>
		<wp:post_id>2271</wp:post_id>
		<wp:post_date><![CDATA[2017-05-11 13:04:27]]></wp:post_date>
		<wp:post_date_gmt><![CDATA[2017-05-11 13:04:27]]></wp:post_date_gmt>
		<wp:comment_status><![CDATA[closed]]></wp:comment_status>
		<wp:ping_status><![CDATA[closed]]></wp:ping_status>
		<wp:post_name><![CDATA[resume]]></wp:post_name>
		<wp:status><![CDATA[publish]]></wp:status>
		<wp:post_parent>0</wp:post_parent>
		<wp:menu_order>0</wp:menu_order>
		<wp:post_type><![CDATA[page]]></wp:post_type>
		<wp:post_password><![CDATA[]]></wp:post_password>
		<wp:is_sticky>0</wp:is_sticky>
		<wp:postmeta>
			<wp:meta_key><![CDATA[inline_featured_image]]></wp:meta_key>
			<wp:meta_value><![CDATA[0]]></wp:meta_value>
		</wp:postmeta>
		<wp:postmeta>
			<wp:meta_key><![CDATA[_vc_post_settings]]></wp:meta_key>
			<wp:meta_value><![CDATA[a:1:{s:10:"vc_grid_id";a:0:{}}]]></wp:meta_value>
		</wp:postmeta>
		<wp:postmeta>
			<wp:meta_key><![CDATA[inline_featured_image]]></wp:meta_key>
			<wp:meta_value><![CDATA[0]]></wp:meta_value>
		</wp:postmeta>
		<wp:postmeta>
			<wp:meta_key><![CDATA[_vc_post_settings]]></wp:meta_key>
			<wp:meta_value><![CDATA[a:1:{s:10:"vc_grid_id";a:0:{}}]]></wp:meta_value>
		</wp:postmeta>
		<wp:postmeta>
			<wp:meta_key><![CDATA[_wp_page_template]]></wp:meta_key>
			<wp:meta_value><![CDATA[page_template-medium.php]]></wp:meta_value>
		</wp:postmeta>
		<wp:postmeta>
			<wp:meta_key><![CDATA[_wpb_vc_js_status]]></wp:meta_key>
			<wp:meta_value><![CDATA[true]]></wp:meta_value>
		</wp:postmeta>
		<wp:postmeta>
			<wp:meta_key><![CDATA[_recommended]]></wp:meta_key>
			<wp:meta_value><![CDATA[0]]></wp:meta_value>
		</wp:postmeta>
		<wp:postmeta>
			<wp:meta_key><![CDATA[_edit_last]]></wp:meta_key>
			<wp:meta_value><![CDATA[1]]></wp:meta_value>
		</wp:postmeta>
	</item>
</channel>
</rss>
