{"content":[{"id":"35a9af17","settings":{"content_width":{"unit":"px","size":1230,"sizes":[]},"gap":"wider"},"elements":[{"id":"ceeb35d","settings":{"_column_size":100,"_inline_size":null,"padding_tablet":{"unit":"px","top":"20","right":"20","bottom":"20","left":"20","isLinked":true}},"elements":[{"id":"6b1d78cb","settings":{"wp":{"title":"","sub_title":"","categories":"9"}},"elements":[],"isInner":false,"widgetType":"wp-widget-superblogaddons_mosaic","elType":"widget"}],"isInner":false,"elType":"column"}],"isInner":false,"elType":"section"},{"id":"43ca8bde","settings":{"content_width":{"unit":"px","size":1230,"sizes":[]},"gap":"wider","margin":{"unit":"px","top":"0","right":0,"bottom":"0","left":0,"isLinked":false},"padding":{"unit":"px","top":"30","right":"0","bottom":"20","left":"0","isLinked":false},"css_classes":"ghost","margin_tablet":{"unit":"px","top":"0","right":0,"bottom":"0","left":0,"isLinked":false},"padding_tablet":{"unit":"px","top":"20","right":"0","bottom":"0","left":"0","isLinked":false}},"elements":[{"id":"5eacb100","settings":{"_column_size":100,"_inline_size":null,"padding_tablet":{"unit":"px","top":"20","right":"20","bottom":"20","left":"20","isLinked":true}},"elements":[{"id":"3524cfc6","settings":{"title":"Popular this week","header_size":"h4","align":"left","typography_typography":"custom","typography_font_size":{"unit":"px","size":14,"sizes":[]},"typography_font_weight":"700","typography_text_transform":"uppercase","typography_letter_spacing":{"unit":"px","size":1.600000000000000088817841970012523233890533447265625,"sizes":[]},"_margin":{"unit":"px","top":"0","right":"0","bottom":"0","left":"0","isLinked":false},"_padding":{"unit":"px","top":"0","right":"0","bottom":"0","left":"15","isLinked":false},"_z_index":1,"_background_background":"classic","_background_hover_background":"classic","_border_border":"solid","_border_width":{"unit":"px","top":"0","right":"0","bottom":"0","left":"8","isLinked":false},"_border_color":"#FB4C01","_border_radius":{"unit":"px","top":"0","right":"0","bottom":"0","left":"0","isLinked":false},"_offset_x":{"size":30,"unit":"px"},"_offset_y":{"size":38,"unit":"px"}},"elements":[],"isInner":false,"widgetType":"heading","elType":"widget"},{"id":"708b2f49","settings":{"_css_classes":"tmnf_columns_4","wp":{"title":"","limit":"4","offset":"","daily":"daily","daily_range":"7","hour_range":"","show_date":"on","post_thumb_op":"inline","thumb_height":"90","thumb_width":"90","include_categories":"","post_types":["post"]},"_margin":{"unit":"px","top":"-20","right":"0","bottom":"0","left":"0","isLinked":false},"_padding_tablet":{"unit":"px","top":"0","right":"0","bottom":"0","left":"11","isLinked":false}},"elements":[],"isInner":false,"widgetType":"wp-widget-widget_tptn_pop","elType":"widget"}],"isInner":false,"elType":"column"}],"isInner":false,"elType":"section"},{"id":"3a3535a8","settings":{"content_width":{"unit":"px","size":1230,"sizes":[]},"gap":"no","structure":"20","margin":{"unit":"px","top":"20","right":0,"bottom":"0","left":0,"isLinked":false}},"elements":[{"id":"6146dbfd","settings":{"_column_size":50,"_inline_size":69.5729999999999932924765744246542453765869140625,"border_border":"solid","border_width":{"unit":"px","top":"0","right":"1","bottom":"0","left":"0","isLinked":false},"border_color":"#0000000F","_inline_size_tablet":100},"elements":[{"id":"1efe9a00","settings":{"gap":"wider","structure":"20"},"elements":[{"id":"45c327ae","settings":{"_column_size":50,"_inline_size":56.6039999999999992041921359486877918243408203125,"padding_tablet":{"unit":"px","top":"20","right":"20","bottom":"20","left":"20","isLinked":true}},"elements":[{"id":"7b137fd8","settings":{"title":"Popular In Lifestyle","header_size":"h4","align":"left","title_color":"#FFFFFF","typography_typography":"custom","typography_font_size":{"unit":"px","size":16,"sizes":[]},"typography_font_weight":"700","typography_text_transform":"uppercase","typography_letter_spacing":{"unit":"px","size":1.600000000000000088817841970012523233890533447265625,"sizes":[]},"_margin":{"unit":"px","top":"0","right":"0","bottom":"0","left":"0","isLinked":false},"_padding":{"unit":"px","top":"15","right":"20","bottom":"15","left":"20","isLinked":false},"_z_index":1,"_background_background":"classic","_background_color":"#363448","_border_border":"solid","_border_width":{"unit":"px","top":"0","right":"0","bottom":"0","left":"8","isLinked":false},"_border_color":"#FB4C01","_border_radius":{"unit":"px","top":"0","right":"0","bottom":"0","left":"0","isLinked":false},"_element_width":"auto","_position":"absolute","_offset_x":{"size":30,"unit":"px"},"_offset_y":{"size":50,"unit":"px"},"link":{"url":"#","is_external":"","nofollow":"","custom_attributes":""},"_background_hover_background":"classic","_background_hover_color":"#FF5300"},"elements":[],"isInner":false,"widgetType":"heading","elType":"widget"},{"id":"23600195","settings":{"wp":{"categories":"all","layout":"tmnf_columns_1","posts":"1","offset_posts":"1","title_size":"tmnf_titles_are_medium","tags_selection":"People"}},"elements":[],"isInner":false,"widgetType":"wp-widget-superblogaddons_mag_classic","elType":"widget"}],"isInner":true,"elType":"column"},{"id":"7d07fb53","settings":{"_column_size":50,"_inline_size":43.2650000000000005684341886080801486968994140625,"padding_tablet":{"unit":"px","top":"20","right":"20","bottom":"20","left":"20","isLinked":true}},"elements":[{"id":"15c445ab","settings":{"wp":{"title":"","categories":"all","posts":"5","offset_posts":"2","tags_selection":"People"},"_margin":{"unit":"px","top":"-10","right":"0","bottom":"0","left":"0","isLinked":false}},"elements":[],"isInner":false,"widgetType":"wp-widget-superblogaddons_featured_widget","elType":"widget"}],"isInner":true,"elType":"column"}],"isInner":true,"elType":"section"},{"id":"787857c5","settings":{"wp":{"categories":"all","offset_posts":"","posts":"3","tags_selection":""},"_margin":{"unit":"px","top":"0","right":"30","bottom":"0","left":"30","isLinked":false}},"elements":[],"isInner":false,"widgetType":"wp-widget-superblogaddons_slider_widget","elType":"widget"},{"id":"2854951","settings":{"gap":"wider","structure":"20","margin":{"unit":"px","top":"20","right":0,"bottom":"0","left":0,"isLinked":false}},"elements":[{"id":"59a8f136","settings":{"_column_size":50,"_inline_size":null,"border_border":"solid","border_width":{"unit":"px","top":"0","right":"1","bottom":"0","left":"0","isLinked":false},"border_color":"#0000000F","padding_tablet":{"unit":"px","top":"20","right":"20","bottom":"20","left":"20","isLinked":true}},"elements":[{"id":"3938add0","settings":{"title":"Trending","header_size":"h4","align":"left","typography_typography":"custom","typography_font_size":{"unit":"px","size":14,"sizes":[]},"typography_font_weight":"700","typography_text_transform":"uppercase","typography_letter_spacing":{"unit":"px","size":1.600000000000000088817841970012523233890533447265625,"sizes":[]},"_margin":{"unit":"px","top":"0","right":"0","bottom":"0","left":"0","isLinked":false},"_padding":{"unit":"px","top":"0","right":"0","bottom":"0","left":"15","isLinked":false},"_z_index":1,"_background_background":"classic","_background_hover_background":"classic","_border_border":"solid","_border_width":{"unit":"px","top":"0","right":"0","bottom":"0","left":"8","isLinked":false},"_border_color":"#FB4C01","_border_radius":{"unit":"px","top":"0","right":"0","bottom":"0","left":"0","isLinked":false},"_offset_x":{"size":30,"unit":"px"},"_offset_y":{"size":38,"unit":"px"}},"elements":[],"isInner":false,"widgetType":"heading","elType":"widget"},{"id":"32b754f8","settings":{"wp":{"title":"","categories":"15","posts":"4","offset_posts":"","tags_selection":""}},"elements":[],"isInner":false,"widgetType":"wp-widget-superblogaddons_featured_widget","elType":"widget"}],"isInner":true,"elType":"column"},{"id":"2b32b585","settings":{"_column_size":50,"_inline_size":null,"padding_tablet":{"unit":"px","top":"20","right":"20","bottom":"20","left":"20","isLinked":true}},"elements":[{"id":"3877e76e","settings":{"title":"Nature","header_size":"h4","align":"left","typography_typography":"custom","typography_font_size":{"unit":"px","size":14,"sizes":[]},"typography_font_weight":"700","typography_text_transform":"uppercase","typography_letter_spacing":{"unit":"px","size":1.600000000000000088817841970012523233890533447265625,"sizes":[]},"_margin":{"unit":"px","top":"0","right":"0","bottom":"0","left":"0","isLinked":false},"_padding":{"unit":"px","top":"0","right":"0","bottom":"0","left":"15","isLinked":false},"_z_index":1,"_background_background":"classic","_background_hover_background":"classic","_border_border":"solid","_border_width":{"unit":"px","top":"0","right":"0","bottom":"0","left":"8","isLinked":false},"_border_color":"#FB4C01","_border_radius":{"unit":"px","top":"0","right":"0","bottom":"0","left":"0","isLinked":false},"_offset_x":{"size":30,"unit":"px"},"_offset_y":{"size":38,"unit":"px"}},"elements":[],"isInner":false,"widgetType":"heading","elType":"widget"},{"id":"71915648","settings":{"wp":{"title":"","categories":"12","posts":"4","offset_posts":"","tags_selection":""}},"elements":[],"isInner":false,"widgetType":"wp-widget-superblogaddons_featured_widget","elType":"widget"}],"isInner":true,"elType":"column"}],"isInner":true,"elType":"section"}],"isInner":false,"elType":"column"},{"id":"36ab859","settings":{"_column_size":50,"_inline_size":30.393000000000000682121026329696178436279296875,"border_border":"solid","border_width":{"unit":"px","top":"0","right":"0","bottom":"0","left":"0","isLinked":false},"padding":{"unit":"px","top":"0","right":"0","bottom":"0","left":"30","isLinked":false},"_inline_size_tablet":100,"padding_tablet":{"unit":"px","top":"20","right":"20","bottom":"20","left":"20","isLinked":true}},"elements":[{"id":"66b1149e","settings":{"sidebar":"tmnf-sidebar"},"elements":[],"isInner":false,"widgetType":"sidebar","elType":"widget"},{"id":"5e51774b","settings":{"text_align":"center","margin":{"unit":"px","top":"-20","right":0,"bottom":"0","left":0,"isLinked":false}},"elements":[{"id":"5dacbe0b","settings":{"_column_size":100,"_inline_size":null,"background_background":"classic","background_color":"#1D1B28","heading_color":"#FFFFFF","color_text":"#FFFFFF","padding":{"unit":"px","top":"40","right":"40","bottom":"20","left":"40","isLinked":false}},"elements":[{"id":"6f7b747c","settings":{"title":"Sign-up\nfor exclusive content and sales","header_size":"h3"},"elements":[],"isInner":false,"widgetType":"heading","elType":"widget"},{"id":"50423c39","settings":{"wp":{"title":""}},"elements":[],"isInner":false,"widgetType":"wp-widget-mc4wp_form_widget","elType":"widget"}],"isInner":true,"elType":"column"}],"isInner":true,"elType":"section"},{"id":"22f77050","settings":{"wp":{"categories":"all","layout":"tmnf_columns_1","posts":"3","offset_posts":"","center_text":"on","title_size":"tmnf_titles_are_small","tags_selection":""},"_padding":{"unit":"px","top":"40","right":"40","bottom":"40","left":"40","isLinked":true},"_background_background":"classic","_background_color":"#FFFFFF","_border_border":"solid","_border_width":{"unit":"px","top":"1","right":"1","bottom":"1","left":"1","isLinked":true},"_border_color":"#0000000F","_padding_tablet":{"unit":"px","top":"20","right":"20","bottom":"20","left":"20","isLinked":true}},"elements":[],"isInner":false,"widgetType":"wp-widget-superblogaddons_mag_plain","elType":"widget"}],"isInner":false,"elType":"column"}],"isInner":false,"elType":"section"},{"id":"3fb6de9d","settings":{"content_width":{"unit":"px","size":1230,"sizes":[]},"gap":"wider"},"elements":[{"id":"234d9525","settings":{"_column_size":100,"_inline_size":null,"padding_tablet":{"unit":"px","top":"20","right":"20","bottom":"20","left":"20","isLinked":true}},"elements":[{"id":"6ad84bc0","settings":{"wp":{"categories":"15","offset_posts":"","posts":"4","tags_selection":""},"_margin":{"unit":"px","top":"0","right":"0","bottom":"10","left":"0","isLinked":false}},"elements":[],"isInner":false,"widgetType":"wp-widget-superblogaddons_slider_vert_widget","elType":"widget"},{"id":"c637821","settings":{"wp":{"categories":"all","offset_posts":"","posts":"12","tags_selection":""}},"elements":[],"isInner":false,"widgetType":"wp-widget-superblogaddons_carousel_widget","elType":"widget"}],"isInner":false,"elType":"column"}],"isInner":false,"elType":"section"},{"id":"5de44c47","settings":{"content_width":{"unit":"px","size":1230,"sizes":[]},"gap":"no","structure":"20","margin":{"unit":"px","top":"20","right":0,"bottom":"0","left":0,"isLinked":false}},"elements":[{"id":"7c33b7e8","settings":{"_column_size":50,"_inline_size":70.549000000000006593836587853729724884033203125,"border_border":"solid","border_width":{"unit":"px","top":"0","right":"1","bottom":"0","left":"0","isLinked":false},"border_color":"#0000000F","padding":{"unit":"px","top":"0","right":"30","bottom":"0","left":"0","isLinked":false},"_inline_size_tablet":100,"padding_tablet":{"unit":"px","top":"2","right":"2","bottom":"2","left":"2","isLinked":true}},"elements":[{"id":"2ef84bad","settings":{"wp":{"categories":"all","layout":"tmnf_columns_1","posts":"4","offset_posts":"","title_size":"tmnf_titles_are_medium","tags_selection":""},"_margin":{"unit":"px","top":"0","right":"30","bottom":"0","left":"30","isLinked":false},"_margin_tablet":{"unit":"px","top":"0","right":"20","bottom":"0","left":"20","isLinked":false}},"elements":[],"isInner":false,"widgetType":"wp-widget-superblogaddons_mag_list","elType":"widget"},{"id":"6f18997c","settings":{"text":"Browse More posts","link":{"url":"http:\/\/capethemes.com\/demo\/superblog\/news\/","is_external":"","nofollow":"","custom_attributes":""},"align":"justify","size":"lg","typography_typography":"custom","typography_font_family":"Jost","typography_font_size":{"unit":"px","size":13,"sizes":[]},"typography_font_weight":"500","typography_text_transform":"uppercase","typography_letter_spacing":{"unit":"px","size":3.399999999999999911182158029987476766109466552734375,"sizes":[]},"button_text_color":"#FFFFFF","background_color":"#FA430B","hover_color":"#FFFFFF","button_background_hover_color":"#F45A18","border_radius":{"unit":"px","top":"0","right":"0","bottom":"0","left":"0","isLinked":true},"_margin":{"unit":"px","top":"-30","right":"30","bottom":"30","left":"30","isLinked":false}},"elements":[],"isInner":false,"widgetType":"button","elType":"widget"}],"isInner":false,"elType":"column"},{"id":"23a37c07","settings":{"_column_size":50,"_inline_size":29.417000000000001591615728102624416351318359375,"border_border":"solid","border_width":{"unit":"px","top":"0","right":"0","bottom":"0","left":"0","isLinked":false},"padding":{"unit":"px","top":"30","right":"30","bottom":"30","left":"30","isLinked":true},"hide_tablet":"hidden-tablet","hide_mobile":"hidden-mobile"},"elements":[{"id":"89214fb","settings":{"title":"Our Sponsor","header_size":"h4","align":"left","typography_typography":"custom","typography_font_size":{"unit":"px","size":14,"sizes":[]},"typography_font_weight":"700","typography_text_transform":"uppercase","typography_letter_spacing":{"unit":"px","size":1.600000000000000088817841970012523233890533447265625,"sizes":[]},"_margin":{"unit":"px","top":"0","right":"0","bottom":"0","left":"0","isLinked":false},"_padding":{"unit":"px","top":"0","right":"0","bottom":"0","left":"15","isLinked":false},"_z_index":1,"_background_background":"classic","_background_hover_background":"classic","_border_border":"solid","_border_width":{"unit":"px","top":"0","right":"0","bottom":"0","left":"8","isLinked":false},"_border_color":"#FB4C01","_border_radius":{"unit":"px","top":"0","right":"0","bottom":"0","left":"0","isLinked":false},"_offset_x":{"size":30,"unit":"px"},"_offset_y":{"size":38,"unit":"px"}},"elements":[],"isInner":false,"widgetType":"heading","elType":"widget"},{"id":"120b9318","settings":{"image":{"url":"http:\/\/capethemes.com\/demo\/superblog\/wp-content\/uploads\/2022\/01\/190726-1380654242.gif","id":6870,"alt":"","source":"library"},"align":"left","link_to":"custom","link":{"url":"http:\/\/1.envato.market\/4e234r","is_external":"","nofollow":"","custom_attributes":""}},"elements":[],"isInner":false,"widgetType":"image","elType":"widget"},{"id":"541179fc","settings":{"wp":{"title":"","count":"on"},"_css_classes":"sidebar_item"},"elements":[],"isInner":false,"widgetType":"wp-widget-categories","elType":"widget"},{"id":"7c27c74f","settings":{"image":{"url":"http:\/\/capethemes.com\/demo\/superblog\/wp-content\/uploads\/2022\/01\/r-coffee.jpg","id":6880,"alt":"","source":"library"},"align":"left","link_to":"custom","link":{"url":"http:\/\/1.envato.market\/4e234r","is_external":"","nofollow":"","custom_attributes":""}},"elements":[],"isInner":false,"widgetType":"image","elType":"widget"}],"isInner":false,"elType":"column"}],"isInner":false,"elType":"section"}],"page_settings":[],"version":"0.4","title":"superblog-home","type":"page"}