{"content":[{"id":"6a9e7a0a","settings":{"content_width":{"unit":"px","size":1230,"sizes":[]},"gap":"wider","structure":"20","background_background":"classic","background_image":{"url":"http:\/\/capethemes.com\/demo\/newsource\/wp-content\/uploads\/2020\/10\/photo-of-woman-using-her-laptop-935756.jpg","id":6439},"background_position":"top center","background_size":"cover","background_overlay_background":"gradient","background_overlay_color":"#020101","background_overlay_color_b":"#4A253A5E","background_overlay_color_b_stop":{"unit":"%","size":55,"sizes":[]},"background_overlay_gradient_angle":{"unit":"deg","size":30,"sizes":[]},"background_overlay_opacity":{"unit":"px","size":0.82999999999999996003197111349436454474925994873046875,"sizes":[]},"heading_color":"#FFFFFF","color_text":"#FFFFFF","padding":{"unit":"px","top":"380","right":"0","bottom":"150","left":"0","isLinked":false},"padding_tablet":{"unit":"px","top":"100","right":"0","bottom":"100","left":"0","isLinked":false},"padding_mobile":{"unit":"px","top":"40","right":"0","bottom":"40","left":"0","isLinked":false},"__globals__":{"background_overlay_color_b":""}},"elements":[{"id":"70291ef8","settings":{"_column_size":50,"_inline_size":50,"padding_tablet":{"unit":"px","top":"20","right":"20","bottom":"20","left":"20","isLinked":true}},"elements":[{"id":"5c56c739","settings":{"title":"Let\u2019s Have A Talk About Something Interesting!","header_size":"h4","typography_typography":"custom","typography_font_size":{"unit":"px","size":18,"sizes":[]},"typography_line_height":{"unit":"em","size":1.399999999999999911182158029987476766109466552734375,"sizes":[]}},"elements":[],"isInner":false,"widgetType":"heading","elType":"widget"},{"id":"286bff33","settings":{"title":"Contact Us","typography_typography":"custom","typography_font_size":{"unit":"px","size":60,"sizes":[]},"typography_font_size_mobile":{"unit":"px","size":40,"sizes":[]},"typography_font_family":"Vidaloka","typography_font_weight":"400"},"elements":[],"isInner":false,"widgetType":"heading","elType":"widget"}],"isInner":false,"elType":"column"},{"id":"52860c4e","settings":{"_column_size":50,"_inline_size":49.96300000000000096633812063373625278472900390625},"elements":[],"isInner":false,"elType":"column"}],"isInner":false,"elType":"section"},{"id":"2ca14756","settings":{"content_width":{"unit":"px","size":1230,"sizes":[]},"gap":"wider","structure":"30","padding":{"unit":"px","top":"60","right":"0","bottom":"50","left":"0","isLinked":false},"padding_mobile":{"unit":"px","top":"40","right":"0","bottom":"00","left":"0","isLinked":false}},"elements":[{"id":"27797d6d","settings":{"_column_size":33,"_inline_size":45.36399999999999721467247582040727138519287109375,"content_position":"center","padding_tablet":{"unit":"px","top":"20","right":"20","bottom":"20","left":"20","isLinked":true},"_inline_size_tablet":70},"elements":[{"id":"544dce64","settings":{"title":"Company Info","header_size":"h3","typography_typography":"custom","typography_font_size":{"unit":"px","size":17,"sizes":[]},"typography_font_weight":"700","typography_text_transform":"uppercase","typography_letter_spacing":{"unit":"px","size":2,"sizes":[]},"_css_classes":"meta_deko"},"elements":[],"isInner":false,"widgetType":"heading","elType":"widget"},{"id":"67d6dea5","settings":{"title":"If you have a project you would like to discuss, I'd love to hear from you.","_margin":{"unit":"px","top":"0","right":"0","bottom":"30","left":"0","isLinked":false},"typography_typography":"custom","typography_line_height":{"unit":"em","size":1.100000000000000088817841970012523233890533447265625,"sizes":[]},"typography_font_family":"Vidaloka","typography_font_size":{"unit":"px","size":40,"sizes":[]},"typography_font_weight":"400"},"elements":[],"isInner":false,"widgetType":"heading","elType":"widget"},{"id":"7fa32ccb","settings":{"editor":"Years of studying classical and modern artand performance art in New York City taught us the value of artwork that feels as good as it looks. We are always inspired by the world and people around us."},"elements":[],"isInner":false,"widgetType":"text-editor","elType":"widget"},{"id":"7a09cb42","settings":{"gap":"no","padding":{"unit":"px","top":"0","right":"0","bottom":"0","left":"0","isLinked":false}},"elements":[{"id":"4182061d","settings":{"_column_size":100,"_inline_size":null,"padding":{"unit":"px","top":"0","right":"30","bottom":"0","left":"0","isLinked":false}},"elements":[{"id":"7459b4cb","settings":{"editor":"<p><strong>Interested in joining the team?<\/strong><br \/>practice@superblog.com<\/p>"},"elements":[],"isInner":false,"widgetType":"text-editor","elType":"widget"},{"id":"45308a","settings":{"editor":"<p><strong>Press-related enquiries.<\/strong><br \/>press@superblog.com<\/p>"},"elements":[],"isInner":false,"widgetType":"text-editor","elType":"widget"}],"isInner":true,"elType":"column"}],"isInner":true,"elType":"section"}],"isInner":false,"elType":"column"},{"id":"649ec834","settings":{"_column_size":33,"_inline_size":13.3819999999999996731503415503539144992828369140625},"elements":[],"isInner":false,"elType":"column"},{"id":"4e66139b","settings":{"_column_size":33,"_inline_size":40.89399999999999835154085303656756877899169921875,"_inline_size_tablet":100,"padding_tablet":{"unit":"px","top":"20","right":"20","bottom":"20","left":"20","isLinked":true}},"elements":[{"id":"3647028","settings":{"shortcode":"[contact-form-7 id=\"6\" title=\"Contact form 1\"]"},"elements":[],"isInner":false,"widgetType":"shortcode","elType":"widget"}],"isInner":false,"elType":"column"}],"isInner":false,"elType":"section"},{"id":"6697a112","settings":{"content_width":{"unit":"px","size":1230,"sizes":[]},"gap":"wider","structure":"40","padding":{"unit":"px","top":"60","right":"0","bottom":"60","left":"0","isLinked":false},"padding_tablet":{"unit":"px","top":"40","right":"0","bottom":"40","left":"0","isLinked":false},"css_classes":"ghost"},"elements":[{"id":"4525cffb","settings":{"_column_size":25,"_inline_size":45.7349999999999994315658113919198513031005859375,"_inline_size_tablet":80,"padding_tablet":{"unit":"px","top":"20","right":"20","bottom":"20","left":"20","isLinked":true}},"elements":[{"id":"778b6e74","settings":{"title":"What we are doing?","typography_typography":"custom","typography_font_size":{"unit":"px","size":17,"sizes":[]},"typography_font_weight":"700","typography_text_transform":"uppercase","typography_letter_spacing":{"unit":"px","size":2,"sizes":[]},"_css_classes":"meta_deko"},"elements":[],"isInner":false,"widgetType":"heading","elType":"widget"},{"id":"1cdd9163","settings":{"title":"We are here to meet your demand and write the most beneficial way for you.\nWe are always inspired by the world and people around us.","header_size":"h4","typography_typography":"custom","typography_line_height":{"unit":"em","size":1.5,"sizes":[]},"typography_font_family":"Vidaloka","typography_font_size":{"unit":"px","size":30,"sizes":[]},"typography_font_weight":"400"},"elements":[],"isInner":false,"widgetType":"heading","elType":"widget"},{"id":"1a650c56","settings":{"editor":"Years of studying classical and modern artand performance art in New York City taught us the value of artwork that feels as good as it looks.\nWe are always inspired by the world and people around us. "},"elements":[],"isInner":false,"widgetType":"text-editor","elType":"widget"}],"isInner":false,"elType":"column"},{"id":"1c3d8baa","settings":{"_column_size":25,"_inline_size":13.0890000000000004121147867408581078052520751953125},"elements":[],"isInner":false,"elType":"column"},{"id":"2df78cc1","settings":{"_column_size":25,"_inline_size":20.58800000000000096633812063373625278472900390625,"_inline_size_tablet":50,"padding_tablet":{"unit":"px","top":"20","right":"20","bottom":"20","left":"20","isLinked":true}},"elements":[{"id":"60076ed4","settings":{"title":"Become a freelance writer ","header_size":"h5","typography_line_height":{"unit":"em","size":1.5,"sizes":[]},"_margin":{"unit":"px","top":"30","right":"0","bottom":"0","left":"0","isLinked":false},"typography_typography":"custom","typography_font_size":{"unit":"px","size":17,"sizes":[]}},"elements":[],"isInner":false,"widgetType":"heading","elType":"widget"},{"id":"70d1e6f6","settings":{"title":"Start earning as a freelance writer with Writology","header_size":"p","typography_typography":"custom","typography_line_height":{"unit":"em","size":1.5,"sizes":[]},"typography_font_size":{"unit":"px","size":14,"sizes":[]}},"elements":[],"isInner":false,"widgetType":"heading","elType":"widget"},{"id":"3c9175b1","settings":{"editor":"<ul><li>Set your own price list<\/li><li>No editors cutting your salary<\/li><li>Free plagiarism detector<\/li><li>Earn bonuses from customers<\/li><\/ul>","typography_typography":"custom","typography_font_size":{"unit":"px","size":14,"sizes":[]}},"elements":[],"isInner":false,"widgetType":"text-editor","elType":"widget"}],"isInner":false,"elType":"column"},{"id":"67db7ea0","settings":{"_column_size":25,"_inline_size":20.55199999999999960209606797434389591217041015625,"_inline_size_tablet":50,"padding_tablet":{"unit":"px","top":"20","right":"20","bottom":"20","left":"20","isLinked":true}},"elements":[{"id":"49bf33f7","settings":{"title":"Ordering services ","header_size":"h5","_margin":{"unit":"px","top":"30","right":"0","bottom":"0","left":"0","isLinked":false},"typography_typography":"custom","typography_font_size":{"unit":"px","size":17,"sizes":[]},"typography_line_height":{"unit":"em","size":1.5,"sizes":[]}},"elements":[],"isInner":false,"widgetType":"heading","elType":"widget"},{"id":"10b60f15","settings":{"editor":"<p>from our professional office writers<\/p>","text_color":"rgba(0, 0, 0, 0.5294117647058824)","typography_typography":"custom","typography_font_size":{"unit":"px","size":14,"sizes":[]},"typography_line_height":{"unit":"em","size":1.5,"sizes":[]}},"elements":[],"isInner":false,"widgetType":"text-editor","elType":"widget"},{"id":"3aed9f5f","settings":{"editor":"<ul>\n \t<li>No need to look for a good writer<\/li>\n \t<li>Only professional writers<\/li>\n \t<li>24\/7 support<\/li>\n \t<li>100% plagiarism free papers<\/li>\n<\/ul>","typography_typography":"custom","typography_font_size":{"unit":"px","size":14,"sizes":[]}},"elements":[],"isInner":false,"widgetType":"text-editor","elType":"widget"}],"isInner":false,"elType":"column"}],"isInner":false,"elType":"section"}],"page_settings":[],"version":"0.4","title":"superblog-contact","type":"page"}