{"content":[{"id":"7d075cbc","settings":{"content_width":{"unit":"px","size":1230,"sizes":[]},"gap":"wider","structure":"20","background_background":"classic","background_image":{"url":"http:\/\/capethemes.com\/demo\/newsource\/wp-content\/uploads\/2019\/01\/pexels-august-de-richelieu-4427627.jpg","id":6363},"background_position":"top center","background_size":"cover","background_overlay_background":"gradient","background_overlay_color":"#020101","background_overlay_color_b":"#3C213152","background_overlay_color_b_stop":{"unit":"%","size":55,"sizes":[]},"background_overlay_gradient_angle":{"unit":"deg","size":30,"sizes":[]},"background_overlay_opacity":{"unit":"px","size":0.82999999999999996003197111349436454474925994873046875,"sizes":[]},"heading_color":"#FFFFFF","color_text":"#FFFFFF","padding":{"unit":"px","top":"380","right":"0","bottom":"150","left":"0","isLinked":false},"padding_tablet":{"unit":"px","top":"100","right":"0","bottom":"100","left":"0","isLinked":false},"padding_mobile":{"unit":"px","top":"40","right":"0","bottom":"40","left":"0","isLinked":false},"__globals__":{"background_overlay_color_b":""}},"elements":[{"id":"52866400","settings":{"_column_size":50,"_inline_size":50,"padding_tablet":{"unit":"px","top":"20","right":"20","bottom":"20","left":"20","isLinked":true}},"elements":[{"id":"467061cb","settings":{"title":"About Us","typography_typography":"custom","typography_font_size":{"unit":"px","size":60,"sizes":[]},"typography_font_size_mobile":{"unit":"px","size":40,"sizes":[]},"_css_classes":"meta_deko","typography_font_family":"Vidaloka","typography_font_weight":"400"},"elements":[],"isInner":false,"widgetType":"heading","elType":"widget"},{"id":"1443dcdd","settings":{"title":"SuperBlog is reporting on vital issues such as politics, the environment, industry, and education. The magazine is known for astute political commentary and compelling longform narrative nonfiction. ","header_size":"h4","typography_typography":"custom","typography_font_size":{"unit":"px","size":20,"sizes":[]},"typography_line_height":{"unit":"em","size":1.399999999999999911182158029987476766109466552734375,"sizes":[]},"typography_font_weight":"400"},"elements":[],"isInner":false,"widgetType":"heading","elType":"widget"},{"id":"3ae78996","settings":{"title":"As a leisure guide, it continues to be the indispensable authority on the scene, covering music, the arts, travel, restaurants, museums, and cultural events with its insightful recommendations.","header_size":"h4","typography_typography":"custom","typography_font_size":{"unit":"px","size":20,"sizes":[]},"typography_line_height":{"unit":"em","size":1.399999999999999911182158029987476766109466552734375,"sizes":[]},"typography_font_weight":"400"},"elements":[],"isInner":false,"widgetType":"heading","elType":"widget"}],"isInner":false,"elType":"column"},{"id":"611d7c2d","settings":{"_column_size":50,"_inline_size":49.96300000000000096633812063373625278472900390625},"elements":[],"isInner":false,"elType":"column"}],"isInner":false,"elType":"section"},{"id":"385f8d2d","settings":{"content_width":{"unit":"px","size":1230,"sizes":[]},"gap":"wider","structure":"20","padding":{"unit":"px","top":"60","right":"0","bottom":"55","left":"0","isLinked":false},"padding_mobile":{"unit":"px","top":"40","right":"0","bottom":"00","left":"0","isLinked":false}},"elements":[{"id":"8ba09fb","settings":{"_column_size":50,"_inline_size":45.9560000000000030695446184836328029632568359375,"content_position":"center","padding":{"unit":"px","top":"30","right":"150","bottom":"30","left":"30","isLinked":false},"padding_tablet":{"unit":"px","top":"20","right":"20","bottom":"20","left":"20","isLinked":true}},"elements":[{"id":"7b30db36","settings":{"title":"Company Info","header_size":"h3","typography_typography":"custom","typography_font_size":{"unit":"px","size":17,"sizes":[]},"typography_font_weight":"700","typography_text_transform":"uppercase","typography_letter_spacing":{"unit":"px","size":2,"sizes":[]},"_css_classes":"meta_deko"},"elements":[],"isInner":false,"widgetType":"heading","elType":"widget"},{"id":"2f08c5b0","settings":{"title":"We are here to meet the demand and inform you  the most beneficial way.","size":"xl","_margin":{"unit":"px","top":"0","right":"0","bottom":"30","left":"0","isLinked":false},"typography_typography":"custom","typography_font_family":"Vidaloka","typography_font_weight":"400","typography_line_height":{"unit":"px","size":41,"sizes":[]}},"elements":[],"isInner":false,"widgetType":"heading","elType":"widget"},{"id":"7330a1ff","settings":{"editor":"<strong>SuperBlog<\/strong> produces stand-alone magazines that target categories such as retail, education, music, and other lifestyle topics. Our custom publishing and creative studio division offers full-service capabilities in producing special books, premium publications, digital products, and customer-retention programs."},"elements":[],"isInner":false,"widgetType":"text-editor","elType":"widget"}],"isInner":false,"elType":"column"},{"id":"5b0e7ce4","settings":{"_column_size":50,"_inline_size":54.0439999999999969304553815163671970367431640625,"padding_tablet":{"unit":"px","top":"20","right":"20","bottom":"20","left":"20","isLinked":true}},"elements":[{"id":"25c7b022","settings":{"gap":"no","structure":"20"},"elements":[{"id":"2283f91d","settings":{"_column_size":50,"_inline_size":45.24799999999999755573298898525536060333251953125},"elements":[{"id":"3c1d8e4f","settings":{"image":{"url":"http:\/\/capethemes.com\/demo\/newsource\/wp-content\/uploads\/2018\/12\/pexels-elijah-odonnell-2409681.jpg","id":6369},"image_size":"newsource_grid","_margin":{"unit":"px","top":"0","right":"-100","bottom":"-130","left":"0","isLinked":false},"_margin_mobile":{"unit":"px","top":"0","right":"0","bottom":"15","left":"0","isLinked":false},"_box_shadow_box_shadow_type":"yes","_box_shadow_box_shadow":{"horizontal":0,"vertical":0,"blur":"","spread":15,"color":"#FFFFFF"}},"elements":[],"isInner":false,"widgetType":"image","elType":"widget"}],"isInner":true,"elType":"column"},{"id":"1b03cb61","settings":{"_column_size":50,"_inline_size":54.75},"elements":[{"id":"7f2ebc70","settings":{"image":{"url":"http:\/\/capethemes.com\/demo\/superblog\/wp-content\/uploads\/2020\/10\/photo-of-woman-using-her-laptop-935756.jpg","id":6439,"alt":"","source":"library"},"image_size":"custom","_margin":{"unit":"px","top":"200","right":"0","bottom":"0","left":"0","isLinked":false},"align_mobile":"center","_margin_mobile":{"unit":"px","top":"0","right":"0","bottom":"0","left":"0","isLinked":true},"image_custom_dimension":{"width":"400","height":"400"},"_box_shadow_box_shadow_type":"yes","_box_shadow_box_shadow":{"horizontal":0,"vertical":0,"blur":0,"spread":15,"color":"#FFFFFF"}},"elements":[],"isInner":false,"widgetType":"image","elType":"widget"}],"isInner":true,"elType":"column"}],"isInner":true,"elType":"section"}],"isInner":false,"elType":"column"}],"isInner":false,"elType":"section"},{"id":"412aa914","settings":{"content_width":{"unit":"px","size":1230,"sizes":[]},"gap":"no","background_background":"classic","background_image":{"id":6428,"url":"http:\/\/capethemes.com\/demo\/newsource\/wp-content\/uploads\/2020\/10\/photo-of-people-near-computer-3182742.jpg"},"background_position":"center center","background_repeat":"no-repeat","background_size":"cover","background_bg_width":{"unit":"%","size":83,"sizes":[]},"background_overlay_background":"gradient","background_overlay_color":"#000000","background_overlay_color_stop":{"unit":"%","size":5,"sizes":[]},"background_overlay_color_b":"#00000075","background_overlay_color_b_stop":{"unit":"%","size":57,"sizes":[]},"background_overlay_gradient_angle":{"unit":"deg","size":20,"sizes":[]},"background_overlay_opacity":{"unit":"px","size":0.979999999999999982236431605997495353221893310546875,"sizes":[]},"padding":{"unit":"px","top":"200","right":"0","bottom":"180","left":"0","isLinked":false},"padding_tablet":{"unit":"px","top":"100","right":"0","bottom":"100","left":"0","isLinked":false},"padding_mobile":{"unit":"px","top":"40","right":"0","bottom":"40","left":"0","isLinked":false}},"elements":[{"id":"611270f2","settings":{"_column_size":100,"_inline_size":null,"content_position":"center","heading_color":"#FFFFFF","color_text":"rgba(255, 255, 255, 0.8)","padding":{"unit":"px","top":"0","right":"0","bottom":"0","left":"0","isLinked":true},"_inline_size_tablet":100,"padding_tablet":{"unit":"px","top":"0","right":"0","bottom":"0","left":"0","isLinked":false},"padding_mobile":{"unit":"px","top":"0","right":"0","bottom":"0","left":"0","isLinked":true}},"elements":[{"id":"62013255","settings":{"content_width":{"unit":"px","size":1320,"sizes":[]},"gap":"wider","structure":"20","margin":{"unit":"px","top":"0","right":0,"bottom":"0","left":0,"isLinked":false}},"elements":[{"id":"e30852a","settings":{"_column_size":50,"_inline_size":39.41199999999999903366187936626374721527099609375,"padding_tablet":{"unit":"px","top":"20","right":"20","bottom":"20","left":"20","isLinked":true}},"elements":[{"id":"10078eb","settings":{"title":"Staying ahead of the future of information","typography_typography":"custom","header_size":"h4","typography_font_size":{"unit":"px","size":17,"sizes":[]},"typography_font_weight":"700","typography_text_transform":"uppercase","typography_letter_spacing":{"unit":"px","size":2,"sizes":[]},"_css_classes":"meta_deko"},"elements":[],"isInner":false,"widgetType":"heading","elType":"widget"},{"id":"55296842","settings":{"title":"We are always inspired by the world and people around us. <br\/>\nThe key to success of every magazine is the working relationship between its key employees, and those are editor in chief and art director.","typography_typography":"custom","typography_line_height":{"unit":"em","size":1.399999999999999911182158029987476766109466552734375,"sizes":[]},"header_size":"h4","typography_font_size":{"unit":"px","size":18,"sizes":[]}},"elements":[],"isInner":false,"widgetType":"heading","elType":"widget"}],"isInner":true,"elType":"column"},{"id":"769f4fc5","settings":{"_column_size":50,"_inline_size":60.58800000000000096633812063373625278472900390625,"hide_mobile":"hidden-phone"},"elements":[],"isInner":true,"elType":"column"}],"isInner":true,"elType":"section"}],"isInner":false,"elType":"column"}],"isInner":false,"elType":"section"},{"id":"7834b7a2","settings":{"content_width":{"unit":"px","size":1230,"sizes":[]},"gap":"wider","structure":"20","background_background":"classic","background_color":"#93939321","padding":{"unit":"px","top":"60","right":"0","bottom":"0","left":"0","isLinked":false},"padding_tablet":{"unit":"px","top":"20","right":"0","bottom":"20","left":"0","isLinked":false}},"elements":[{"id":"2889bb82","settings":{"_column_size":50,"_inline_size":27.059000000000001051603248924948275089263916015625,"padding":{"unit":"px","top":"30","right":"30","bottom":"0","left":"30","isLinked":false},"padding_tablet":{"unit":"px","top":"20","right":"20","bottom":"0","left":"20","isLinked":false}},"elements":[{"id":"76c13fa","settings":{"title":"Editorial Team","typography_typography":"custom","header_size":"h4","typography_font_size":{"unit":"px","size":17,"sizes":[]},"typography_font_weight":"700","typography_text_transform":"uppercase","typography_letter_spacing":{"unit":"px","size":2,"sizes":[]},"_css_classes":"meta_deko","_margin":{"unit":"px","top":"0","right":"0","bottom":"0","left":"0","isLinked":false}},"elements":[],"isInner":false,"widgetType":"heading","elType":"widget"}],"isInner":false,"elType":"column"},{"id":"608abd01","settings":{"_column_size":50,"_inline_size":72.941000000000002501110429875552654266357421875},"elements":[],"isInner":false,"elType":"column"}],"isInner":false,"elType":"section"},{"id":"45d83ddd","settings":{"gap":"extended","structure":"40","padding":{"unit":"px","top":"0","right":"0","bottom":"0","left":"0","isLinked":false},"content_width":{"unit":"px","size":1200,"sizes":[]},"background_background":"classic","background_color":"#93939321","background_color_stop":{"unit":"%","size":67,"sizes":[]},"background_color_b":"#f9f9f9","background_color_b_stop":{"unit":"%","size":0,"sizes":[]},"background_gradient_angle":{"unit":"deg","size":280,"sizes":[]},"margin":{"unit":"px","top":"0","right":0,"bottom":"0","left":0,"isLinked":false},"padding_tablet":{"unit":"px","top":"0","right":"0","bottom":"0","left":"0","isLinked":true}},"elements":[{"id":"ac391da","settings":{"_column_size":25,"_inline_size":null,"_inline_size_tablet":50,"padding_mobile":{"unit":"px","top":"20","right":"20","bottom":"20","left":"20","isLinked":true},"background_background":"classic","box_shadow_box_shadow":{"horizontal":0,"vertical":0,"blur":24,"spread":4,"color":"rgba(0, 0, 0, 0.2)"},"padding_tablet":{"unit":"px","top":"20","right":"20","bottom":"20","left":"20","isLinked":true},"background_color":"#FFFFFF","margin":{"unit":"px","top":"15","right":"15","bottom":"15","left":"15","isLinked":true},"margin_mobile":{"unit":"px","top":"0","right":"0","bottom":"0","left":"0","isLinked":true},"padding":{"unit":"px","top":"0","right":"0","bottom":"0","left":"0","isLinked":true},"margin_tablet":{"unit":"px","top":"0","right":"0","bottom":"0","left":"0","isLinked":true}},"elements":[{"id":"41eabfb6","settings":{"image":{"id":6430,"url":"http:\/\/capethemes.com\/demo\/newsource\/wp-content\/uploads\/2020\/10\/memb02.jpg"},"image_size":"custom","image_custom_dimension":{"width":"320","height":"300"}},"elements":[],"isInner":false,"widgetType":"image","elType":"widget"},{"id":"a41b726","settings":{"social_icon_list":[{"social_icon":{"value":"fab fa-facebook","library":"fa-brands"},"_id":"fae91a3"},{"social_icon":{"value":"fab fa-twitter","library":"fa-brands"},"_id":"0020360"},{"social_icon":{"value":"fab fa-medium","library":"fa-brands"},"_id":"717f52b"},{"social_icon":{"value":"fab fa-linkedin","library":"fa-brands"},"_id":"5f07300"}],"icon_color":"custom","icon_size":{"unit":"px","size":12,"sizes":[]},"icon_padding":{"unit":"em","size":1,"sizes":[]},"icon_spacing":{"unit":"px","size":0,"sizes":[]},"border_radius":{"unit":"px","top":"0","right":"0","bottom":"0","left":"0","isLinked":true},"_margin":{"unit":"px","top":"-40","right":"0","bottom":"0","left":"0","isLinked":false},"hover_primary_color":"#B7598F","__globals__":{"icon_primary_color":"globals\/colors?id=secondary","hover_primary_color":"globals\/colors?id=text"}},"elements":[],"isInner":false,"widgetType":"social-icons","elType":"widget"},{"id":"2c716f20","settings":{"title":"Lawrence Petrie","header_size":"h4","align":"center","_padding":{"unit":"px","top":"0","right":"20","bottom":"0","left":"20","isLinked":false},"title_color":"#252525"},"elements":[],"isInner":false,"widgetType":"heading","elType":"widget"},{"id":"65b8b099","settings":{"editor":"A keen yachtsman and editor of a cruising guide, Lawrence is constantly reminded of the effects of pollution in.","align":"center","typography_typography":"custom","typography_font_size":{"unit":"px","size":14,"sizes":[]},"_padding":{"unit":"px","top":"0","right":"30","bottom":"30","left":"30","isLinked":false},"text_color":"#474747"},"elements":[],"isInner":false,"widgetType":"text-editor","elType":"widget"}],"isInner":false,"elType":"column"},{"id":"64ff15b2","settings":{"_column_size":25,"_inline_size":null,"_inline_size_tablet":50,"padding_mobile":{"unit":"px","top":"20","right":"20","bottom":"20","left":"20","isLinked":true},"padding_tablet":{"unit":"px","top":"20","right":"20","bottom":"20","left":"20","isLinked":true},"background_background":"classic","background_color":"#FFFFFF","box_shadow_box_shadow":{"horizontal":0,"vertical":0,"blur":24,"spread":4,"color":"rgba(0, 0, 0, 0.2)"},"margin":{"unit":"px","top":"15","right":"15","bottom":"15","left":"15","isLinked":true},"margin_mobile":{"unit":"px","top":"0","right":"0","bottom":"0","left":"0","isLinked":true},"padding":{"unit":"px","top":"0","right":"0","bottom":"0","left":"0","isLinked":true},"margin_tablet":{"unit":"px","top":"0","right":"0","bottom":"0","left":"0","isLinked":true}},"elements":[{"id":"232f87ef","settings":{"image":{"id":6431,"url":"http:\/\/capethemes.com\/demo\/newsource\/wp-content\/uploads\/2020\/10\/memb09.jpg"},"image_size":"custom","image_custom_dimension":{"width":"320","height":"300"}},"elements":[],"isInner":false,"widgetType":"image","elType":"widget"},{"id":"2235b4e6","settings":{"social_icon_list":[{"social_icon":{"value":"fab fa-twitter","library":"fa-brands"},"_id":"0020360"},{"social_icon":{"value":"fab fa-github","library":"fa-brands"},"_id":"64cce7e"},{"social_icon":{"value":"fab fa-instagram","library":"fa-brands"},"_id":"5140a52"}],"icon_color":"custom","icon_size":{"unit":"px","size":12,"sizes":[]},"icon_padding":{"unit":"em","size":1,"sizes":[]},"icon_spacing":{"unit":"px","size":0,"sizes":[]},"border_radius":{"unit":"px","top":"0","right":"0","bottom":"0","left":"0","isLinked":true},"_margin":{"unit":"px","top":"-40","right":"0","bottom":"0","left":"0","isLinked":false},"__globals__":{"icon_primary_color":"globals\/colors?id=secondary","hover_primary_color":"globals\/colors?id=text"}},"elements":[],"isInner":false,"widgetType":"social-icons","elType":"widget"},{"id":"7ddb348b","settings":{"title":"Lucas Aquilani","header_size":"h4","align":"center","_padding":{"unit":"px","top":"0","right":"20","bottom":"0","left":"20","isLinked":false},"title_color":"#252525"},"elements":[],"isInner":false,"widgetType":"heading","elType":"widget"},{"id":"4eb0f593","settings":{"editor":"He is an avid beach-goer and commits to doing what he can to keep world beautiful, clean and healthy.","align":"center","typography_typography":"custom","typography_font_size":{"unit":"px","size":14,"sizes":[]},"_padding":{"unit":"px","top":"0","right":"30","bottom":"30","left":"30","isLinked":false},"text_color":"#545454"},"elements":[],"isInner":false,"widgetType":"text-editor","elType":"widget"}],"isInner":false,"elType":"column"},{"id":"4eec0809","settings":{"_column_size":25,"_inline_size":null,"_inline_size_tablet":50,"padding_mobile":{"unit":"px","top":"20","right":"20","bottom":"20","left":"20","isLinked":true},"padding_tablet":{"unit":"px","top":"20","right":"20","bottom":"20","left":"20","isLinked":true},"background_background":"classic","background_color":"#FFFFFF","box_shadow_box_shadow":{"horizontal":0,"vertical":0,"blur":24,"spread":4,"color":"rgba(0, 0, 0, 0.2)"},"margin":{"unit":"px","top":"15","right":"15","bottom":"15","left":"15","isLinked":true},"margin_mobile":{"unit":"px","top":"0","right":"0","bottom":"0","left":"0","isLinked":true},"padding":{"unit":"px","top":"0","right":"0","bottom":"0","left":"0","isLinked":true},"margin_tablet":{"unit":"px","top":"0","right":"0","bottom":"0","left":"0","isLinked":true}},"elements":[{"id":"52532b96","settings":{"image":{"id":6432,"url":"http:\/\/capethemes.com\/demo\/newsource\/wp-content\/uploads\/2020\/10\/memb06.jpg"},"image_size":"custom","image_custom_dimension":{"width":"320","height":"300"}},"elements":[],"isInner":false,"widgetType":"image","elType":"widget"},{"id":"3f9241bd","settings":{"social_icon_list":[{"social_icon":{"value":"fab fa-facebook","library":"fa-brands"},"_id":"fae91a3"},{"social_icon":{"value":"fab fa-twitter","library":"fa-brands"},"_id":"0020360"},{"social_icon":{"value":"fab fa-youtube","library":"fa-brands"},"_id":"e7cab80"},{"social_icon":{"value":"fab fa-medium","library":"fa-brands"},"_id":"023c2b9"}],"icon_color":"custom","icon_size":{"unit":"px","size":12,"sizes":[]},"icon_padding":{"unit":"em","size":1,"sizes":[]},"icon_spacing":{"unit":"px","size":0,"sizes":[]},"border_radius":{"unit":"px","top":"0","right":"0","bottom":"0","left":"0","isLinked":true},"_margin":{"unit":"px","top":"-40","right":"0","bottom":"0","left":"0","isLinked":false},"__globals__":{"icon_primary_color":"globals\/colors?id=secondary","hover_primary_color":"globals\/colors?id=text"}},"elements":[],"isInner":false,"widgetType":"social-icons","elType":"widget"},{"id":"5bbfe5f9","settings":{"title":"Ruth Aquilani","header_size":"h4","align":"center","_padding":{"unit":"px","top":"0","right":"20","bottom":"0","left":"20","isLinked":false},"title_color":"#4B4B4B"},"elements":[],"isInner":false,"widgetType":"heading","elType":"widget"},{"id":"29cf208d","settings":{"editor":"The appreciation and love that she has for wildlife and animals makes her especially concerned about environment","align":"center","typography_typography":"custom","typography_font_size":{"unit":"px","size":14,"sizes":[]},"_padding":{"unit":"px","top":"0","right":"30","bottom":"30","left":"30","isLinked":false},"text_color":"#474747"},"elements":[],"isInner":false,"widgetType":"text-editor","elType":"widget"}],"isInner":false,"elType":"column"},{"id":"7a76f650","settings":{"_column_size":25,"_inline_size":null,"_inline_size_tablet":50,"padding_mobile":{"unit":"px","top":"20","right":"20","bottom":"20","left":"20","isLinked":true},"padding_tablet":{"unit":"px","top":"20","right":"20","bottom":"20","left":"20","isLinked":true},"background_background":"classic","background_color":"#FFFFFF","box_shadow_box_shadow":{"horizontal":0,"vertical":0,"blur":24,"spread":4,"color":"rgba(0, 0, 0, 0.2)"},"margin":{"unit":"px","top":"15","right":"15","bottom":"15","left":"15","isLinked":true},"margin_mobile":{"unit":"px","top":"0","right":"0","bottom":"0","left":"0","isLinked":true},"padding":{"unit":"px","top":"0","right":"0","bottom":"0","left":"0","isLinked":true},"margin_tablet":{"unit":"px","top":"0","right":"0","bottom":"0","left":"0","isLinked":true}},"elements":[{"id":"70b405a4","settings":{"image":{"id":6433,"url":"http:\/\/capethemes.com\/demo\/newsource\/wp-content\/uploads\/2020\/10\/memb01.jpg"},"image_size":"custom","image_custom_dimension":{"width":"320","height":"300"}},"elements":[],"isInner":false,"widgetType":"image","elType":"widget"},{"id":"696edf98","settings":{"social_icon_list":[{"social_icon":{"value":"fab fa-facebook","library":"fa-brands"},"_id":"fae91a3"},{"social_icon":{"value":"fab fa-twitter","library":"fa-brands"},"_id":"0020360"},{"social_icon":{"value":"fab fa-youtube","library":"fa-brands"},"_id":"e7cab80"}],"icon_color":"custom","icon_size":{"unit":"px","size":12,"sizes":[]},"icon_padding":{"unit":"em","size":1,"sizes":[]},"icon_spacing":{"unit":"px","size":0,"sizes":[]},"border_radius":{"unit":"px","top":"0","right":"0","bottom":"0","left":"0","isLinked":true},"_margin":{"unit":"px","top":"-40","right":"0","bottom":"0","left":"0","isLinked":false},"__globals__":{"icon_primary_color":"globals\/colors?id=secondary","hover_primary_color":"globals\/colors?id=text"}},"elements":[],"isInner":false,"widgetType":"social-icons","elType":"widget"},{"id":"2b583047","settings":{"title":"Jane Ansems","header_size":"h4","align":"center","_padding":{"unit":"px","top":"0","right":"20","bottom":"0","left":"20","isLinked":false},"title_color":"#252525"},"elements":[],"isInner":false,"widgetType":"heading","elType":"widget"},{"id":"55e617e3","settings":{"editor":"The appreciation and love that she has for wildlife and animals makes her especially concerned about environment","align":"center","typography_typography":"custom","typography_font_size":{"unit":"px","size":14,"sizes":[]},"_padding":{"unit":"px","top":"0","right":"30","bottom":"30","left":"30","isLinked":false},"text_color":"#474747"},"elements":[],"isInner":false,"widgetType":"text-editor","elType":"widget"}],"isInner":false,"elType":"column"}],"isInner":false,"elType":"section"},{"id":"5dc46da5","settings":{"gap":"extended","structure":"40","padding":{"unit":"px","top":"0","right":"0","bottom":"60","left":"0","isLinked":false},"content_width":{"unit":"px","size":1200,"sizes":[]},"background_background":"classic","background_color":"#93939321","background_color_stop":{"unit":"%","size":67,"sizes":[]},"background_color_b":"#f9f9f9","background_color_b_stop":{"unit":"%","size":0,"sizes":[]},"background_gradient_angle":{"unit":"deg","size":280,"sizes":[]},"margin":{"unit":"px","top":"0","right":0,"bottom":"0","left":0,"isLinked":false},"padding_tablet":{"unit":"px","top":"0","right":"0","bottom":"0","left":"0","isLinked":true}},"elements":[{"id":"7cb41110","settings":{"_column_size":25,"_inline_size":null,"_inline_size_tablet":50,"padding_mobile":{"unit":"px","top":"20","right":"20","bottom":"20","left":"20","isLinked":true},"background_background":"classic","box_shadow_box_shadow":{"horizontal":0,"vertical":0,"blur":24,"spread":4,"color":"rgba(0, 0, 0, 0.2)"},"padding_tablet":{"unit":"px","top":"20","right":"20","bottom":"20","left":"20","isLinked":true},"background_color":"#FFFFFF","margin":{"unit":"px","top":"15","right":"15","bottom":"15","left":"15","isLinked":true},"margin_mobile":{"unit":"px","top":"0","right":"0","bottom":"0","left":"0","isLinked":true},"padding":{"unit":"px","top":"0","right":"0","bottom":"0","left":"0","isLinked":true},"margin_tablet":{"unit":"px","top":"0","right":"0","bottom":"0","left":"0","isLinked":true}},"elements":[{"id":"55c5b2fd","settings":{"image":{"id":6434,"url":"http:\/\/capethemes.com\/demo\/newsource\/wp-content\/uploads\/2020\/10\/memb03.jpg"},"image_size":"custom","image_custom_dimension":{"width":"320","height":"300"}},"elements":[],"isInner":false,"widgetType":"image","elType":"widget"},{"id":"5d77029f","settings":{"social_icon_list":[{"social_icon":{"value":"fab fa-facebook","library":"fa-brands"},"_id":"fae91a3"},{"social_icon":{"value":"fab fa-twitter","library":"fa-brands"},"_id":"0020360"},{"social_icon":{"value":"fab fa-medium","library":"fa-brands"},"_id":"717f52b"},{"social_icon":{"value":"fab fa-linkedin","library":"fa-brands"},"_id":"5f07300"}],"icon_color":"custom","icon_size":{"unit":"px","size":12,"sizes":[]},"icon_padding":{"unit":"em","size":1,"sizes":[]},"icon_spacing":{"unit":"px","size":0,"sizes":[]},"border_radius":{"unit":"px","top":"0","right":"0","bottom":"0","left":"0","isLinked":true},"_margin":{"unit":"px","top":"-40","right":"0","bottom":"0","left":"0","isLinked":false},"__globals__":{"icon_primary_color":"globals\/colors?id=secondary","hover_primary_color":"globals\/colors?id=text"}},"elements":[],"isInner":false,"widgetType":"social-icons","elType":"widget"},{"id":"79f8d2b8","settings":{"title":"Jack Peters","header_size":"h4","align":"center","_padding":{"unit":"px","top":"0","right":"20","bottom":"0","left":"20","isLinked":false},"title_color":"#252525"},"elements":[],"isInner":false,"widgetType":"heading","elType":"widget"},{"id":"76f9e303","settings":{"editor":"A keen yachtsman and editor of a cruising guide, Lawrence is constantly reminded of the effects of pollution in.","align":"center","typography_typography":"custom","typography_font_size":{"unit":"px","size":14,"sizes":[]},"_padding":{"unit":"px","top":"0","right":"30","bottom":"30","left":"30","isLinked":false},"text_color":"#595959"},"elements":[],"isInner":false,"widgetType":"text-editor","elType":"widget"}],"isInner":false,"elType":"column"},{"id":"5159bb17","settings":{"_column_size":25,"_inline_size":null,"_inline_size_tablet":50,"padding_mobile":{"unit":"px","top":"20","right":"20","bottom":"20","left":"20","isLinked":true},"padding_tablet":{"unit":"px","top":"20","right":"20","bottom":"20","left":"20","isLinked":true},"background_background":"classic","background_color":"#FFFFFF","box_shadow_box_shadow":{"horizontal":0,"vertical":0,"blur":24,"spread":4,"color":"rgba(0, 0, 0, 0.2)"},"margin":{"unit":"px","top":"15","right":"15","bottom":"15","left":"15","isLinked":true},"margin_mobile":{"unit":"px","top":"0","right":"0","bottom":"0","left":"0","isLinked":true},"padding":{"unit":"px","top":"0","right":"0","bottom":"0","left":"0","isLinked":true},"margin_tablet":{"unit":"px","top":"0","right":"0","bottom":"0","left":"0","isLinked":true}},"elements":[{"id":"55621b6f","settings":{"image":{"id":6435,"url":"http:\/\/capethemes.com\/demo\/newsource\/wp-content\/uploads\/2020\/10\/memb04.jpg"},"image_size":"custom","image_custom_dimension":{"width":"320","height":"300"}},"elements":[],"isInner":false,"widgetType":"image","elType":"widget"},{"id":"708dce51","settings":{"social_icon_list":[{"social_icon":{"value":"fab fa-twitter","library":"fa-brands"},"_id":"0020360"},{"social_icon":{"value":"fab fa-github","library":"fa-brands"},"_id":"64cce7e"},{"social_icon":{"value":"fab fa-instagram","library":"fa-brands"},"_id":"5140a52"}],"icon_color":"custom","icon_size":{"unit":"px","size":12,"sizes":[]},"icon_padding":{"unit":"em","size":1,"sizes":[]},"icon_spacing":{"unit":"px","size":0,"sizes":[]},"border_radius":{"unit":"px","top":"0","right":"0","bottom":"0","left":"0","isLinked":true},"_margin":{"unit":"px","top":"-40","right":"0","bottom":"0","left":"0","isLinked":false},"__globals__":{"icon_primary_color":"globals\/colors?id=secondary","hover_primary_color":"globals\/colors?id=text"}},"elements":[],"isInner":false,"widgetType":"social-icons","elType":"widget"},{"id":"5be4ac66","settings":{"title":"Lora Portilla","header_size":"h4","align":"center","_padding":{"unit":"px","top":"0","right":"20","bottom":"0","left":"20","isLinked":false},"title_color":"#252525"},"elements":[],"isInner":false,"widgetType":"heading","elType":"widget"},{"id":"40958804","settings":{"editor":"She is an avid forest-goer and commits to doing what she can to keep world beautiful, clean and healthy.","align":"center","typography_typography":"custom","typography_font_size":{"unit":"px","size":14,"sizes":[]},"_padding":{"unit":"px","top":"0","right":"30","bottom":"30","left":"30","isLinked":false},"text_color":"#4D4D4D"},"elements":[],"isInner":false,"widgetType":"text-editor","elType":"widget"}],"isInner":false,"elType":"column"},{"id":"367bd4a7","settings":{"_column_size":25,"_inline_size":null,"_inline_size_tablet":50,"padding_mobile":{"unit":"px","top":"20","right":"20","bottom":"20","left":"20","isLinked":true},"padding_tablet":{"unit":"px","top":"20","right":"20","bottom":"20","left":"20","isLinked":true},"background_background":"classic","background_color":"#FFFFFF","box_shadow_box_shadow":{"horizontal":0,"vertical":0,"blur":24,"spread":4,"color":"rgba(0, 0, 0, 0.2)"},"margin":{"unit":"px","top":"15","right":"15","bottom":"15","left":"15","isLinked":true},"margin_mobile":{"unit":"px","top":"0","right":"0","bottom":"0","left":"0","isLinked":true},"padding":{"unit":"px","top":"0","right":"0","bottom":"0","left":"0","isLinked":true},"margin_tablet":{"unit":"px","top":"0","right":"0","bottom":"0","left":"0","isLinked":true}},"elements":[{"id":"51fee884","settings":{"image":{"id":6436,"url":"http:\/\/capethemes.com\/demo\/newsource\/wp-content\/uploads\/2020\/10\/memb08.jpg"},"image_size":"custom","image_custom_dimension":{"width":"320","height":"300"}},"elements":[],"isInner":false,"widgetType":"image","elType":"widget"},{"id":"4476dcb8","settings":{"social_icon_list":[{"social_icon":{"value":"fab fa-facebook","library":"fa-brands"},"_id":"fae91a3"},{"social_icon":{"value":"fab fa-twitter","library":"fa-brands"},"_id":"0020360"},{"social_icon":{"value":"fab fa-youtube","library":"fa-brands"},"_id":"e7cab80"},{"social_icon":{"value":"fab fa-medium","library":"fa-brands"},"_id":"023c2b9"}],"icon_color":"custom","icon_size":{"unit":"px","size":12,"sizes":[]},"icon_padding":{"unit":"em","size":1,"sizes":[]},"icon_spacing":{"unit":"px","size":0,"sizes":[]},"border_radius":{"unit":"px","top":"0","right":"0","bottom":"0","left":"0","isLinked":true},"_margin":{"unit":"px","top":"-40","right":"0","bottom":"0","left":"0","isLinked":false},"__globals__":{"icon_primary_color":"globals\/colors?id=secondary","hover_primary_color":"globals\/colors?id=text"}},"elements":[],"isInner":false,"widgetType":"social-icons","elType":"widget"},{"id":"1b9cfa1d","settings":{"title":"Anna Phillips","header_size":"h4","align":"center","_padding":{"unit":"px","top":"0","right":"20","bottom":"0","left":"20","isLinked":false},"title_color":"#252525"},"elements":[],"isInner":false,"widgetType":"heading","elType":"widget"},{"id":"5ade0743","settings":{"editor":"She is an avid beach-goer and commits to doing what she can to keep world beautiful, clean and healthy.","align":"center","typography_typography":"custom","typography_font_size":{"unit":"px","size":14,"sizes":[]},"_padding":{"unit":"px","top":"0","right":"30","bottom":"30","left":"30","isLinked":false},"text_color":"#575757"},"elements":[],"isInner":false,"widgetType":"text-editor","elType":"widget"}],"isInner":false,"elType":"column"},{"id":"4b5e5369","settings":{"_column_size":25,"_inline_size":null,"_inline_size_tablet":50,"padding_mobile":{"unit":"px","top":"20","right":"20","bottom":"20","left":"20","isLinked":true},"padding_tablet":{"unit":"px","top":"20","right":"20","bottom":"20","left":"20","isLinked":true},"background_background":"classic","background_color":"#FFFFFF","box_shadow_box_shadow":{"horizontal":0,"vertical":0,"blur":24,"spread":4,"color":"rgba(0, 0, 0, 0.2)"},"margin":{"unit":"px","top":"15","right":"15","bottom":"15","left":"15","isLinked":true},"margin_mobile":{"unit":"px","top":"0","right":"0","bottom":"0","left":"0","isLinked":true},"padding":{"unit":"px","top":"0","right":"0","bottom":"0","left":"0","isLinked":true},"margin_tablet":{"unit":"px","top":"0","right":"0","bottom":"0","left":"0","isLinked":true}},"elements":[{"id":"48c7705c","settings":{"image":{"id":6437,"url":"http:\/\/capethemes.com\/demo\/newsource\/wp-content\/uploads\/2020\/10\/memb05.jpg"},"image_size":"custom","image_custom_dimension":{"width":"320","height":"300"}},"elements":[],"isInner":false,"widgetType":"image","elType":"widget"},{"id":"4019e80f","settings":{"social_icon_list":[{"social_icon":{"value":"fab fa-facebook","library":"fa-brands"},"_id":"fae91a3"},{"social_icon":{"value":"fab fa-twitter","library":"fa-brands"},"_id":"0020360"},{"social_icon":{"value":"fab fa-youtube","library":"fa-brands"},"_id":"e7cab80"}],"icon_color":"custom","icon_size":{"unit":"px","size":12,"sizes":[]},"icon_padding":{"unit":"em","size":1,"sizes":[]},"icon_spacing":{"unit":"px","size":0,"sizes":[]},"border_radius":{"unit":"px","top":"0","right":"0","bottom":"0","left":"0","isLinked":true},"_margin":{"unit":"px","top":"-40","right":"0","bottom":"0","left":"0","isLinked":false},"__globals__":{"icon_primary_color":"globals\/colors?id=secondary","hover_primary_color":"globals\/colors?id=text"}},"elements":[],"isInner":false,"widgetType":"social-icons","elType":"widget"},{"id":"403df2d2","settings":{"title":"Roland Walker","header_size":"h4","align":"center","_padding":{"unit":"px","top":"0","right":"20","bottom":"0","left":"20","isLinked":false},"title_color":"#252525"},"elements":[],"isInner":false,"widgetType":"heading","elType":"widget"},{"id":"71eafdd7","settings":{"editor":"The appreciation and love that she has for wildlife and animals makes her especially concerned about environment","align":"center","typography_typography":"custom","typography_font_size":{"unit":"px","size":14,"sizes":[]},"_padding":{"unit":"px","top":"0","right":"30","bottom":"30","left":"30","isLinked":false},"text_color":"#525252"},"elements":[],"isInner":false,"widgetType":"text-editor","elType":"widget"}],"isInner":false,"elType":"column"}],"isInner":false,"elType":"section"},{"id":"17b8c825","settings":{"content_width":{"unit":"px","size":1230,"sizes":[]},"gap":"wider","structure":"40","padding":{"unit":"px","top":"60","right":"0","bottom":"60","left":"0","isLinked":false},"padding_tablet":{"unit":"px","top":"40","right":"0","bottom":"40","left":"0","isLinked":false}},"elements":[{"id":"2d1fd5f1","settings":{"_column_size":25,"_inline_size":45.7349999999999994315658113919198513031005859375,"_inline_size_tablet":80,"padding_tablet":{"unit":"px","top":"20","right":"20","bottom":"20","left":"20","isLinked":true}},"elements":[{"id":"1b812c8","settings":{"title":"What we are doing?","typography_typography":"custom","typography_font_size":{"unit":"px","size":17,"sizes":[]},"typography_font_weight":"700","typography_text_transform":"uppercase","typography_letter_spacing":{"unit":"px","size":2,"sizes":[]},"_css_classes":"meta_deko"},"elements":[],"isInner":false,"widgetType":"heading","elType":"widget"},{"id":"35123588","settings":{"title":"We are here to meet your demand and write the most beneficial way for you.\nWe are always inspired by the world and people around us.","header_size":"h4","typography_typography":"custom","typography_line_height":{"unit":"em","size":1.399999999999999911182158029987476766109466552734375,"sizes":[]},"typography_font_family":"Vidaloka","typography_font_size":{"unit":"px","size":35,"sizes":[]},"typography_font_weight":"400"},"elements":[],"isInner":false,"widgetType":"heading","elType":"widget"},{"id":"5d974b17","settings":{"editor":"Years of studying classical and modern artand performance art in New York City taught us the value of artwork that feels as good as it looks.\nWe are always inspired by the world and people around us. "},"elements":[],"isInner":false,"widgetType":"text-editor","elType":"widget"}],"isInner":false,"elType":"column"},{"id":"2991ff46","settings":{"_column_size":25,"_inline_size":13.0890000000000004121147867408581078052520751953125},"elements":[],"isInner":false,"elType":"column"},{"id":"5201e771","settings":{"_column_size":25,"_inline_size":20.58800000000000096633812063373625278472900390625,"_inline_size_tablet":50,"content_position":"top","padding_tablet":{"unit":"px","top":"20","right":"20","bottom":"20","left":"20","isLinked":true}},"elements":[{"id":"1759d698","settings":{"title":"Become a freelance writer ","header_size":"h5","typography_line_height":{"unit":"em","size":1.5,"sizes":[]},"_margin":{"unit":"px","top":"30","right":"0","bottom":"0","left":"0","isLinked":false},"typography_typography":"custom","typography_font_size":{"unit":"px","size":17,"sizes":[]}},"elements":[],"isInner":false,"widgetType":"heading","elType":"widget"},{"id":"418e02b8","settings":{"title":"Start earning as a freelance writer with Writology","header_size":"p","typography_typography":"custom","typography_line_height":{"unit":"em","size":1.5,"sizes":[]},"typography_font_size":{"unit":"px","size":14,"sizes":[]}},"elements":[],"isInner":false,"widgetType":"heading","elType":"widget"},{"id":"495ad89f","settings":{"editor":"<ul><li>Set your own price list<\/li><li>No editors cutting your salary<\/li><li>Free plagiarism detector<\/li><li>Earn bonuses from customers<\/li><\/ul>","typography_typography":"custom","typography_font_size":{"unit":"px","size":14,"sizes":[]}},"elements":[],"isInner":false,"widgetType":"text-editor","elType":"widget"}],"isInner":false,"elType":"column"},{"id":"292cf51","settings":{"_column_size":25,"_inline_size":20.55199999999999960209606797434389591217041015625,"_inline_size_tablet":50,"content_position":"top","padding_tablet":{"unit":"px","top":"20","right":"20","bottom":"20","left":"20","isLinked":true}},"elements":[{"id":"44da4909","settings":{"title":"Ordering services ","header_size":"h5","_margin":{"unit":"px","top":"30","right":"0","bottom":"0","left":"0","isLinked":false},"typography_typography":"custom","typography_font_size":{"unit":"px","size":17,"sizes":[]},"typography_line_height":{"unit":"em","size":1.5,"sizes":[]}},"elements":[],"isInner":false,"widgetType":"heading","elType":"widget"},{"id":"682f508c","settings":{"editor":"<p>from our professional office writers<\/p>","text_color":"rgba(0, 0, 0, 0.5294117647058824)","typography_typography":"custom","typography_font_size":{"unit":"px","size":14,"sizes":[]},"typography_line_height":{"unit":"em","size":1.5,"sizes":[]}},"elements":[],"isInner":false,"widgetType":"text-editor","elType":"widget"},{"id":"7126e4aa","settings":{"editor":"<ul>\n \t<li>No need to look for a good writer<\/li>\n \t<li>Only professional writers<\/li>\n \t<li>24\/7 support<\/li>\n \t<li>100% plagiarism free papers<\/li>\n<\/ul>","typography_typography":"custom","typography_font_size":{"unit":"px","size":14,"sizes":[]}},"elements":[],"isInner":false,"widgetType":"text-editor","elType":"widget"}],"isInner":false,"elType":"column"}],"isInner":false,"elType":"section"}],"page_settings":[],"version":"0.4","title":"superblog-about","type":"page"}