{"sidebars":{"sidebar-contact":["filter_widget-2"],"property-left-sidebar":["filter_widget-3"],"search4_properties-sidebar":["filter_widget-8"],"idx-content-sidebar":["dsidx-listings-2"],"sidebar-default":["search-2","recent-posts-2","recent-comments-2","archives-2","categories-2","meta-2"],"header-search-sidebar":["filter_widget-9"],"properties-sidebar":["filter_widget-10","apus_mortgage_calculator-2"],"search1_properties-sidebar":["filter_widget-5"],"search2_properties-sidebar":["filter_widget-6"],"search3_properties-sidebar":["filter_widget-7"],"halfmap-sidebar":["filter_widget-11"],"single-property-sidebar":["agents_assigned_widget-3","enquire_widget-2","apus_mortgage_calculator-3","apus_properties-2","apus_recently_viewed-2"],"agencies-sidebar":["apus_properties-3","apus_recently_viewed-3"],"idx-sidebar":["dsidx-quicksearch-2","dsidx-listings-3"],"profile-sidebar":["apus_user_profile-2"],"blog-left-sidebar":[],"blog-right-sidebar":["apus_search-2","categories-3","apus_recent_post-2","archives-3","calendar-2","tag_cloud-2"]},"widgets":{"apus_contact_info":{"_multiwidget":1},"apus_custom_menu":{"_multiwidget":1},"apus_posts":{"_multiwidget":1},"apus_recent_comment":{"_multiwidget":1},"apus_recent_post":{"2":{"title":"Recent Posts","post_type":"post","number_post":"3","layout":"default"},"_multiwidget":1},"apus_search":{"2":{"title":"Search blog","post_type":"post"},"_multiwidget":1},"apus_single_image":{"_multiwidget":1},"apus_socials_widget":{"_multiwidget":1},"apus_user_profile":{"2":{"enable_short_info":"labels","nav_menu":"authenticated-user"},"_multiwidget":1},"apus_mortgage_calculator":{"2":{"title":"Mortgage Calculator"},"3":{"title":"Mortgage Calculator"},"_multiwidget":1},"apus_recently_viewed":{"2":{"title":"Recently Viewed","number":"3"},"3":{"title":"Recently Viewed","number":"4"},"_multiwidget":1},"apus_properties":{"2":{"title":"Feature Properties","number":"3","orderby":"featured"},"3":{"title":"Feature Properties","number":"3","orderby":"featured"},"_multiwidget":1},"pages":{"_multiwidget":1},"calendar":{"2":{"title":"Calendar"},"_multiwidget":1},"archives":{"2":{"title":"","count":0,"dropdown":0},"3":{"title":"Archives","count":0,"dropdown":0},"_multiwidget":1},"media_audio":{"_multiwidget":1},"media_image":{"_multiwidget":1},"media_video":{"_multiwidget":1},"meta":{"2":{"title":""},"_multiwidget":1},"search":{"2":{"title":""},"_multiwidget":1},"text":{"1":[],"_multiwidget":1},"categories":{"2":{"title":"","count":0,"hierarchical":0,"dropdown":0},"3":{"title":"Categories","count":0,"hierarchical":0,"dropdown":0},"_multiwidget":1},"recent-posts":{"2":{"title":"","number":5},"_multiwidget":1},"recent-comments":{"2":{"title":"","number":5},"_multiwidget":1},"rss":{"1":[],"_multiwidget":1},"tag_cloud":{"2":{"title":"Tags","count":0,"taxonomy":"post_tag"},"_multiwidget":1},"nav_menu":{"_multiwidget":1},"custom_html":{"_multiwidget":1},"agents_widget":{"_multiwidget":1},"agents_assigned_widget":{"3":{"title":"Contact Agent"},"_multiwidget":1},"filter_widget":{"2":{"title":"","button_text":"Search","input_titles":"labels","layout_type":"vertical","sort":",contract,property_title,id,location,property_type,amenity,status,material,price,rooms,baths,beds,year_built,home_area,lot_area,garages,featured,reduced,sticky,sold","hide_property_type":"on","hide_amenity":"on","hide_status":"on","hide_material":"on","hide_price":"on","hide_rooms":"on","hide_baths":"on","hide_beds":"on","hide_year_built":"on","hide_home_area":"on","hide_lot_area":"on","hide_garages":"on","hide_featured":"on","hide_reduced":"on","hide_sticky":"on","hide_sold":"on","show_adv_fields":"on","sort_adv":"","hide_adv_property_title":"on","hide_adv_id":"on","hide_adv_location":"on","hide_adv_property_type":"on","hide_adv_contract":"on","hide_adv_featured":"on","hide_adv_reduced":"on","hide_adv_sticky":"on","hide_adv_sold":"on"},"3":{"title":"Fillter Property","button_text":"Filter","input_titles":"placeholders","layout_type":"vertical","sort":",contract,property_title,property_type,baths,beds,garages,home_area,price,id,location,amenity,status,material,rooms,year_built,lot_area,featured,reduced,sticky,sold","hide_id":"on","hide_location":"on","hide_amenity":"on","hide_status":"on","hide_material":"on","hide_rooms":"on","hide_year_built":"on","hide_lot_area":"on","hide_featured":"on","hide_reduced":"on","hide_sticky":"on","hide_sold":"on","sort_adv":""},"5":{"title":"","button_text":"Search","input_titles":"placeholders","layout_type":"horizontal","price_min":"0","price_max":"1000000","sort":",contract,id,location,property_title,property_type,amenity,status,material,price,rooms,baths,beds,year_built,home_area,lot_area,garages,featured,reduced,sticky,sold","hide_id":"on","hide_location":"on","hide_amenity":"on","hide_status":"on","hide_material":"on","hide_price":"on","hide_rooms":"on","hide_baths":"on","hide_beds":"on","hide_year_built":"on","hide_home_area":"on","hide_lot_area":"on","hide_garages":"on","hide_featured":"on","hide_reduced":"on","hide_sticky":"on","hide_sold":"on","show_adv_fields":"on","sort_adv":",location,status,material,rooms,beds,baths,garages,property_title,price,id,home_area,lot_area,property_type,contract,year_built,featured,reduced,sticky,amenity,sold","hide_adv_property_title":"on","hide_adv_id":"on","hide_adv_property_type":"on","hide_adv_contract":"on","hide_adv_year_built":"on","hide_adv_sold":"on"},"6":{"title":"We helps you find out Your need Let's explore.","button_text":"Search","input_titles":"placeholders","layout_type":"horizontal","price_min":"0","price_max":"1000000","sort":",contract,id,location,property_title,property_type,amenity,status,material,price,rooms,baths,beds,year_built,home_area,lot_area,garages,featured,reduced,sticky,sold","hide_id":"on","hide_location":"on","hide_amenity":"on","hide_status":"on","hide_material":"on","hide_price":"on","hide_rooms":"on","hide_baths":"on","hide_beds":"on","hide_year_built":"on","hide_home_area":"on","hide_lot_area":"on","hide_garages":"on","hide_featured":"on","hide_reduced":"on","hide_sticky":"on","hide_sold":"on","show_adv_fields":"on","sort_adv":",location,status,material,rooms,beds,baths,garages,price,home_area,lot_area,property_title,id,property_type,contract,year_built,featured,reduced,sticky,amenity,sold","hide_adv_property_title":"on","hide_adv_id":"on","hide_adv_property_type":"on","hide_adv_contract":"on","hide_adv_year_built":"on","hide_adv_sold":"on"},"7":{"title":"","button_text":"Search","input_titles":"placeholders","layout_type":"vertical","price_min":"0","price_max":"1000000","sort":",contract,id,location,property_title,property_type,amenity,baths,beds,garages,status,home_area,lot_area,price,material,rooms,year_built,featured,reduced,sticky,sold","hide_id":"on","hide_location":"on","hide_amenity":"on","hide_status":"on","hide_material":"on","hide_rooms":"on","hide_year_built":"on","hide_featured":"on","hide_reduced":"on","hide_sticky":"on","hide_sold":"on","sort_adv":""},"8":{"title":"","button_text":"Search","input_titles":"placeholders","layout_type":"horizontal","price_min":"0","price_max":"1000000","sort":"","hide_id":"on","hide_amenity":"on","hide_status":"on","hide_contract":"on","hide_material":"on","hide_price":"on","hide_rooms":"on","hide_baths":"on","hide_beds":"on","hide_year_built":"on","hide_home_area":"on","hide_lot_area":"on","hide_garages":"on","hide_featured":"on","hide_reduced":"on","hide_sticky":"on","hide_sold":"on","sort_adv":""},"9":{"title":"","button_text":"Search","input_titles":"placeholders","layout_type":"horizontal","price_min":"0","price_max":"1000000","sort":",contract,id,location,property_title,property_type,amenity,status,material,price,rooms,baths,beds,year_built,home_area,lot_area,garages,featured,reduced,sticky,sold","hide_id":"on","hide_location":"on","hide_amenity":"on","hide_status":"on","hide_material":"on","hide_price":"on","hide_rooms":"on","hide_baths":"on","hide_beds":"on","hide_year_built":"on","hide_home_area":"on","hide_lot_area":"on","hide_garages":"on","hide_featured":"on","hide_reduced":"on","hide_sticky":"on","hide_sold":"on","show_adv_fields":"on","sort_adv":",location,status,material,rooms,beds,baths,garages,price,property_title,id,home_area,lot_area,property_type,contract,year_built,featured,reduced,sticky,amenity,sold","hide_adv_property_title":"on","hide_adv_id":"on","hide_adv_property_type":"on","hide_adv_contract":"on","hide_adv_year_built":"on","hide_adv_sold":"on"},"10":{"title":"","button_text":"Search","input_titles":"placeholders","layout_type":"vertical","price_min":"0","price_max":"1000000","sort":",contract,property_title,id,location,property_type,status,rooms,baths,beds,garages,year_built,home_area,lot_area,price,amenity,featured,sticky,material,reduced,sold","hide_id":"on","hide_status":"on","hide_rooms":"on","hide_year_built":"on","hide_amenity":"on","hide_material":"on","show_adv_fields":"on","sort_adv":"","hide_adv_property_title":"on","hide_adv_id":"on","hide_adv_location":"on","hide_adv_property_type":"on","hide_adv_status":"on","hide_adv_contract":"on","hide_adv_material":"on","hide_adv_price":"on","hide_adv_rooms":"on","hide_adv_baths":"on","hide_adv_beds":"on","hide_adv_year_built":"on","hide_adv_home_area":"on","hide_adv_lot_area":"on","hide_adv_garages":"on","hide_adv_featured":"on","hide_adv_reduced":"on","hide_adv_sticky":"on","hide_adv_sold":"on"},"11":{"title":"","button_text":"Search","input_titles":"placeholders","layout_type":"horizontal","price_min":"0","price_max":"1000000","sort":",property_title,location,property_type,beds,baths,garages,home_area,lot_area,price,id,amenity,status,contract,material,rooms,year_built,featured,reduced,sticky,sold","hide_beds":"on","hide_baths":"on","hide_garages":"on","hide_home_area":"on","hide_lot_area":"on","hide_price":"on","hide_id":"on","hide_amenity":"on","hide_status":"on","hide_contract":"on","hide_material":"on","hide_rooms":"on","hide_year_built":"on","hide_featured":"on","hide_reduced":"on","hide_sticky":"on","hide_sold":"on","show_adv_fields":"on","sort_adv":",location,status,material,rooms,beds,baths,property_title,garages,price,id,home_area,lot_area,property_type,contract,year_built,featured,reduced,sticky,amenity,sold","hide_adv_property_title":"on","hide_adv_id":"on","hide_adv_property_type":"on","hide_adv_contract":"on","hide_adv_year_built":"on","hide_adv_sold":"on"},"_multiwidget":1},"filter_rent_sale_widget":{"_multiwidget":1},"enquire_widget":{"2":{"title":"Enquire Form"},"_multiwidget":1},"properties_widget":{"_multiwidget":1},"properties_map":{"_multiwidget":1},"dsidx-quicksearch":{"2":{"title":"Real Estate Search","eDomain":null,"widgetType":"1"},"_multiwidget":1},"dsidx-search":{"_multiwidget":1},"dsidx-list-areas":{"_multiwidget":1},"dsidx-listings":{"2":{"listingsToShow":"25","sort":"DateAdded|DESC","defaultDisplay":"listed","querySource":"area","areaSourceConfig":{"type":"city","name":""},"title":"Latest Real Estate"},"3":{"listingsToShow":"4","sort":"DateAdded|DESC","defaultDisplay":"expanded","querySource":"area","areaSourceConfig":{"type":"city","name":""},"title":"Latest Real Estate"},"_multiwidget":1},"dsidx-single-listing":{"_multiwidget":1},"rev-slider-widget":{"_multiwidget":1},"wp_user_avatar_profile":{"_multiwidget":1},"mc4wp_form_widget":{"_multiwidget":1}}}