{"last_tab":"2","tt-breadcrumb":"1","rtl":"","logo-type":"1","text-logo":"","logo":{"url":"http:\/\/104.131.177.38\/demo\/creptaam\/ico-landing-light\/wp-content\/uploads\/sites\/4\/2018\/03\/logo-white.png","id":"184","height":"45","width":"166","thumbnail":"http:\/\/104.131.177.38\/demo\/creptaam\/ico-landing-light\/wp-content\/uploads\/sites\/4\/2018\/03\/logo-white-150x45.png","title":"logo-white","caption":"","alt":"","description":""},"mobile-logo":{"url":"","id":"","height":"","width":"","thumbnail":"","title":"","caption":"","alt":"","description":""},"sticky-logo":{"url":"http:\/\/104.131.177.38\/demo\/creptaam\/ico-landing-light\/wp-content\/uploads\/sites\/4\/2018\/03\/logo.png","id":"183","height":"45","width":"166","thumbnail":"http:\/\/104.131.177.38\/demo\/creptaam\/ico-landing-light\/wp-content\/uploads\/sites\/4\/2018\/03\/logo-150x45.png","title":"logo","caption":"","alt":"","description":""},"sticky-mobile-logo":{"url":"http:\/\/104.131.177.38\/demo\/creptaam\/ico-landing-light\/wp-content\/uploads\/sites\/4\/2018\/03\/logo.png","id":"183","height":"45","width":"166","thumbnail":"http:\/\/104.131.177.38\/demo\/creptaam\/ico-landing-light\/wp-content\/uploads\/sites\/4\/2018\/03\/logo-150x45.png","title":"logo","caption":"","alt":"","description":""},"logo-margin":{"margin-top":"","margin-right":"","margin-bottom":"","margin-left":""},"header-style":"header-transparent","menu-position":"navbar-center","navbar-margin":{"padding-top":"","padding-right":"","padding-bottom":"","padding-left":""},"navbar-height":{"padding-top":"","padding-right":"","padding-bottom":"","padding-left":""},"menu-bg-color":"","menu-color":"","menu-hover-color":"","mobile-menu-bg-color":"","mobile-menu-color":"","sticky-menu-visibility":"1","sticky-menu-bg-color":"","sticky-menu-color":"","sticky-menu-hover-color":"","header-top-visibility":"","topbar-style":"topbar-one","app-link":"Download the bitcoin app <span class=\"download-link\"><a href=\"#\">Download App<\/a><\/span>","header-market-status":"1","market-coin-limit":"2","header-social-link":"","header-top-bg":"","market-coin-limit2":"20","header-market-status2":"1","market-coin-limit3":"4","header-social-link2":"1","search-visibility":"1","search-bg-color":{"background-color":""},"cta-btn-visibility":"","cta-btn-text":"<i class=\"fa fa-phone\"><\/i> +0123 456 789","cta-btn-link":"#","cta-btn-bg":{"background-color":""},"page-header-visibility":"header-section-hide","header-bg-padding":{"padding-top":"","padding-right":"","padding-bottom":"","padding-left":""},"header-bg-margin":{"margin-top":"","margin-right":"","margin-bottom":"","margin-left":""},"page-title-color":"","page-header-overlay-option":"header-overlay-color","service-header-image":{"url":"","id":"","height":"","width":"","thumbnail":"","title":"","caption":"","alt":"","description":""},"page-header-image":{"url":"","id":"","height":"","width":"","thumbnail":"","title":"","caption":"","alt":"","description":""},"blog-header-image":{"url":"","id":"","height":"","width":"","thumbnail":"","title":"","caption":"","alt":"","description":""},"author-header-image":{"url":"","id":"","height":"","width":"","thumbnail":"","title":"","caption":"","alt":"","description":""},"category-header-image":{"url":"","id":"","height":"","width":"","thumbnail":"","title":"","caption":"","alt":"","description":""},"tag-header-image":{"url":"","id":"","height":"","width":"","thumbnail":"","title":"","caption":"","alt":"","description":""},"search-header-image":{"url":"","id":"","height":"","width":"","thumbnail":"","title":"","caption":"","alt":"","description":""},"archive-header-image":{"url":"","id":"","height":"","width":"","thumbnail":"","title":"","caption":"","alt":"","description":""},"body-bg-color":"#ffffff","accent-color":"#ffc100","link-color":"#ffc100","body-typography":{"font-family":"Open Sans","font-options":"","google":"1","font-weight":"400","font-style":"","subsets":"","font-size":"16px","line-height":"30px","color":"#565656"},"heading-typography":{"font-family":"Josefin Sans","font-options":"","google":"1","font-weight":"700","font-style":"","subsets":"","color":"#212121"},"h1-typography":{"font-size":"50px","line-height":"65px"},"h2-typography":{"font-size":"40px","line-height":"55px"},"h3-typography":{"font-size":"25px","line-height":"35px"},"h4-typography":{"font-size":"20px","line-height":"28px"},"h5-typography":{"font-size":"14px","line-height":"22px"},"h6-typography":{"font-size":"12px","line-height":"18px"},"blog-title":"","blog-subtitle":"","blog-page-search":"1","blog-overlay":"1","blog-sidebar":"right-sidebar","blog-column":"2","tt-post-meta":{"post-author":"","post-date":"","post-category":"1","post-comment":"","post-view":""},"show-share-button":"1","tt-share-button":{"facebook":"1","twitter":"1","google":"1","linkedin":"1"},"blog-page-nav":"1","page-sidebar":"right-sidebar","page-preloader":"1","loader-bg-color":"#ffffff","tt-loader":{"url":"","id":"","height":"","width":"","thumbnail":"","title":"","caption":"","alt":"","description":""},"404_text":"404","404_subtext":"OOPS! PAGE NOT FOUND","404_desc":"Sorry, we couldn't find the content you were looking for.","404_button_text":"Go Back Home","marquee-visibility":"","marquee-position":"marquee-bottom","marquee-limit":"20","marquee-bg-color":{"background-color":"#ffffff"},"marquee-text-color":"#828282","footer-style":"footer-onepage","footer-logo":{"url":"","id":"","height":"","width":"","thumbnail":"","title":"","caption":"","alt":"","description":""},"footer-retina-logo":{"url":"","id":"","height":"","width":"","thumbnail":"","title":"","caption":"","alt":"","description":""},"footer-about-text":"","social-icon-visibility":"1","footer-text":"","totop-visibility":"1","footer-bg":"","facebook-link":"#","twitter-link":"#","google-plus-link":"#","youtube-link":"#","pinterest-link":"#","flickr-link":"#","linkedin-link":"#","vimeo-link":"","instagram-link":"","dribbble-link":"#","behance-link":"#","redux-backup":"1"}