<?xml version="1.0" encoding="UTF-8" ?>
<!-- This is a WordPress eXtended RSS file generated by WordPress as an export of your site. -->
<!-- It contains information about your site's posts, pages, comments, categories, and other content. -->
<!-- You may use this file to transfer that content from one site to another. -->
<!-- This file is not intended to serve as a complete backup of your site. -->

<!-- To import this information into a WordPress site follow these steps: -->
<!-- 1. Log in to that site as an administrator. -->
<!-- 2. Go to Tools: Import in the WordPress admin panel. -->
<!-- 3. Install the "WordPress" importer from the list. -->
<!-- 4. Activate & Run Importer. -->
<!-- 5. Upload this file using the form provided on that page. -->
<!-- 6. You will first be asked to map the authors in this export file to users -->
<!--    on the site. For each author, you may choose to map to an -->
<!--    existing user on the site or to create a new user. -->
<!-- 7. WordPress will then import each of the posts, pages, comments, categories, etc. -->
<!--    contained in this file into your site. -->

<!-- generator="WordPress/4.9.7" created="2018-07-19 02:25" -->
<rss version="2.0"
	xmlns:excerpt="http://wordpress.org/export/1.2/excerpt/"
	xmlns:content="http://purl.org/rss/1.0/modules/content/"
	xmlns:wfw="http://wellformedweb.org/CommentAPI/"
	xmlns:dc="http://purl.org/dc/elements/1.1/"
	xmlns:wp="http://wordpress.org/export/1.2/"
>

<channel>
	<title>Devita Auto Parts</title>
	<link>http://demo.roadthemes.com/devita/autoparts</link>
	<description>Just another WordPress site</description>
	<pubDate>Thu, 19 Jul 2018 02:25:10 +0000</pubDate>
	<language>en-US</language>
	<wp:wxr_version>1.2</wp:wxr_version>
	<wp:base_site_url>http://demo.roadthemes.com/devita/autoparts</wp:base_site_url>
	<wp:base_blog_url>http://demo.roadthemes.com/devita/autoparts</wp:base_blog_url>

	<wp:author><wp:author_id>1</wp:author_id><wp:author_login><![CDATA[admin]]></wp:author_login><wp:author_email><![CDATA[demo@roadthemes.com]]></wp:author_email><wp:author_display_name><![CDATA[admin]]></wp:author_display_name><wp:author_first_name><![CDATA[]]></wp:author_first_name><wp:author_last_name><![CDATA[]]></wp:author_last_name></wp:author>


	<generator>https://wordpress.org/?v=4.9.7</generator>

	<item>
		<title>Auto Part Home 1</title>
		<link>http://demo.roadthemes.com/devita/autoparts/</link>
		<pubDate>Fri, 08 Jun 2018 02:57:47 +0000</pubDate>
		<dc:creator><![CDATA[admin]]></dc:creator>
		<guid isPermaLink="false">http://demo.roadthemes.com/devita/autoparts/?page_id=9518</guid>
		<description></description>
		<content:encoded><![CDATA[<p>[vc_row el_class="home-slider full-width" css=".vc_custom_1528430865206{margin-bottom: 30px !important;}"][vc_column][rev_slider_vc alias="home_slider_1"][/vc_column][/vc_row][vc_row el_class="home-static-1"][vc_column width="1/3" el_class="box box1"][vc_single_image image="9741" img_size="full" onclick="custom_link" el_class="box-inner" link="http://demo.roadthemes.com/devita/autoparts/shop/"][/vc_column][vc_column width="1/3" el_class="box box2"][vc_single_image image="9741" img_size="full" onclick="custom_link" el_class="box-inner" css=".vc_custom_1531879341849{margin-bottom: 0px !important;}" link="http://demo.roadthemes.com/devita/autoparts/shop/"][/vc_column][vc_column width="1/3" el_class="box box3"][vc_single_image image="9741" img_size="full" onclick="custom_link" el_class="box-inner" link="http://demo.roadthemes.com/devita/autoparts/shop/"][/vc_column][/vc_row][vc_row][vc_column][vc_column_text el_class="title1"]</p>
<h2>FEATURED PRODUCTS</h2>
<p>[/vc_column_text][featured_products_r per_page="6" columns="1" orderby="" order="" enable_slider="true" items="5" item_desktop="4" item_small="3" item_tablet="2" item_mobile="1" navigation="1" pagination="" speed="500" effect=""][/vc_column][/vc_row][vc_row el_class="home-static-1"][vc_column width="1/3" el_class="box box1"][vc_single_image image="9741" img_size="full" onclick="custom_link" el_class="box-inner" link="http://demo.roadthemes.com/devita/autoparts/shop/"][/vc_column][vc_column width="1/3" el_class="box box2"][vc_single_image image="9741" img_size="full" onclick="custom_link" el_class="box-inner" css=".vc_custom_1531879476421{margin-bottom: 0px !important;}" link="http://demo.roadthemes.com/devita/autoparts/shop/"][/vc_column][vc_column width="1/3" el_class="box box3"][vc_single_image image="9741" img_size="full" onclick="custom_link" el_class="box-inner" link="http://demo.roadthemes.com/devita/autoparts/shop/"][/vc_column][/vc_row][vc_row el_class="home-static-5" css=".vc_custom_1531887212778{padding-top: 0px !important;padding-bottom: 0px !important;background-position: center !important;background-repeat: no-repeat !important;background-size: cover !important;}"][vc_column width="5/12" el_class="col"][vc_column_text el_class="box-text" css=".vc_custom_1531903246956{margin-bottom: 0px !important;padding-top: 80px !important;}"]</p>
<h6>LOOKING FOR AUTOMOTIVE SERVICES?</h6>
<h4>CALL OUR SEVICE CENTER</h4>
<h3 style="color: #df2121;">+(012) 800 456 789</h3>
<h5>What ever the service, we have you covered.</h5>
<p><a class="button" href="http://demo.roadthemes.com/devita/autoparts/contact-us/">contact now</a>[/vc_column_text][/vc_column][vc_column width="7/12" el_class="col"][vc_single_image image="9578" img_size="full" alignment="center" el_class="box-image" css=".vc_custom_1531906494881{margin-bottom: 0px !important;}"][/vc_column][/vc_row][vc_row css=".vc_custom_1531904055838{margin-right: -60px !important;margin-left: -60px !important;padding-top: 60px !important;padding-right: 45px !important;padding-bottom: 60px !important;padding-left: 45px !important;background-color: #f8f9f9 !important;}" el_class="products-style2 layout2 box-bg box-container-full"][vc_column][vc_column_text el_class="title1"]</p>
<h2>BEST SELLING</h2>
<p>[/vc_column_text][vc_column_text el_class="category-links"]</p>
<ul>
<li><a href="#">Smart Phones &amp; Tablets</a></li>
<li><a href="#">Laptops &amp; Computers</a></li>
<li><a href="#">Video Cameras</a></li>
</ul>
<p>[/vc_column_text][/vc_column][vc_column width="2/3" el_class="special-product"][product id="9110"][/vc_column][vc_column width="1/3"][products columns="2" orderby="title" order="ASC" ids="8285, 8287"][/vc_column][/vc_row][vc_row css=".vc_custom_1531896526849{margin-right: 0px !important;margin-left: 0px !important;padding-top: 30px !important;padding-bottom: 30px !important;background: #df2121 url(http://roadthemes.com/api/devita/uploads/2018/04/newsleter_bg.png?id=9624) !important;background-position: 0 0 !important;background-repeat: no-repeat !important;}" el_class="newsletter-2"][vc_column][vc_column_text el_class="newsletter-inner"]</p>
<div class="title">
<div class="icon"><img class="alignnone size-full wp-image-9623" src="http://roadthemes.com/api/devita/uploads/2018/04/newsletter_icon.png" alt="" width="73" height="65" /></div>
<h6>Subscribe for Newsletter</h6>
<h4>Get Discount Coupon</h4>
</div>
<p>[mc4wp_form id="9116"][/vc_column_text][/vc_column][/vc_row][vc_row][vc_column width="1/2" el_class="products-style2 layout3"][vc_column_text el_class="title1"]</p>
<h2>SPECIAL PRODUCTS</h2>
<p>[/vc_column_text][sale_products_r per_page="9" columns="3" orderby="" order="" enable_slider="true" items="2" item_desktop="2" item_small="2" item_tablet="2" item_mobile="1" navigation="1" pagination="" speed="500" effect=""][/vc_column][vc_column width="1/2" el_class="latest-posts style4"][vc_column_text el_class="title1"]</p>
<h2>FROM OUR BLOG</h2>
<p>[/vc_column_text][latestposts colsnumber="1" enable_slider="true" items="2" item_desktop="2" item_small="2" item_tablet="2" item_mobile="1" navigation="1" pagination="" speed="500" effect=""][/vc_column][/vc_row]</p>
]]></content:encoded>
		<excerpt:encoded><![CDATA[]]></excerpt:encoded>
		<wp:post_id>9518</wp:post_id>
		<wp:post_date><![CDATA[2018-06-08 02:57:47]]></wp:post_date>
		<wp:post_date_gmt><![CDATA[2018-06-08 02:57:47]]></wp:post_date_gmt>
		<wp:comment_status><![CDATA[closed]]></wp:comment_status>
		<wp:ping_status><![CDATA[closed]]></wp:ping_status>
		<wp:post_name><![CDATA[auto-part-home-1]]></wp:post_name>
		<wp:status><![CDATA[publish]]></wp:status>
		<wp:post_parent>0</wp:post_parent>
		<wp:menu_order>0</wp:menu_order>
		<wp:post_type><![CDATA[page]]></wp:post_type>
		<wp:post_password><![CDATA[]]></wp:post_password>
		<wp:is_sticky>0</wp:is_sticky>
		<wp:postmeta>
			<wp:meta_key><![CDATA[_vc_post_settings]]></wp:meta_key>
			<wp:meta_value><![CDATA[a:1:{s:10:"vc_grid_id";a:0:{}}]]></wp:meta_value>
		</wp:postmeta>
		<wp:postmeta>
			<wp:meta_key><![CDATA[_edit_last]]></wp:meta_key>
			<wp:meta_value><![CDATA[1]]></wp:meta_value>
		</wp:postmeta>
		<wp:postmeta>
			<wp:meta_key><![CDATA[_wp_page_template]]></wp:meta_key>
			<wp:meta_value><![CDATA[page-templates/front-page.php]]></wp:meta_value>
		</wp:postmeta>
		<wp:postmeta>
			<wp:meta_key><![CDATA[slide_template]]></wp:meta_key>
			<wp:meta_value><![CDATA[default]]></wp:meta_value>
		</wp:postmeta>
		<wp:postmeta>
			<wp:meta_key><![CDATA[_devita_post_intro]]></wp:meta_key>
			<wp:meta_value><![CDATA[]]></wp:meta_value>
		</wp:postmeta>
		<wp:postmeta>
			<wp:meta_key><![CDATA[_devita_custom_sidebar]]></wp:meta_key>
			<wp:meta_value><![CDATA[]]></wp:meta_value>
		</wp:postmeta>
		<wp:postmeta>
			<wp:meta_key><![CDATA[_devita_custom_sidebar_pos]]></wp:meta_key>
			<wp:meta_value><![CDATA[left]]></wp:meta_value>
		</wp:postmeta>
		<wp:postmeta>
			<wp:meta_key><![CDATA[_wpb_vc_js_status]]></wp:meta_key>
			<wp:meta_value><![CDATA[true]]></wp:meta_value>
		</wp:postmeta>
		<wp:postmeta>
			<wp:meta_key><![CDATA[_wpb_shortcodes_custom_css]]></wp:meta_key>
			<wp:meta_value><![CDATA[.vc_custom_1528430865206{margin-bottom: 30px !important;}.vc_custom_1531887212778{padding-top: 0px !important;padding-bottom: 0px !important;background-position: center !important;background-repeat: no-repeat !important;background-size: cover !important;}.vc_custom_1531904055838{margin-right: -60px !important;margin-left: -60px !important;padding-top: 60px !important;padding-right: 45px !important;padding-bottom: 60px !important;padding-left: 45px !important;background-color: #f8f9f9 !important;}.vc_custom_1531896526849{margin-right: 0px !important;margin-left: 0px !important;padding-top: 30px !important;padding-bottom: 30px !important;background: #df2121 url(http://roadthemes.com/api/devita/uploads/2018/04/newsleter_bg.png?id=9624) !important;background-position: 0 0 !important;background-repeat: no-repeat !important;}.vc_custom_1531879341849{margin-bottom: 0px !important;}.vc_custom_1531879476421{margin-bottom: 0px !important;}.vc_custom_1531903246956{margin-bottom: 0px !important;padding-top: 80px !important;}.vc_custom_1531906494881{margin-bottom: 0px !important;}]]></wp:meta_value>
		</wp:postmeta>
	</item>
	<item>
		<title>Header Auto Parts 1</title>
		<link>http://demo.roadthemes.com/devita/autoparts/templatera/header-auto-parts-1/</link>
		<pubDate>Thu, 07 Jun 2018 09:36:38 +0000</pubDate>
		<dc:creator><![CDATA[admin]]></dc:creator>
		<guid isPermaLink="false">http://demo.roadthemes.com/devita/autoparts/?post_type=templatera&#038;p=9501</guid>
		<description></description>
		<content:encoded><![CDATA[<p>[vc_row el_class="header-block visible-large box-container-full" css=".vc_custom_1531904358637{background-color: #242424 !important;}"][vc_column][vc_column_text el_class="header-block-inner"]</p>
<div class="content">Get free shipping and a worry - Free 30 day money back guarantee when you ! <a class="link" href="http://demo.roadthemes.com/devita/shop/">Shop Online</a></div>
<div class="close"><i class="icon-x"></i>close</div>
<p>[/vc_column_text][/vc_column][/vc_row][vc_row el_class="top-bar" css=".vc_custom_1531814680709{margin-right: -15px !important;margin-left: -15px !important;}"][vc_column width="1/2" el_class="language-area"][vc_wp_custommenu title="Language:" nav_menu="48" el_class="language switcher"][vc_wp_custommenu title="Currency:" nav_menu="47" el_class="currency switcher"][/vc_column][vc_column width="1/2"][vc_wp_custommenu nav_menu="46" el_class="top-menu"][/vc_column][/vc_row][vc_row el_class="header-middle" css=".vc_custom_1531814650245{margin-right: -15px !important;margin-left: -15px !important;}"][vc_column width="1/4"][vc_single_image image="9618" img_size="full" onclick="custom_link" el_class="logo" link="http://demo.roadthemes.com/devita/autoparts/"][/vc_column][vc_column width="3/4"][vc_row_inner el_class="header-inner-content" css=".vc_custom_1523073138462{margin-right: -15px !important;margin-left: -15px !important;}"][vc_column_inner width="5/12"][vc_column_text el_class="header-phone"]</p>
<div class="image"><img class="alignnone size-full wp-image-9620" src="http://roadthemes.com/api/devita/uploads/2018/04/headphone_icon.png" alt="" width="32" height="32" /></div>
<div class="text">
<p>Call us</p>
<p>Free Support: (012) 800 456 789</div>
<p>[/vc_column_text][/vc_column_inner][vc_column_inner width="5/12"][roadproductssearch][/vc_column_inner][vc_column_inner width="1/6"][roadminicart][/vc_column_inner][/vc_row_inner][/vc_column][/vc_row][vc_row el_class="header-bottom box-container-full" css=".vc_custom_1531904387268{background-color: #ffffff !important;}"][vc_column width="2/3"][roadmainmenu][/vc_column][vc_column width="1/3"][vc_column_text el_class="social-icons-container"]</p>
<div class="social-icons">
<ul>
<li class="facebook"><a title="facebook" href="#"><i class="icon-facebook"></i>face</a></li>
<li class="twitter"><a title="twitter" href="#"><i class="icon-twitter2"></i>twitter</a></li>
<li class="instagram"><a title="instagram" href="#"><i class="icon-instagram2"></i>instagram</a></li>
<li class="google"><a title="google" href="#"><i class="icon-google"></i>google</a></li>
<li class="rss"><a title="rss" href="#"><i class="icon-rss"></i>rss</a></li>
<li class="dribbble"><a title="dribbble" href="#"><i class="icon-dribbble"></i>dribbble</a></li>
</ul>
</div>
<p>[/vc_column_text][/vc_column][/vc_row]</p>
]]></content:encoded>
		<excerpt:encoded><![CDATA[]]></excerpt:encoded>
		<wp:post_id>9501</wp:post_id>
		<wp:post_date><![CDATA[2018-06-07 09:36:38]]></wp:post_date>
		<wp:post_date_gmt><![CDATA[2018-06-07 09:36:38]]></wp:post_date_gmt>
		<wp:comment_status><![CDATA[closed]]></wp:comment_status>
		<wp:ping_status><![CDATA[closed]]></wp:ping_status>
		<wp:post_name><![CDATA[header-auto-parts-1]]></wp:post_name>
		<wp:status><![CDATA[publish]]></wp:status>
		<wp:post_parent>0</wp:post_parent>
		<wp:menu_order>0</wp:menu_order>
		<wp:post_type><![CDATA[templatera]]></wp:post_type>
		<wp:post_password><![CDATA[]]></wp:post_password>
		<wp:is_sticky>0</wp:is_sticky>
		<wp:postmeta>
			<wp:meta_key><![CDATA[_vc_post_settings]]></wp:meta_key>
			<wp:meta_value><![CDATA[a:1:{s:10:"vc_grid_id";a:0:{}}]]></wp:meta_value>
		</wp:postmeta>
		<wp:postmeta>
			<wp:meta_key><![CDATA[_edit_last]]></wp:meta_key>
			<wp:meta_value><![CDATA[1]]></wp:meta_value>
		</wp:postmeta>
		<wp:postmeta>
			<wp:meta_key><![CDATA[slide_template]]></wp:meta_key>
			<wp:meta_value><![CDATA[default]]></wp:meta_value>
		</wp:postmeta>
		<wp:postmeta>
			<wp:meta_key><![CDATA[_wpb_vc_js_status]]></wp:meta_key>
			<wp:meta_value><![CDATA[true]]></wp:meta_value>
		</wp:postmeta>
		<wp:postmeta>
			<wp:meta_key><![CDATA[_wpb_shortcodes_custom_css]]></wp:meta_key>
			<wp:meta_value><![CDATA[.vc_custom_1531904358637{background-color: #242424 !important;}.vc_custom_1531814680709{margin-right: -15px !important;margin-left: -15px !important;}.vc_custom_1531814650245{margin-right: -15px !important;margin-left: -15px !important;}.vc_custom_1531904387268{background-color: #ffffff !important;}.vc_custom_1523073138462{margin-right: -15px !important;margin-left: -15px !important;}]]></wp:meta_value>
		</wp:postmeta> 
	</item>
	<item>
		<title>Footer Auto Parts 1</title>
		<link>http://demo.roadthemes.com/devita/autoparts/templatera/footer-auto-parts-1/</link>
		<pubDate>Thu, 07 Jun 2018 09:37:54 +0000</pubDate>
		<dc:creator><![CDATA[admin]]></dc:creator>
		<guid isPermaLink="false">http://demo.roadthemes.com/devita/autoparts/?post_type=templatera&#038;p=9502</guid>
		<description></description>
		<content:encoded><![CDATA[<p>[vc_row el_class="brands-logo box-container-full" css=".vc_custom_1531904622808{padding-top: 30px !important;padding-bottom: 30px !important;background-color: #ffffff !important;}"][vc_column][ourbrands enable_slider="true" items="5" item_desktop="4" item_small="3" item_tablet="2" item_mobile="1" navigation="" pagination="" speed="500" effect=""][/vc_column][/vc_row][vc_row el_class="footer-top"][vc_column width="1/3" el_class="f-col"][vc_column_text el_class="footer-title"]</p>
<h3>About Us</h3>
<p>[/vc_column_text][vc_column_text el_class="footer-content"]We are a team of designers and developers that create high quality Magento, Prestashop, Opencart [...].<br />
<a class="view-map" href="#"><i class="icon-map-pin"></i>View on map</a></p>
<div class="social-icons">
<ul>
<li class="facebook"><a title="facebook" href="#"><i class="icon-facebook"></i>face</a></li>
<li class="twitter"><a title="twitter" href="#"><i class="icon-twitter2"></i>twitter</a></li>
<li class="instagram"><a title="instagram" href="#"><i class="icon-instagram2"></i>instagram</a></li>
<li class="google"><a title="google" href="#"><i class="icon-google"></i>google</a></li>
<li class="rss"><a title="rss" href="#"><i class="icon-rss"></i>rss</a></li>
<li class="dribbble"><a title="dribbble" href="#"><i class="icon-dribbble"></i>dribbble</a></li>
<li class="vimeo"><a title="vimeo" href="#"><i class="icon-vimeo"></i>vimeo</a></li>
<li class="pinterest"><a title="pinterest" href="#"><i class="icon-pinterest"></i>pinterest</a></li>
<li class="skype"><a title="skype" href="#"><i class="icon-skype"></i>skype</a></li>
</ul>
</div>
<p>[/vc_column_text][/vc_column][vc_column width="1/6" el_class="f-col"][vc_column_text el_class="footer-title"]</p>
<h3>Information</h3>
<p>[/vc_column_text][vc_wp_custommenu nav_menu="49" el_class="footer-content"][/vc_column][vc_column width="1/6" el_class="f-col"][vc_column_text el_class="footer-title"]</p>
<h3>My Account</h3>
<p>[/vc_column_text][vc_wp_custommenu nav_menu="50" el_class="footer-content"][/vc_column][vc_column width="1/3" el_class="f-col"][vc_column_text el_class="footer-title"]</p>
<h3>Contact Us</h3>
<p>[/vc_column_text][vc_column_text el_class="footer-content"]Address: 123 Main Street, Anytown, CA 12345 - USA.<br />
Telephone Enquiry: (012) 800 456 789-987<br />
Email: Contact@plazathemes.com[/vc_column_text][vc_column_text el_class="footer-title"]</p>
<h3>Opening Time</h3>
<p>[/vc_column_text][vc_column_text el_class="footer-content"]</p>
<ul>
<li>Open: <strong>8:00 AM</strong> - Close: <strong>18:00 PM</strong></li>
<li>Saturday - Sunday: Close</li>
</ul>
<p>[/vc_column_text][/vc_column][/vc_row][vc_row el_class="footer-middle"][vc_column][vc_wp_custommenu nav_menu="51" el_class="footer-menu-links"][vc_wp_custommenu nav_menu="52" el_class="footer-menu-links"][vc_single_image image="9306" img_size="full" alignment="center" el_class="payment"][/vc_column][/vc_row][vc_row el_class="footer-bottom" css=".vc_custom_1531815906325{margin-right: 0px !important;margin-left: 0px !important;border-top-width: 1px !important;background-color: #242424 !important;border-top-color: #2d2d2d !important;border-top-style: solid !important;}"][vc_column][vc_column_text el_class="copy-right"]Copyright © 2018 PlazaThemes. All Right Reserved.[/vc_column_text][/vc_column][/vc_row]</p>
]]></content:encoded>
		<excerpt:encoded><![CDATA[]]></excerpt:encoded>
		<wp:post_id>9502</wp:post_id>
		<wp:post_date><![CDATA[2018-06-07 09:37:54]]></wp:post_date>
		<wp:post_date_gmt><![CDATA[2018-06-07 09:37:54]]></wp:post_date_gmt>
		<wp:comment_status><![CDATA[closed]]></wp:comment_status>
		<wp:ping_status><![CDATA[closed]]></wp:ping_status>
		<wp:post_name><![CDATA[footer-auto-parts-1]]></wp:post_name>
		<wp:status><![CDATA[publish]]></wp:status>
		<wp:post_parent>0</wp:post_parent>
		<wp:menu_order>0</wp:menu_order>
		<wp:post_type><![CDATA[templatera]]></wp:post_type>
		<wp:post_password><![CDATA[]]></wp:post_password>
		<wp:is_sticky>0</wp:is_sticky>
		<wp:postmeta>
			<wp:meta_key><![CDATA[_vc_post_settings]]></wp:meta_key>
			<wp:meta_value><![CDATA[a:1:{s:10:"vc_grid_id";a:0:{}}]]></wp:meta_value>
		</wp:postmeta>
		<wp:postmeta>
			<wp:meta_key><![CDATA[_edit_last]]></wp:meta_key>
			<wp:meta_value><![CDATA[1]]></wp:meta_value>
		</wp:postmeta>
		<wp:postmeta>
			<wp:meta_key><![CDATA[slide_template]]></wp:meta_key>
			<wp:meta_value><![CDATA[default]]></wp:meta_value>
		</wp:postmeta>
		<wp:postmeta>
			<wp:meta_key><![CDATA[_wpb_vc_js_status]]></wp:meta_key>
			<wp:meta_value><![CDATA[true]]></wp:meta_value>
		</wp:postmeta>
		<wp:postmeta>
			<wp:meta_key><![CDATA[_wpb_shortcodes_custom_css]]></wp:meta_key>
			<wp:meta_value><![CDATA[.vc_custom_1531904622808{padding-top: 30px !important;padding-bottom: 30px !important;background-color: #ffffff !important;}.vc_custom_1531815906325{margin-right: 0px !important;margin-left: 0px !important;border-top-width: 1px !important;background-color: #242424 !important;border-top-color: #2d2d2d !important;border-top-style: solid !important;}]]></wp:meta_value>
		</wp:postmeta> 
	</item>
</channel>
</rss>
