{"menu_theme":"Default","theme_type":"default","theme_location_menu":"0","submenu_submenu_arrow_width":"40","submenu_submenu_arrow_width_unit":"px","submenu_submenu_arrow_height":"39","submenu_submenu_arrow_height_unit":"px","submenu_arrow_position":"right","submenu_sub_arrow_background_colour":"rgba(33,33,33,0)","submenu_sub_arrow_background_hover_colour":"rgba(63,63,63,0)","submenu_sub_arrow_background_colour_active":"rgba(33,33,33,0)","submenu_sub_arrow_background_hover_colour_active":"rgba(63,63,63,0)","submenu_sub_arrow_border_width":"","submenu_sub_arrow_border_width_unit":"px","submenu_sub_arrow_border_colour":"#1d4354","submenu_sub_arrow_border_hover_colour":"#3f3f3f","submenu_sub_arrow_border_colour_active":"#1d4354","submenu_sub_arrow_border_hover_colour_active":"#3f3f3f","submenu_sub_arrow_shape_colour":"#fff","submenu_sub_arrow_shape_hover_colour":"#fff","submenu_sub_arrow_shape_colour_active":"#fff","submenu_sub_arrow_shape_hover_colour_active":"#fff","use_header_bar":"off","header_bar_items_order":{"logo":"off","title":"on","additional content":"off","menu":"on","search":"off"},"header_bar_title":"Responsive Menu","header_bar_html_content":"","header_bar_logo":"","header_bar_logo_link":"","header_bar_logo_width":"","header_bar_logo_width_unit":"%","header_bar_logo_height":"","header_bar_logo_height_unit":"px","header_bar_height":"80","header_bar_height_unit":"px","header_bar_padding":{"top":"0px","right":"5%","bottom":"0px","left":"5%"},"header_bar_font":"","header_bar_font_size":"14","header_bar_font_size_unit":"px","header_bar_text_color":"#ffffff","header_bar_background_color":"#1d4354","header_bar_breakpoint":"8000","header_bar_position_type":"fixed","header_bar_adjust_page":"on","header_bar_scroll_enable":"off","header_bar_scroll_background_color":"#36bdf6","mobile_breakpoint":"600","tablet_breakpoint":"1000","transition_speed":"0.5","sub_menu_speed":"0.2","show_menu_on_page_load":"off","menu_disable_scrolling":"off","menu_overlay":"off","menu_overlay_colour":"rgba(0,0,0,0.7)","desktop_menu_width":"","desktop_menu_width_unit":"%","desktop_menu_positioning":"absolute","desktop_menu_side":"left","desktop_menu_to_hide":"","use_current_theme_location":"off","mega_menu":{"225":"off","227":"off","229":"off","228":"off","226":"off"},"desktop_submenu_open_animation":"none","desktop_submenu_open_animation_speed":"100ms","desktop_submenu_open_on_click":"off","desktop_menu_hide_and_show":"off","menu_name":"Anthemes Menu","menu_to_use":"anthemes","different_menu_for_mobile":"off","menu_to_use_in_mobile":"main-menu","use_mobile_menu":"on","use_tablet_menu":"on","use_desktop_menu":"off","menu_display_on":"all-pages","menu_to_hide":"","submenu_descriptions_on":"off","custom_walker":"","menu_background_colour":"rgba(0,0,0,0)","menu_depth":"5","smooth_scroll_on":"off","smooth_scroll_speed":"500","menu_font_icons":{"id":["225"],"icon":[""]},"menu_links_height":"40","menu_links_height_unit":"px","menu_links_line_height":"40","menu_links_line_height_unit":"px","menu_depth_0":"10","menu_depth_0_unit":"%","menu_font_size":"15","menu_font_size_unit":"px","menu_font":"","menu_font_weight":"normal","menu_text_alignment":"left","menu_text_letter_spacing":"","menu_word_wrap":"off","menu_link_colour":"#fff","menu_link_hover_colour":"#fff","menu_current_link_colour":"#fff","menu_current_link_hover_colour":"#fff","menu_item_background_colour":"rgba(33,33,33,0)","menu_item_background_hover_colour":"rgba(63,63,63,0)","menu_current_item_background_colour":"#f47500","menu_current_item_background_hover_colour":"rgba(221,51,51,0)","menu_border_width":"1","menu_border_width_unit":"px","menu_item_border_colour":"#222222","menu_item_border_colour_hover":"#222222","menu_current_item_border_colour":"#222222","menu_current_item_border_hover_colour":"#222222","submenu_links_height":"40","submenu_links_height_unit":"px","submenu_links_line_height":"40","submenu_links_line_height_unit":"px","menu_depth_side":"left","menu_depth_1":"15","menu_depth_1_unit":"%","menu_depth_2":"20","menu_depth_2_unit":"%","menu_depth_3":"25","menu_depth_3_unit":"%","menu_depth_4":"30","menu_depth_4_unit":"%","submenu_item_background_colour":"rgba(33,33,33,0)","submenu_item_background_hover_colour":"rgba(63,63,63,0)","submenu_current_item_background_colour":"rgba(0,0,0,0)","submenu_current_item_background_hover_colour":"rgba(0,0,0,0)","submenu_border_width":"1","submenu_border_width_unit":"px","submenu_item_border_colour":"#222222","submenu_item_border_colour_hover":"#222222","submenu_current_item_border_colour":"#222222","submenu_current_item_border_hover_colour":"#222222","submenu_font_size":"13","submenu_font_size_unit":"px","submenu_font":"","submenu_font_weight":"normal","submenu_text_letter_spacing":"","submenu_text_alignment":"left","submenu_link_colour":"#fff","submenu_link_hover_colour":"#fff","submenu_current_link_colour":"#fff","submenu_current_link_hover_colour":"#fff","inactive_arrow_shape":"\u25bc","active_arrow_shape":"\u25b2","inactive_arrow_font_icon":"","active_arrow_font_icon":"","inactive_arrow_image":"","active_arrow_image":"","submenu_arrow_width":"40","submenu_arrow_width_unit":"px","submenu_arrow_height":"39","submenu_arrow_height_unit":"px","arrow_position":"right","menu_sub_arrow_shape_colour":"#fff","menu_sub_arrow_shape_hover_colour":"#fff","menu_sub_arrow_shape_colour_active":"#fff","menu_sub_arrow_shape_hover_colour_active":"#fff","menu_sub_arrow_border_width":"","menu_sub_arrow_border_width_unit":"px","menu_sub_arrow_border_colour":"#1d4354","menu_sub_arrow_border_hover_colour":"#3f3f3f","menu_sub_arrow_border_colour_active":"#1d4354","menu_sub_arrow_border_hover_colour_active":"#3f3f3f","menu_sub_arrow_background_colour":"rgba(33,33,33,0)","menu_sub_arrow_background_hover_colour":"rgba(63,63,63,0)","menu_sub_arrow_background_colour_active":"rgba(33,33,33,0.01)","menu_sub_arrow_background_hover_colour_active":"rgba(63,63,63,0)","fade_submenus":"off","fade_submenus_side":"left","fade_submenus_delay":"100","fade_submenus_speed":"500","use_slide_effect":"off","slide_effect_back_to_text":"Back","accordion_animation":"off","auto_expand_all_submenus":"off","auto_expand_current_submenus":"off","menu_item_click_to_trigger_submenu":"off","button_width":"55","button_width_unit":"px","button_height":"55","button_height_unit":"px","button_background_colour":"#000000","button_background_colour_hover":"#000000","button_background_colour_active":"#000000","toggle_button_border_radius":"5","button_transparent_background":"on","button_left_or_right":"right","button_position_type":"fixed","button_distance_from_side":"3","button_distance_from_side_unit":"%","button_top":"15","button_top_unit":"px","button_push_with_animation":"off","button_click_animation":"boring","button_line_margin":"5","button_line_margin_unit":"px","button_line_width":"25","button_line_width_unit":"px","button_line_height":"3","button_line_height_unit":"px","button_line_colour":"#fff","button_line_colour_hover":"#fff","button_line_colour_active":"#fff","button_font_icon":"","button_font_icon_when_clicked":"","button_image":"","button_image_when_clicked":"","button_title":"","button_title_open":"","button_title_position":"left","button_font":"","button_font_size":"14","button_font_size_unit":"px","button_title_line_height":"13","button_title_line_height_unit":"px","button_text_colour":"#fff","button_trigger_type_click":"on","button_trigger_type_hover":"off","button_click_trigger":"","items_order":{"title":"on","menu":"on","search":"on","additional content":"on"},"menu_title":"Menu","menu_title_link":"http:\/\/localhost\/update\/","menu_title_link_location":"_self","menu_title_image":"","menu_title_font_icon":"","menu_title_section_padding":{"top":"10%","right":"10%","bottom":"10%","left":"10%"},"menu_title_background_colour":"rgba(204,16,35,0)","menu_title_background_hover_colour":"rgba(221,51,51,0)","menu_title_font_size":"25","menu_title_font_size_unit":"px","menu_title_alignment":"center","menu_title_font_weight":"400","menu_title_font_family":"","menu_title_colour":"#ffffff","menu_title_hover_colour":"#fff","menu_title_image_width":"","menu_title_image_width_unit":"%","menu_title_image_height":"","menu_title_image_height_unit":"px","menu_additional_content":"Food is home to 5,000+ of the web's best branded recipes! We cover everything. Lorem ipsum dolor sit amet, consectetur adipiscing elit. Aliquam dictum nisl quis libero adipiscinhere...","menu_additional_section_padding":{"top":"0%","right":"5%","bottom":"10%","left":"5%"},"menu_additional_content_font_size":"14","menu_additional_content_font_size_unit":"px","menu_additional_content_alignment":"center","menu_additional_content_colour":"#ffffff","menu_search_box_text":"Search","menu_search_section_padding":{"top":"5%","right":"5%","bottom":"5%","left":"5%"},"menu_search_box_height":"45","menu_search_box_height_unit":"px","menu_search_box_border_radius":"5","menu_search_box_text_colour":"#1d4354","menu_search_box_background_colour":"#ffffff","menu_search_box_placeholder_colour":"#1d4354","menu_search_box_border_colour":"rgba(255,255,255,0)","menu_section_padding":{"top":"0px","right":"0px","bottom":"0px","left":"0px"},"menu_width":"100","menu_width_unit":"%","menu_maximum_width":"350","menu_maximum_width_unit":"px","menu_minimum_width":"350","menu_minimum_width_unit":"px","menu_auto_height":"off","menu_container_padding":{"top":"0px","right":"0px","bottom":"0px","left":"0px"},"menu_container_background_colour":"#000000","menu_background_image":"","animation_type":"slide","menu_appear_from":"left","animation_speed":"0.5","page_wrapper":"body","menu_close_on_body_click":"off","menu_close_on_scroll":"off","menu_close_on_link_click":"off","enable_touch_gestures":"off","menu_id":"4446"}