{"last_tab":"","mt_enable_breadcrumbs":"","mt_breadcrumbs_delimitator":"/","mt_backtotop_status":"1","mt_backtotop_bg_color":{"background-color":"transparent","background-repeat":"no-repeat","background-size":"","background-attachment":"","background-position":"center center","background-image":"https://modeltheme.com/mt_winterzone/wp-content/themes/winterzone/images//images/mt-to-top-arrow.svg","media":{"id":"","height":"","width":"","thumbnail":""}},"mt_preloader_status":"1","mt_preloader_bg_color":{"background-color":"#5d294f","background-repeat":"","background-size":"","background-attachment":"","background-position":"","background-image":"","media":{"id":"","height":"","width":"","thumbnail":""}},"mt_preloader_color":"#ffffff","mt_preloader_animation":"v16_ball_scale_multiple","mt_dynamic_sidebars":[""],"mt_google_fonts_select":["Libre+Baskerville:regular,italic,700,latin-ext,latin","Montserrat:regular,700,latin"],"mt_global_link_styling":{"regular":"#5d294f","hover":"#967e8f","active":"#967e8f"},"mt_style_main_texts_color":"#5d294f","mt_style_main_backgrounds_color":"#5d294f","mt_style_main_backgrounds_color_hover":"#5d294f","mt_style_semi_opacity_backgrounds":{"color":"#5d294f","alpha":".95","rgba":"rgba(37,37,37,0.95)"},"mt_text_selection_color":"#ffffff","mt_text_selection_background_color":"#967e8f","mt_nav_menu_color":"#5d294f","mt_nav_menu_hover_color":"#967e8f","mt_nav_submenu_background":"#fafafa","mt_nav_submenu_color":"#5d294f","mt_nav_submenu_hover_background_color":"transparent","mt_nav_submenu_hover_text_color":"#967e8f","mt_body_typography":{"font-family":"Montserrat","font-options":"","google":"1","font-backup":""},"mt_heading_h1":{"font-family":"Libre Baskerville","font-options":"","google":"1","font-backup":"","font-size":"48px","line-height":"60px","letter-spacing":""},"mt_heading_h2":{"font-family":"Libre Baskerville","font-options":"","google":"1","font-backup":"","font-size":"36px","line-height":"48px","letter-spacing":""},"mt_heading_h3":{"font-family":"Libre Baskerville","font-options":"","google":"1","font-backup":"","font-size":"24px","line-height":"36px","letter-spacing":""},"mt_heading_h4":{"font-family":"Libre Baskerville","font-options":"","google":"1","font-backup":"","font-size":"18px","line-height":"30px","letter-spacing":""},"mt_heading_h5":{"font-family":"Libre Baskerville","font-options":"","google":"1","font-backup":"","font-size":"14px","line-height":"26px","letter-spacing":""},"mt_heading_h6":{"font-family":"Libre Baskerville","font-options":"","google":"1","font-backup":"","font-size":"12px","line-height":"24px","letter-spacing":""},"mt_inputs_typography":{"font-family":"Libre Baskerville","font-options":"","google":"1","font-backup":""},"mt_buttons_typography":{"font-family":"Montserrat","font-options":"","google":"1","font-backup":""},"mt_header_layout":"header1","mt_is_nav_sticky":"","mt_header_is_search":"1","mt_divider_header_info_1_status":"1","mt_divider_header_info_1_media_type":"font_awesome","mt_divider_header_info_1_faicon":"fa fa-phone-square","mt_divider_header_info_1_image_icon":{"url":"https://modeltheme.com/mt_shesaidyes/wp-content/themes/shesaidyes/images/working_time1.png","id":"","height":"","width":"","thumbnail":""},"mt_divider_header_info_1_text_1":"Call Us:","mt_divider_header_info_1_heading1":"(+04) 743 323 424","mt_divider_header_info_2_status":"1","mt_divider_header_info_2_media_type":"font_awesome","mt_divider_header_info_2_faicon":"fa fa-map-marker","mt_divider_header_info_2_image_icon":{"url":"https://modeltheme.com/mt_shesaidyes/wp-content/themes/shesaidyes/images/working_location1.png","id":"","height":"","width":"","thumbnail":""},"mt_divider_header_info_2_text_2":"Address:","mt_divider_header_info_2_heading1":"New Yok, Thomas Nolan 5322","mt_divider_header_info_3_status":"1","mt_divider_header_info_3_media_type":"font_awesome","mt_divider_header_info_3_faicon":"fa fa-envelope","mt_divider_header_info_3_image_icon":{"url":"https://modeltheme.com/mt_shesaidyes/wp-content/themes/shesaidyes/images/working_phone.png","id":"","height":"","width":"","thumbnail":""},"mt_divider_header_info_3_text_3":"Schedule:","mt_divider_header_info_3_heading1":"office@shesaidyes.com","mt_logo":{"url":"https://modeltheme.com/mt_shesaidyes/wp-content/themes/shesaidyes/images/logoshesaidyes.png","id":"","height":"","width":"","thumbnail":""},"mt_logo_max_width":"140","mt_favicon":{"url":"https://modeltheme.com/mt_shesaidyes/wp-content/themes/shesaidyes/images/faviconshesaidyes.png","id":"","height":"","width":"","thumbnail":""},"mt_header_main_background":{"background-color":"#fafafa","background-repeat":"","background-size":"","background-attachment":"","background-position":"","background-image":"","media":{"id":"","height":"","width":"","thumbnail":""}},"mt_header_main_text_color":"#5d294f","mt_header_fixed_sidebar_menu_status":"1","mt_header_fixed_sidebar_menu_bgs":{"color":"#fafafa","alpha":"1","rgba":"rgba(250,250,250,1)"},"mt_header_fixed_sidebar_menu_text_color":"#5d294f","mt_header_fixed_sidebar_menu_site_title_status":"site_title","mt_header_fixed_sidebar":"sidebar-1","mt_footer_top_background":{"background-color":"#5d294f","background-repeat":"no-repeat","background-size":"","background-attachment":"","background-position":"","background-image":"","media":{"id":"","height":"","width":"","thumbnail":""}},"mt_footer_top_texts_color":{"color":"#ffffff","alpha":"1","rgba":"rgba(255,255,255,1)"},"mt_footer_row_1":"0","mt_footer_row_1_layout":"4","mt_footer_row_1_spacing":{"padding-top":"90px","padding-right":"","padding-bottom":"90px","padding-left":"","units":"px"},"mt_footer_row_1margin":{"margin-top":"0","margin-right":"","margin-bottom":"0","margin-left":"","units":"px"},"mt_footer_row_1border":{"border-top":"0px","border-right":"0px","border-bottom":"0px","border-left":"0px","border-style":"solid","border-color":"#515b5e"},"mt_footer_row_2":"0","mt_footer_row_2_layout":"4","footer_row_2_spacing":{"padding-top":"0","padding-right":"","padding-bottom":"40px","padding-left":"","units":"px"},"mt_footer_row_2margin":{"margin-top":"0","margin-right":"","margin-bottom":"40px","margin-left":"","units":"px"},"mt_footer_row_2border":{"border-top":"0px","border-right":"0px","border-bottom":"2px","border-left":"0px","border-style":"solid","border-color":"#515b5e"},"mt_footer_row_3":"0","mt_footer_row_3_layout":"4","mt_footer_row_3_spacing":{"padding-top":"0","padding-right":"","padding-bottom":"40px","padding-left":"","units":"px"},"mt_footer_row_3margin":{"margin-top":"0","margin-right":"","margin-bottom":"20px","margin-left":"","units":"px"},"mt_footer_row_3border":{"border-top":"0px","border-right":"0px","border-bottom":"2px","border-left":"0px","border-style":"solid","border-color":"#515b5e"},"mt_footer_text":"Copyright 2017 by ModelTheme. All Rights Reserved.","mt_footer_bottom_background":{"background-color":"#5d294f","background-repeat":"","background-size":"","background-attachment":"","background-position":"","background-image":"","media":{"id":"","height":"","width":"","thumbnail":""}},"mt_logo_footer":{"url":"https://modeltheme.com/mt_shesaidyes/wp-content/themes/shesaidyes/images/logoshesaidyes.png","id":"","height":"","width":"","thumbnail":""},"mt_footer_bottom_texts_color":{"color":"#ffffff","alpha":"1","rgba":"rgba(255,255,255,1)"},"mt_contact_phone":"(+40) 74 0920 2288","mt_contact_email":"office@urbanpoint.com","mt_contact_address":"New York 11673 Collins","mt_mailchimp_apikey":"da1175811870557923759df1b4258d0a-us9","mt_mailchimp_listid":"7ffd6ecdde","mt_mailchimp_data_center":"us9","mt_blog_layout":"mt_blog_right_sidebar","mt_blog_layout_sidebar":"sidebar-1","mt_blog_display_type":"list","mt_blog_grid_columns":"","mt_enable_sticky":"1","mt_sticky_post_title":"Sticky Posts","mt_blog_post_title":"All Blog Posts","mt_single_blog_layout":"mt_single_blog_right_sidebar","mt_single_blog_layout_sidebar":"sidebar-1","mt_single_post_typography":{"font-family":"Montserrat","font-options":"","google":"1","font-size":"","line-height":"","color":"#5d294f"},"mt_post_featured_image":"1","mt_enable_related_posts":"1","mt_enable_post_navigation":"1","mt_enable_authorbio":"","mt_author_default_placeholder":{"url":"http://placehold.it/128x128","id":"","height":"","width":"","thumbnail":""},"mt_404_page":"","mt_elements_tabs_normal_color":"#666666","mt_elements_tabs_background":"#f8f8f8","mt_elements_tabs_border":"#f0f0f0","mt_elements_hover_tabs_normal_color":"#666666","mt_elements_hover_tabs_background":"#ebebeb","mt_elements_hover_tabs_border":"#e3e3e3","mt_elements_blockquotes_background":"#f6f6f6","mt_elements_blockquotes_border":"#5d294f","mt_elements_accordions_normal_color":"#666666","mt_elements_accordions_background":"#f8f8f8","mt_elements_accordions_border":"#f0f0f0","mt_elements_accordions_hover_color":"#666666","mt_elements_accordions_hover_background":"#f8f8f8","mt_elements_accordions_hover_border":"#f0f0f0","mt_social_fb":"http://facebook.com","mt_social_tw":"envato","mt_social_pinterest":"http://pinterest.com","mt_social_skype":"winterzone","mt_social_instagram":"http://instagram.com","mt_social_youtube":"http://youtube.com","mt_social_dribbble":"","mt_social_gplus":"http://plus.google.com","mt_social_linkedin":"http://linkedin.com","mt_social_deviantart":"","mt_social_digg":"","mt_social_flickr":"","mt_social_stumbleupon":"","mt_social_tumblr":"","mt_social_vimeo":"","mt_tw_consumer_key":"iSbkrNtDw51LUizz5ouEkQ","mt_tw_consumer_secret":"pZe6vUWyWdHmfDEbGfcAJpu9uJnGeEDrgujuySqk","mt_tw_access_token":"2385448772-FXizji2NK4imcKoohcVu036VykIp5goymadiiYF","mt_tw_access_token_secret":"2wUWJhhnd0ErTCgOYoVokrGKPWV055F9K4Xv5JpOmUL2e","mt_divider_breadcrumbs":"","mt_divider_preloader_status":"","mt_divider_preloader_styling":"","mt_divider_preloader_animation":"","mt_divider_sidebars":"","mt_divider_googlefonts":"","mt_divider_links":"","mt_divider_main_colors":"","mt_divider_text_selection":"","mt_divider_nav_menu":"","mt_divider_nav_submenu":"","mt_divider_4":"","mt_divider_5":"","mt_divider_6":"","mt_divider_7":"","mt_divider_generalheader":"","mt_divider_header_stat":"","mt_divider_header_info_1":"","mt_divider_header_info_2":"","mt_divider_header_info_3":"","mt_divider_logo":"","mt_divider_favicon":"","mt_divider_mainheader":"","mt_divider_fixed_headerstatus":"","mt_divider_fixed_header":"","mt_divider_footer_top":"","mt_divider_footer_row1":"","mt_divider_footer_row2":"","mt_divider_footer_row3":"","mt_divider_blog_layout":"","mt_divider_blog_elements":"","mt_divider_single_blog_layout":"","mt_divider_single_blog_typo":"","mt_divider_single_blog_elements":"","mt_divider_elements_tabs_normal":"","mt_divider_elements_tabs_hover":"","mt_divider_elements_blockquotes":"","mt_divider_elements_accordions_normal":"","mt_divider_elements_accordions_hover":"","mt_divider_global_social_links":"","mt_divider_twitter_keys":"","wbc_demo_importer":"","redux_import_export":"","redux-backup":1}