<?xml version="1.0" encoding="UTF-8" ?>
<!-- This is a WordPress eXtended RSS file generated by WordPress as an export of your site. -->
<!-- It contains information about your site's posts, pages, comments, categories, and other content. -->
<!-- You may use this file to transfer that content from one site to another. -->
<!-- This file is not intended to serve as a complete backup of your site. -->

<!-- To import this information into a WordPress site follow these steps: -->
<!-- 1. Log in to that site as an administrator. -->
<!-- 2. Go to Tools: Import in the WordPress admin panel. -->
<!-- 3. Install the "WordPress" importer from the list. -->
<!-- 4. Activate & Run Importer. -->
<!-- 5. Upload this file using the form provided on that page. -->
<!-- 6. You will first be asked to map the authors in this export file to users -->
<!--    on the site. For each author, you may choose to map to an -->
<!--    existing user on the site or to create a new user. -->
<!-- 7. WordPress will then import each of the posts, pages, comments, categories, etc. -->
<!--    contained in this file into your site. -->

<!-- generator="WordPress/4.9.6" created="2018-06-23 03:35" -->
<rss version="2.0"
	xmlns:excerpt="http://wordpress.org/export/1.2/excerpt/"
	xmlns:content="http://purl.org/rss/1.0/modules/content/"
	xmlns:wfw="http://wellformedweb.org/CommentAPI/"
	xmlns:dc="http://purl.org/dc/elements/1.1/"
	xmlns:wp="http://wordpress.org/export/1.2/"
>

<channel>
	<title>Devita Fashion</title>
	<link>http://127.0.0.1/wp/devita-demo</link>
	<description>Just another WordPress site</description>
	<pubDate>Sat, 23 Jun 2018 03:35:34 +0000</pubDate>
	<language>en-US</language>
	<wp:wxr_version>1.2</wp:wxr_version>
	<wp:base_site_url>http://127.0.0.1/wp/devita-demo</wp:base_site_url>
	<wp:base_blog_url>http://127.0.0.1/wp/devita-demo</wp:base_blog_url>

	<wp:author><wp:author_id>1</wp:author_id><wp:author_login><![CDATA[admin]]></wp:author_login><wp:author_email><![CDATA[demo@roadthemes.com]]></wp:author_email><wp:author_display_name><![CDATA[admin]]></wp:author_display_name><wp:author_first_name><![CDATA[]]></wp:author_first_name><wp:author_last_name><![CDATA[]]></wp:author_last_name></wp:author>


	<generator>https://wordpress.org/?v=4.9.6</generator>

	<item>
		<title>Jewelry Home 1</title>
		<link>http://127.0.0.1/wp/devita-demo/</link>
		<pubDate>Tue, 05 Jun 2018 07:43:21 +0000</pubDate>
		<dc:creator><![CDATA[admin]]></dc:creator>
		<guid isPermaLink="false">http://demo.roadthemes.com/devita/jewelry/?page_id=9455</guid>
		<description></description>
		<content:encoded><![CDATA[[vc_row el_class="home-sider full-width"][vc_column][rev_slider_vc alias="home_slider_1"][/vc_column][/vc_row][vc_row el_class="home-static-1" css=".vc_custom_1528356111939{margin-bottom: 30px !important;}"][vc_column width="1/3" el_class="box box1"][vc_single_image image="9753" img_size="full" onclick="custom_link" el_class="box-inner" link="http://demo.roadthemes.com/devita/jewelry/shop/"][/vc_column][vc_column width="1/3" el_class="box box2"][vc_single_image image="9753" img_size="full" onclick="custom_link" el_class="box-inner" link="http://demo.roadthemes.com/devita/jewelry/shop/"][/vc_column][vc_column width="1/3" el_class="box box3"][vc_single_image image="9753" img_size="full" onclick="custom_link" el_class="box-inner" link="http://demo.roadthemes.com/devita/jewelry/shop/"][/vc_column][/vc_row][vc_row el_class="our-service layout3" css=".vc_custom_1528357650755{margin-bottom: 30px !important;}"][vc_column][vc_row_inner el_class="our-service-inner" css=".vc_custom_1528357921455{padding-top: 20px !important;padding-bottom: 20px !important;background-color: #242424 !important;}"][vc_column_inner el_class="box box1" width="1/3" css=".vc_custom_1528357891931{padding-top: 0px !important;}"][vc_column_text el_class="box-inner"]
<h4>Free Shipping</h4>
Free shipping on all order

[/vc_column_text][/vc_column_inner][vc_column_inner el_class="box box2" width="1/3" css=".vc_custom_1528357899932{padding-top: 0px !important;}"][vc_column_text el_class="box-inner"]
<h4>Money Return</h4>
30 days for free return

[/vc_column_text][/vc_column_inner][vc_column_inner el_class="box box1" width="1/3" css=".vc_custom_1528357906893{padding-top: 0px !important;}"][vc_column_text el_class="box-inner"]
<h4>Online Support</h4>
Support 24 hours a day

[/vc_column_text][/vc_column_inner][/vc_row_inner][/vc_column][/vc_row][vc_row el_class="home-static-1"][vc_column el_class="box"][vc_single_image image="9719" img_size="full" onclick="custom_link" el_class="box-inner" link="http://demo.roadthemes.com/devita/jewelry/shop/"][/vc_column][/vc_row][vc_row el_class="owl-nav-bg1"][vc_column][vc_column_text el_class="title1"]
<h3>Featured Products</h3>
[/vc_column_text][vc_column_text el_class="category-links"]
<ul>
 	<li><a href="#">Smart Phones &amp; Tablets</a></li>
 	<li><a href="#">Laptops &amp; Computers</a></li>
 	<li><a href="#">Video Cameras</a></li>
</ul>
[/vc_column_text][featured_products_r per_page="6" columns="1" orderby="" order="" enable_slider="true" items="5" item_desktop="4" item_small="3" item_tablet="2" item_mobile="1" navigation="1" pagination="" speed="500" effect="fade"][/vc_column][/vc_row][vc_row el_class="newsletter"][vc_column][vc_column_text el_class="newsletter-inner"]
<div class="title">
<h3>Subscribe for Newsletter</h3>
Get E-mail updates about our latest shop and special offers.

</div>
[mc4wp_form id="9116"][/vc_column_text][/vc_column][/vc_row][vc_row][vc_column width="1/2" el_class="products-style2 layout3"][vc_column_text el_class="title1"]
<h3>Featured Products</h3>
[/vc_column_text][bestselling_products_r per_page="9" columns="3" enable_slider="true" items="2" item_desktop="2" item_small="2" item_tablet="2" item_mobile="1" navigation="1" pagination="" speed="500" effect=""][/vc_column][vc_column width="1/2" el_class="latest-posts style4"][vc_column_text el_class="title1"]
<h3>From Our Blog</h3>
[/vc_column_text][latestposts enable_slider="true" items="2" item_desktop="2" item_small="2" item_tablet="2" item_mobile="1" navigation="1" pagination="" speed="500" effect=""][/vc_column][/vc_row]]]></content:encoded>
		<excerpt:encoded><![CDATA[]]></excerpt:encoded>
		<wp:post_id>9689</wp:post_id>
		<wp:post_date><![CDATA[2018-06-05 07:43:21]]></wp:post_date>
		<wp:post_date_gmt><![CDATA[2018-06-05 07:43:21]]></wp:post_date_gmt>
		<wp:comment_status><![CDATA[closed]]></wp:comment_status>
		<wp:ping_status><![CDATA[closed]]></wp:ping_status>
		<wp:post_name><![CDATA[game-home-1-2]]></wp:post_name>
		<wp:status><![CDATA[publish]]></wp:status>
		<wp:post_parent>0</wp:post_parent>
		<wp:menu_order>0</wp:menu_order>
		<wp:post_type><![CDATA[page]]></wp:post_type>
		<wp:post_password><![CDATA[]]></wp:post_password>
		<wp:is_sticky>0</wp:is_sticky>
		<wp:postmeta>
			<wp:meta_key><![CDATA[_vc_post_settings]]></wp:meta_key>
			<wp:meta_value><![CDATA[a:1:{s:10:"vc_grid_id";a:0:{}}]]></wp:meta_value>
		</wp:postmeta>
		<wp:postmeta>
			<wp:meta_key><![CDATA[_wpb_shortcodes_custom_css]]></wp:meta_key>
			<wp:meta_value><![CDATA[.vc_custom_1528356111939{margin-bottom: 30px !important;}.vc_custom_1528357650755{margin-bottom: 30px !important;}.vc_custom_1528357921455{padding-top: 20px !important;padding-bottom: 20px !important;background-color: #242424 !important;}.vc_custom_1528357891931{padding-top: 0px !important;}.vc_custom_1528357899932{padding-top: 0px !important;}.vc_custom_1528357906893{padding-top: 0px !important;}]]></wp:meta_value>
		</wp:postmeta>
		<wp:postmeta>
			<wp:meta_key><![CDATA[_vc_post_settings]]></wp:meta_key>
			<wp:meta_value><![CDATA[a:1:{s:10:"vc_grid_id";a:0:{}}]]></wp:meta_value>
		</wp:postmeta>
		<wp:postmeta>
			<wp:meta_key><![CDATA[_edit_last]]></wp:meta_key>
			<wp:meta_value><![CDATA[1]]></wp:meta_value>
		</wp:postmeta>
		<wp:postmeta>
			<wp:meta_key><![CDATA[_wp_page_template]]></wp:meta_key>
			<wp:meta_value><![CDATA[page-templates/front-page.php]]></wp:meta_value>
		</wp:postmeta>
		<wp:postmeta>
			<wp:meta_key><![CDATA[slide_template]]></wp:meta_key>
			<wp:meta_value><![CDATA[default]]></wp:meta_value>
		</wp:postmeta>
		<wp:postmeta>
			<wp:meta_key><![CDATA[_devita_post_intro]]></wp:meta_key>
			<wp:meta_value><![CDATA[]]></wp:meta_value>
		</wp:postmeta>
		<wp:postmeta>
			<wp:meta_key><![CDATA[_devita_custom_sidebar]]></wp:meta_key>
			<wp:meta_value><![CDATA[]]></wp:meta_value>
		</wp:postmeta>
		<wp:postmeta>
			<wp:meta_key><![CDATA[_devita_custom_sidebar_pos]]></wp:meta_key>
			<wp:meta_value><![CDATA[left]]></wp:meta_value>
		</wp:postmeta>
		<wp:postmeta>
			<wp:meta_key><![CDATA[_wpb_vc_js_status]]></wp:meta_key>
			<wp:meta_value><![CDATA[true]]></wp:meta_value>
		</wp:postmeta>
		<wp:postmeta>
			<wp:meta_key><![CDATA[_wpb_shortcodes_custom_css]]></wp:meta_key>
			<wp:meta_value><![CDATA[.vc_custom_1528356111939{margin-bottom: 30px !important;}.vc_custom_1528357650755{margin-bottom: 30px !important;}.vc_custom_1528357921455{padding-top: 20px !important;padding-bottom: 20px !important;background-color: #242424 !important;}.vc_custom_1528357891931{padding-top: 0px !important;}.vc_custom_1528357899932{padding-top: 0px !important;}.vc_custom_1528357906893{padding-top: 0px !important;}]]></wp:meta_value>
		</wp:postmeta>
	</item>
	<item>
		<title>Header Jewelry 1</title>
		<link>http://127.0.0.1/wp/devita-demo/templatera/header-jewelry-1/</link>
		<pubDate>Thu, 07 Jun 2018 03:55:05 +0000</pubDate>
		<dc:creator><![CDATA[admin]]></dc:creator>
		<guid isPermaLink="false">http://demo.roadthemes.com/devita/jewelry/?post_type=templatera&#038;p=9524</guid>
		<description></description>
		<content:encoded><![CDATA[[vc_row el_class="header-block visible-large" css=".vc_custom_1528361561086{background-color: #ffe8e8 !important;}"][vc_column][vc_column_text el_class="header-block-inner"]
<div class="content">Get free shipping and a worry - Free 30 day money back guarantee when you ! <a class="link" href="#">Shop Online</a></div>
<div class="close"><i class="icon-x"></i>close</div>
[/vc_column_text][/vc_column][/vc_row][vc_row el_class="top-bar"][vc_column width="1/2" el_class="language-area"][vc_wp_custommenu title="Language:" nav_menu="48" el_class="language switcher"][vc_wp_custommenu title="Currency:" nav_menu="47" el_class="currency switcher"][/vc_column][vc_column width="1/2"][vc_wp_custommenu nav_menu="46" el_class="top-menu"][/vc_column][/vc_row][vc_row el_class="header-middle"][vc_column width="1/3"][roadproductssearch][/vc_column][vc_column width="1/3"][vc_single_image image="9752" img_size="full" onclick="custom_link" el_class="logo" link="http://127.0.0.1/wp/devita/glasses/"][/vc_column][vc_column width="1/3"][roadminicart][/vc_column][/vc_row][vc_row el_class="header-bottom" css=".vc_custom_1525857033504{background-color: #ffffff !important;}"][vc_column][roadmainmenu][/vc_column][/vc_row]]]></content:encoded>
		<excerpt:encoded><![CDATA[]]></excerpt:encoded>
		<wp:post_id>9524</wp:post_id>
		<wp:post_date><![CDATA[2018-06-07 03:55:05]]></wp:post_date>
		<wp:post_date_gmt><![CDATA[2018-06-07 03:55:05]]></wp:post_date_gmt>
		<wp:comment_status><![CDATA[closed]]></wp:comment_status>
		<wp:ping_status><![CDATA[closed]]></wp:ping_status>
		<wp:post_name><![CDATA[header-jewelry-1]]></wp:post_name>
		<wp:status><![CDATA[publish]]></wp:status>
		<wp:post_parent>0</wp:post_parent>
		<wp:menu_order>0</wp:menu_order>
		<wp:post_type><![CDATA[templatera]]></wp:post_type>
		<wp:post_password><![CDATA[]]></wp:post_password>
		<wp:is_sticky>0</wp:is_sticky>
		<wp:postmeta>
			<wp:meta_key><![CDATA[_vc_post_settings]]></wp:meta_key>
			<wp:meta_value><![CDATA[a:1:{s:10:"vc_grid_id";a:0:{}}]]></wp:meta_value>
		</wp:postmeta>
		<wp:postmeta>
			<wp:meta_key><![CDATA[_wpb_shortcodes_custom_css]]></wp:meta_key>
			<wp:meta_value><![CDATA[.vc_custom_1528361561086{background-color: #ffe8e8 !important;}.vc_custom_1525857033504{background-color: #ffffff !important;}]]></wp:meta_value>
		</wp:postmeta>
		<wp:postmeta>
			<wp:meta_key><![CDATA[_vc_post_settings]]></wp:meta_key>
			<wp:meta_value><![CDATA[a:1:{s:10:"vc_grid_id";a:0:{}}]]></wp:meta_value>
		</wp:postmeta>
		<wp:postmeta>
			<wp:meta_key><![CDATA[_edit_last]]></wp:meta_key>
			<wp:meta_value><![CDATA[1]]></wp:meta_value>
		</wp:postmeta>
		<wp:postmeta>
			<wp:meta_key><![CDATA[slide_template]]></wp:meta_key>
			<wp:meta_value><![CDATA[default]]></wp:meta_value>
		</wp:postmeta>
		<wp:postmeta>
			<wp:meta_key><![CDATA[_wpb_vc_js_status]]></wp:meta_key>
			<wp:meta_value><![CDATA[true]]></wp:meta_value>
		</wp:postmeta>
		<wp:postmeta>
			<wp:meta_key><![CDATA[_wpb_shortcodes_custom_css]]></wp:meta_key>
			<wp:meta_value><![CDATA[.vc_custom_1528361561086{background-color: #ffe8e8 !important;}.vc_custom_1525857033504{background-color: #ffffff !important;}]]></wp:meta_value>
		</wp:postmeta>
	</item>
	<item>
		<title>Footer Jewelry 1</title>
		<link>http://127.0.0.1/wp/devita-demo/templatera/footer-jewelry-1/</link>
		<pubDate>Thu, 07 Jun 2018 04:01:40 +0000</pubDate>
		<dc:creator><![CDATA[admin]]></dc:creator>
		<guid isPermaLink="false">http://demo.roadthemes.com/devita/jewelry/?post_type=templatera&#038;p=9526</guid>
		<description></description>
		<content:encoded><![CDATA[<p>[vc_row el_class="brands-logo" css=".vc_custom_1524550115305{padding-top: 30px !important;padding-bottom: 30px !important;background-color: #ffffff !important;}"][vc_column][ourbrands enable_slider="true" items="5" item_desktop="4" item_small="3" item_tablet="2" item_mobile="1" navigation="" pagination="" speed="500" effect=""][/vc_column][/vc_row][vc_row el_class="footer-top"][vc_column width="1/3" el_class="f-col"][vc_column_text el_class="footer-title"]</p>
<h3>About Us</h3>
<p>[/vc_column_text][vc_column_text el_class="footer-content about-us"]We are a team of designers and developers that create high quality Magento, Prestashop, Opencart [...].<br />
<a class="view-map" href="#"><i class="icon-map-pin"></i>View on map</a></p>
<div class="social-icons">
<ul>
<li class="facebook"><a title="facebook" href="#"><i class="icon-facebook"></i>face</a></li>
<li class="twitter"><a title="twitter" href="#"><i class="icon-twitter2"></i>twitter</a></li>
<li class="instagram"><a title="instagram" href="#"><i class="icon-instagram2"></i>instagram</a></li>
<li class="google"><a title="google" href="#"><i class="icon-google"></i>google</a></li>
<li class="rss"><a title="rss" href="#"><i class="icon-rss"></i>rss</a></li>
<li class="dribbble"><a title="dribbble" href="#"><i class="icon-dribbble"></i>dribbble</a></li>
<li class="vimeo"><a title="vimeo" href="#"><i class="icon-vimeo"></i>vimeo</a></li>
<li class="pinterest"><a title="pinterest" href="#"><i class="icon-pinterest"></i>pinterest</a></li>
<li class="skype"><a title="skype" href="#"><i class="icon-skype"></i>skype</a></li>
</ul>
</div>
<p>[/vc_column_text][/vc_column][vc_column width="1/6" el_class="f-col"][vc_column_text el_class="footer-title"]</p>
<h3>Information</h3>
<p>[/vc_column_text][vc_wp_custommenu nav_menu="49" el_class="footer-content"][/vc_column][vc_column width="1/6" el_class="f-col"][vc_column_text el_class="footer-title"]</p>
<h3>My Account</h3>
<p>[/vc_column_text][vc_wp_custommenu nav_menu="50" el_class="footer-content"][/vc_column][vc_column width="1/3" el_class="f-col"][vc_column_text el_class="footer-title"]</p>
<h3>Contact Us</h3>
<p>[/vc_column_text][vc_column_text el_class="footer-content contact-us"]Address: 123 Main Street, Anytown, CA 12345 - USA.<br />
Telephone Enquiry: (012) 800 456 789-987<br />
Email: Contact@plazathemes.com[/vc_column_text][vc_column_text el_class="footer-title"]</p>
<h3>Opening Time</h3>
<p>[/vc_column_text][vc_column_text el_class="footer-content time-work" css=".vc_custom_1524218330611{margin-bottom: 0px !important;}"]</p>
<ul>
<li>Open: <strong>8:00 AM</strong> - Close: <strong>18:00 PM</strong></li>
<li>Saturday - Sunday: Close</li>
</ul>
<p>[/vc_column_text][/vc_column][/vc_row][vc_row el_class="footer-middle"][vc_column][vc_wp_custommenu nav_menu="51" el_class="footer-menu-links"][vc_wp_custommenu nav_menu="52" el_class="footer-menu-links"][vc_single_image image="9306" img_size="full" alignment="center" el_class="payment"][/vc_column][/vc_row][vc_row el_class="footer-bottom" css=".vc_custom_1528352806073{border-top-width: 1px !important;background-color: #282829 !important;border-top-color: #2d2d2d !important;border-top-style: solid !important;}"][vc_column][vc_column_text el_class="copy-right"]Copyright © 2018 PlazaThemes. All Right Reserved.[/vc_column_text][/vc_column][/vc_row]</p>
]]></content:encoded>
		<excerpt:encoded><![CDATA[]]></excerpt:encoded>
		<wp:post_id>9690</wp:post_id>
		<wp:post_date><![CDATA[2018-06-07 04:01:40]]></wp:post_date>
		<wp:post_date_gmt><![CDATA[2018-06-07 04:01:40]]></wp:post_date_gmt>
		<wp:comment_status><![CDATA[closed]]></wp:comment_status>
		<wp:ping_status><![CDATA[closed]]></wp:ping_status>
		<wp:post_name><![CDATA[footer-jewelry-1]]></wp:post_name>
		<wp:status><![CDATA[publish]]></wp:status>
		<wp:post_parent>0</wp:post_parent>
		<wp:menu_order>0</wp:menu_order>
		<wp:post_type><![CDATA[templatera]]></wp:post_type>
		<wp:post_password><![CDATA[]]></wp:post_password>
		<wp:is_sticky>0</wp:is_sticky>
		<wp:postmeta>
			<wp:meta_key><![CDATA[_vc_post_settings]]></wp:meta_key>
			<wp:meta_value><![CDATA[a:1:{s:10:"vc_grid_id";a:0:{}}]]></wp:meta_value>
		</wp:postmeta>
		<wp:postmeta>
			<wp:meta_key><![CDATA[_wpb_shortcodes_custom_css]]></wp:meta_key>
			<wp:meta_value><![CDATA[.vc_custom_1524550115305{padding-top: 30px !important;padding-bottom: 30px !important;background-color: #ffffff !important;}.vc_custom_1528352806073{border-top-width: 1px !important;background-color: #282829 !important;border-top-color: #2d2d2d !important;border-top-style: solid !important;}.vc_custom_1524218330611{margin-bottom: 0px !important;}]]></wp:meta_value>
		</wp:postmeta>
		<wp:postmeta>
			<wp:meta_key><![CDATA[_vc_post_settings]]></wp:meta_key>
			<wp:meta_value><![CDATA[a:1:{s:10:"vc_grid_id";a:0:{}}]]></wp:meta_value>
		</wp:postmeta>
		<wp:postmeta>
			<wp:meta_key><![CDATA[_edit_last]]></wp:meta_key>
			<wp:meta_value><![CDATA[1]]></wp:meta_value>
		</wp:postmeta>
		<wp:postmeta>
			<wp:meta_key><![CDATA[slide_template]]></wp:meta_key>
			<wp:meta_value><![CDATA[default]]></wp:meta_value>
		</wp:postmeta>
		<wp:postmeta>
			<wp:meta_key><![CDATA[_wpb_vc_js_status]]></wp:meta_key>
			<wp:meta_value><![CDATA[true]]></wp:meta_value>
		</wp:postmeta>
		<wp:postmeta>
			<wp:meta_key><![CDATA[_wpb_shortcodes_custom_css]]></wp:meta_key>
			<wp:meta_value><![CDATA[.vc_custom_1524550115305{padding-top: 30px !important;padding-bottom: 30px !important;background-color: #ffffff !important;}.vc_custom_1528352806073{border-top-width: 1px !important;background-color: #282829 !important;border-top-color: #2d2d2d !important;border-top-style: solid !important;}.vc_custom_1524218330611{margin-bottom: 0px !important;}]]></wp:meta_value>
		</wp:postmeta>
		<wp:postmeta>
			<wp:meta_key><![CDATA[_wp_old_slug]]></wp:meta_key>
			<wp:meta_value><![CDATA[footer-jewelry]]></wp:meta_value>
		</wp:postmeta>
	</item>
</channel>
</rss>
