[{"wp_inactive_widgets":["categories-2","recent-posts-2","recent-comments-2"],"primary":["search-3","categories-4","recent-posts-3"],"footer-1":["text-2"],"footer-2":["text-3"],"footer-3":["text-4"],"footer-4":["text-5"],"footer-5":["text-6"],"footer-6":["text-7"]},{"search":{"3":{"title":"Search","custom_action":"1","custom_show":"0"},"_multiwidget":1},"categories":{"4":{"title":"Category","count":0,"hierarchical":0,"dropdown":0,"custom_action":"1","custom_show":"0"},"2":{"title":"","count":0,"hierarchical":0,"dropdown":0},"_multiwidget":1},"recent-posts":{"3":{"title":"Latest Posts","number":5,"show_date":true,"custom_action":"1","custom_show":"0"},"2":{"title":"","number":5},"_multiwidget":1},"text":{"2":{"title":"CALL US","text":"+1 4528 254 247<br>\r\n+1 4002 188 355","filter":false,"custom_action":"1","custom_show":"0"},"3":{"title":"FOLLOW US","text":"<a href=\"http:\/\/twitter.com\/surjithctly\" target=\"_blank\">Follow on Twitter<\/a><br>\r\n<a href=\"http:\/\/web3canvas.com\" target=\"_blank\">Like us on Facebook<\/a><br>\r\n<a href=\"http:\/\/surjithctly.in\" target=\"_blank\">Join on Linkedin<\/a>","filter":false,"custom_action":"1","custom_show":"0"},"4":{"title":"COMPANY","text":"<a href=\"#\">About us<\/a><br>\r\n<a href=\"#\">Latest from Blog<\/a><br>\r\n<a href=\"#\">Our Team<\/a>","filter":false,"custom_action":"1","custom_show":"0"},"5":{"title":"EMAIL US","text":"<a href=\"mailto:support@mail.in\" target=\"_blank\">support@mail.com<\/a><br>\r\n<a href=\"mailto:mail@mail.in\" target=\"_blank\">sales@mail.com<\/a>","filter":false,"custom_action":"1","custom_show":"0"},"6":{"title":"LEGAL TERMS","text":"<a href=\"#\">Terms of use<\/a><br>\r\n<a href=\"#\">Privacy Policy<\/a>","filter":false,"custom_action":"1","custom_show":"0"},"7":{"title":"LIVE CHAT","text":"<a href=\"#\" class=\"btn btn-success btn-small\">CHAT WITH US <\/a>","filter":false,"custom_action":"1","custom_show":"0"},"_multiwidget":1},"recent-comments":{"2":{"title":"","number":5},"_multiwidget":1}}]