{"last_tab":"","background_opt":{"background-color":"#ffffff","background-repeat":"","background-size":"","background-attachment":"","background-position":"","background-image":"","media":{"id":"","height":"","width":"","thumbnail":""}},"page_content_background":{"background-color":"#ffffff","background-repeat":"","background-size":"","background-attachment":"","background-position":"","background-image":"","media":{"id":"","height":"","width":"","thumbnail":""}},"menu_sidebar":"none-menu-sidebar","border_color":{"border-top":"","border-right":"","border-bottom":"","border-left":"","border-style":"solid","border-color":"#ebebeb"},"back_to_top":"1","primary_color":"#a16c21","sale_color":"#a16c21","saletext_color":"#ffffff","rate_color":"#a16c21","link_color":{"regular":"#a16c21","hover":"#292560","active":"#292560"},"text_selected_bg":"#91b2c3","text_selected_color":"#ffffff","header_layout":"Header Coffee 1","header_bg":{"background-color":"transparent","background-repeat":"","background-size":"","background-attachment":"","background-position":"","background-image":"","media":{"id":"","height":"","width":"","thumbnail":""}},"header_color":"#ffffff","header_link_color":{"regular":"#ffffff","hover":"#a16c21","active":"#a16c21"},"header_border_color":{"color":"#2d2d2d","alpha":"1","rgba":"rgba(45,45,45,1)"},"sticky_header":"1","header_sticky_bg":{"color":"#ffffff","alpha":"0.95","rgba":"rgba(255,255,255,0.95)"},"topbar_color":"#242424","topbar_link_color":{"regular":"#242424","hover":"#a16c21","active":"#a16c21"},"mobile_menu_label":"Menu","sub_menu_bg":"#ffffff","sub_menu_color":"#7a7a7a","vsub_menu_bg":"#ffffff","categories_menu_label":"CATEGORIES","categories_menu_items":"8","categories_more_label":"More Categories","categories_less_label":"Less Categories","categories_menu_home":"1","categories_menu_sub":"","social_icons":{"facebook":"https:\/\/www.facebook.com\/","twitter":"https:\/\/twitter.com\/","instagram":"","tumblr":"","pinterest":"https:\/\/www.pinterest.com\/","google-plus":"","linkedin":"https:\/\/www.linkedin.com\/","behance":"","dribbble":"","youtube":"","vimeo":"https:\/\/vimeo.com\/","rss":""},"footer_layout":"Footer Coffee 1","footer_bg":{"background-color":"#ffffff","background-repeat":"","background-size":"","background-attachment":"","background-position":"","background-image":"","media":{"id":"","height":"","width":"","thumbnail":""}},"footer_border_color":{"color":"#ebebeb","alpha":"1","rgba":"rgba(235,235,235,1)"},"footer_color":"#757575","footer_link_color":{"regular":"#757575","hover":"#a16c21","active":"#a16c21"},"copyright":"Copyright 2018 Plazathemes. All Rights Reserved","bodyfont":{"font-family":"Rubik","font-options":"","google":"1","font-backup":"","font-weight":"400","font-style":"","font-size":"14px","line-height":"24px","color":"#a4a4a4"},"headingfont":{"font-family":"Rubik","font-options":"","google":"1","font-weight":"500","font-style":"","color":"#242424"},"menufont":{"font-family":"Rubik","font-options":"","google":"1","font-weight":"500","font-style":"","font-size":"14px","color":"#242424"},"pricefont":{"font-family":"Rubik","font-options":"","google":"1","font-weight":"400","font-style":"","font-size":"14px","color":"#a4a4a4"},"page_layout":"full","box_layout_width":"1230","preset_option":"1","enable_sswitcher":"","brandscroll":"1","brandanimate":"2000","brand_logos":[{"title":"","description":"","url":"","sort":"0","attachment_id":"","thumb":"","image":"","height":"","width":""}],"categoriescroll":"1","categoriesanimate":"2000","cate_images":[{"title":"","description":"","url":"","sort":"0","attachment_id":"","thumb":"","image":"","height":"","width":""}],"sidebarshop_pos":"left","sidebarse_pos":"left","sidebarblog_pos":"right","custom-sidebars":[""],"shop_layout":"","default_view":"grid-view","product_per_page":"12","product_per_row":"4","product_per_row_fw":"4","product_excerpt_length":"80","second_image":"","upsells_title":"Up-Sells","crosssells_title":"Cross-Sells","bg_shop":{"url":"","id":"","height":"","width":"","thumbnail":"","title":"","caption":"","alt":"","description":""},"related_title":"Related Products","related_amount":"4","share_head_code":"","share_code":"","detail_link_text":"Quick View","quickview_link_text":"See all features","quickview":"","blog_header_text":"Blog","blog_layout":"sidebar","width_cate_thumb":"1170","height_cate_thumb":"700","readmore_text":"read more","excerpt_length":"22","blogscroll":"","blogpause":"3000","bloganimate":"2000","width_thumb":"370","height_thumb":"270","testiscroll":"1","testianimate":"2000","background_error":{"background-color":"#f2f2f2","background-repeat":"","background-size":"","background-attachment":"","background-position":"","background-image":"","media":{"id":"","height":"","width":"","thumbnail":""}},"enable_less":"1","page_wrapper_background":{"background-color":"#ffffff"},"redux-backup":"1"}